codon	PC1	PC2	PC3	PC4	PC5	PC6	PC7	PC8	PC9	PC10	PC11	PC12	PC13	PC14	PC15	PC16	PC17	PC18	PC19	PC20	PC21	PC22	PC23	PC24	PC25	PC26	PC27	PC28	PC29	PC30	PC31	PC32	PC33	PC34	PC35	PC36	PC37	PC38	PC39	PC40	PC41	PC42	PC43	PC44	PC45	PC46	PC47	PC48	PC49	PC50	PC51	PC52	PC53	PC54	PC55	PC56
TTT	-0.0689580106983562	-0.115511299484648	0.154815958540638	-0.132923725888011	-0.196582442536398	0.0688008488092769	-0.229946953885597	-0.0373844762461142	0.0104756616060936	0.0919593446886607	-0.127120965240678	-0.0131482772972233	-0.0860603117350237	-0.0832101412542176	-0.0654299753455519	-0.0350456240149426	-0.206430022994901	-0.591882775973746	-0.151630103570687	0.0669195258043049	-0.373170403873838	0.191034354973251	0.0948104675656425	-0.173490726295935	0.144173798482564	0.0126651281423906	-0.0816278162718551	0.100556036046209	-0.0979212389673641	-0.00300654425399136	-0.0772544970324424	0.0930483724083566	0.00415258682992563	0.313631155120954	0.0320012799944469	0.00625382037984282	-0.0347784328722947	0.0053314098858626	0.000337578273002039	-6.1913225780797e-05	-0.000742935199762604	3.12914692805852e-16	1.95373231481888e-16	-1.06441548283764e-16	-1.66967134562768e-17	7.65040157960084e-17	9.34040171596262e-17	1.94715933914819e-16	1.55799852186167e-16	7.87401827767598e-17	9.50303204183545e-17	-1.58564567726005e-16	6.92127561860434e-17	-1.60461921527855e-16	-2.26205230761944e-16	1.12011636944909e-16
TTC	-0.175080630773461	0.0586308892333396	0.0196071868320332	0.152413472328966	0.0819749105278514	0.0345174853514008	-0.0519711853446796	0.00734182155718581	0.0354284402569286	0.0488005587847765	-0.246480151803516	0.183084868370432	0.0875309641571014	0.163884234059705	0.100491822004957	-0.0250050097534819	0.136221298951068	0.15663640332684	-0.0450515687788679	0.0166466822594769	0.094694494150401	0.0130077778801322	0.00402350409853627	-0.00684137280608144	0.0715418118495576	-0.0507414345834006	0.0897626488167923	-0.0154799055682216	0.121349494163543	0.00427176201380446	0.426725412829618	-0.16532679057879	0.224828164158603	0.657295017329596	0.0502914341038364	0.034813345865684	-0.0540763564651346	-0.0117051889495099	0.00985743481198488	-0.00184914717499164	0.0441146164484012	0.0117531610856984	-0.0109940549142557	-0.000963880839064057	0.00549233530677943	-0.00958732009367608	0.01744944447688	-0.0184372086172963	-0.00735952496834175	-0.00264329364588185	-0.000316452083874964	0.0142214838554448	-0.00198782618151404	0.000100362334377752	-0.00293435725776117	0.00755291366679471
TTA	0.0810443217923383	0.0578381382142296	0.337853478816319	-0.0296356333251785	0.00308313303878587	0.0316996813793618	0.0377690618748059	-0.0235026821681971	0.0363767195163683	-0.0301744150653838	0.0532712940241541	0.00970219660259036	0.0117717737920064	0.0117194264978418	-0.0353188915831085	-0.0480583222858051	0.0442280207825174	0.0220379653246536	0.103043258226548	-0.111349805596061	0.085308892323836	-0.0886595400607232	-0.00724309314637414	-0.11776818804387	-0.127272374609487	-0.0576525333938276	-0.0269721520642549	0.0441450839564015	0.0337257875856585	0.260877184215492	-0.0438132428538608	0.134268934916912	-0.183119889742954	0.12647745201856	0.0429521644676507	-0.176928818051922	-0.184473791341313	-0.201970327804028	0.0640117347176729	-0.162733044822093	0.105844503847884	-0.0880775997756725	0.0820065707002997	-0.014700124720679	0.121627858817794	-0.0645792235741499	-0.0329001747549049	0.0777688394944408	-0.228151323125453	-0.305057802977999	-0.124520964174908	-0.0520589520037035	0.328524056982495	-0.281333216432925	0.174263387087735	0.207645098561796
TTG	-0.054539351181618	-0.0610278229945933	0.0348522159950694	-0.0324829906013319	-0.288807513142823	-0.0653040957181785	0.12317122413789	-0.351017206224131	-0.197036241730484	-0.385693407049272	0.123694204740682	0.277610363734368	0.0162815559572535	-0.247519611575954	0.0951434100958509	-0.0566136476865179	-0.0376782706106181	0.118943976804124	0.0575404632299904	0.0486295336830173	0.0646746222246938	0.0727817522355602	-0.0519960153546523	-0.241189759201774	0.250882542243763	-0.097181390225783	0.0156557987421478	-0.0134906625005635	0.0683030333837979	0.0268240545337488	-0.00325631843919046	0.00801140447515623	0.141619260459842	-0.015236498719927	-0.0726139077016789	-0.0809198095479595	-0.11222159041547	0.4387573608896	0.0100213565948069	-0.0152402665384748	0.00250269603281521	-0.00770649471541896	0.00717530002340035	-0.00128621163342766	0.0106420299101515	-0.00565046557203561	-0.00287865499889579	0.00680451274915081	-0.0199624759355406	-0.0266915351069374	-0.0108951669302623	-0.00455498378167265	0.0287447536657628	-0.0246157133168253	0.0152474621822451	0.0181682500297996
CTT	-0.183841981841158	0.118098092987202	-0.00408378228432886	0.0106809929455616	0.0169709635545787	0.0134080856350828	-0.188113142901568	-0.115967943031756	-0.0155913667436036	0.0133141300463617	0.0446003458661746	-0.109723826769849	-0.0908841786797087	-0.142327593495985	-0.0525606141060546	0.0307062969723808	0.0905884745836951	-0.192183792706656	-0.166733948278874	-0.00261261253747057	-0.0929951356816347	0.117853970568409	-0.0399941349520769	0.0188189725484127	0.00478824076855219	-0.0944127381744722	0.062907160106732	-0.00997443862764569	0.0315678499475518	0.13895198493619	0.620412706604016	-0.295968150140701	0.0349478504162282	-0.454778931064551	-0.091161814934685	-0.0127141396816678	-0.00149607769469474	-0.0515584829573028	0.0158883596750379	-0.0406655260017464	0.0266564330236141	-0.0220154084316309	0.0204979262904839	-0.00367436499797788	0.0304014527570953	-0.0161418792837626	-0.00822355271426577	0.0194386855350808	-0.0570274913895995	-0.0762506260947349	-0.0311245979862432	-0.0130123787864702	0.0821161261490636	-0.0703205546124093	0.0435579494807654	0.0519018645524752
CTC	-0.197036215307626	-0.00541931676688689	-0.00757929240509085	0.138560965013337	0.102894611791529	0.0290991544230287	-0.0949711891749455	0.0372894676538235	0.0467628631985172	0.0616719162146992	0.003578654852536	-0.0946784144016482	-0.0458346304855559	0.0340312228283448	0.033410902219645	-0.0239106978423186	-0.0987569894418928	0.023831347121622	-0.00426359392091327	0.0506958756621999	-0.0123928943719929	-0.0245092849082045	0.0520848824860326	0.127878413928412	-0.0842381521550975	-0.0254840672973584	-0.213229595019523	-0.000531857759966656	0.0263360512855745	-0.1180035557054	-0.134339230445294	0.0238407734347456	0.287231216090342	0.00164811002045832	-0.594117352812167	-0.461108228931622	-0.234187152687119	0.0334874959693028	0.0208600037902726	0.0312705420088645	-0.0398847424614024	-0.0778084443680078	-0.146053150172684	-0.0250214194479924	-0.0928641187780989	-0.0664843245452531	-0.0286549908040344	-0.107988760810481	-0.0526562098755079	-0.00759669962462918	-0.0783686828232779	-0.0246243142717378	0.038716767040515	-0.0114987168851268	-0.000898945359865849	-0.00984190940905328
CTA	0.0774297506267554	-0.0210441459942563	-0.315696990108112	0.0187374992981885	-0.0906159425839611	0.0195661840351017	-0.0618027088552516	-0.0267629362600328	-0.0574301725836956	0.0805857281865033	-0.0678359400306584	-0.0031472654791101	0.0444207115859332	0.0691106961935739	-0.0382146612523843	-0.334339328309091	0.151586618377112	-0.0984940048789735	0.222285874681728	-0.0283115424856171	-0.101491048051958	-0.145576695587796	-0.131318384997776	0.02763667042079	0.0719024473208446	-0.115616992334029	-0.217933178006529	0.0189831251634237	0.120180487933278	0.225232914212069	-0.0103088976068611	-0.0940392818274691	-0.142052181862539	0.0220058075759045	0.100105038846792	0.114769141527165	0.101178295402083	0.106200507034267	0.0480810508107827	0.0719316864186409	-0.0917909889351961	-0.179179596715372	-0.336335532210068	-0.0576200678776309	-0.213850250922507	-0.153102077244595	-0.0659875639187147	-0.248679725818689	-0.121258284067854	-0.0174939055286972	-0.180469730470073	-0.0567056022831461	0.0891581210855684	-0.0264795867717977	-0.00207011807469305	-0.022664241306288
CTG	-0.117426406456263	-0.271025496999108	0.033299759358854	0.0462956120027817	0.114314369264041	-0.0182863844986367	-0.0965882132654935	0.0285662946366162	0.00200801356826566	0.0348507511586608	-0.00375743847841169	-0.0581352746862672	0.0176139272428858	-0.00302827169077829	-0.026261943945945	-0.0105770920503888	0.0954149484135358	0.0966596709679448	0.00214169454290783	0.00463243497960103	-0.0198639924864494	0.0636841615917965	0.0279208267974133	-0.054265078823807	0.0378271083066166	-0.00574582044471604	-0.0936721172014165	0.00746042471331682	0.00838152168089995	-0.0617155606889944	-0.0470987252819864	-0.0907670897039582	-0.0377319775684237	-0.0406666021892162	0.157463039121877	-0.029106481917481	-0.0974002712024818	0.0723472808459781	0.130830775672632	-0.0618657115776298	-0.0936846863894182	-0.0424272863475313	0.359923420369006	0.498899036520452	0.0729645661370962	0.165288064493311	0.01009579414208	-0.379993160644534	0.162019659854767	-0.0310542568815444	-0.0890489190546254	-0.00846287653028577	0.019622143419552	-0.0196060333689474	0.0931500416324871	-0.00713866839031531
ATT	-0.144010996933659	0.132873290313552	0.0371498595477255	0.0866799398922331	-0.197549632155526	-0.159079659261234	-0.0180598244199802	0.157102812910632	-0.167228656140148	0.198528613832163	-0.0778443090333661	-0.0445399792186877	0.0227493768541947	0.0144579785643737	-0.0419095355135085	0.108114735416161	0.15899402958413	-0.15662636788363	-0.0849337290661605	-0.155841622412559	0.168831769846587	-0.0948703553462345	-0.0116987704345272	-0.0609067499670803	0.00134771929623269	-0.00639386675749066	0.0545774536050117	-0.138898216286673	0.0157592311912039	0.0542230285957479	-0.192715845913703	-0.0495603605231726	0.290877090891455	-0.109084159096933	0.298594127591691	-0.113098191253234	-0.142990214152315	0.0801063619559762	0.0842579604667928	0.0588412966507103	-0.0616368622032472	0.0977637193203411	0.189032929786342	-0.0749669641593599	-0.181472767247396	-0.252838555138175	0.0368513332295336	0.172507284213133	0.0843403000514545	-0.0736680014166199	-0.288341026060451	-0.0578054833826747	-0.0196760665876774	0.0265780466151184	-0.0704425155840998	-0.0153484688835927
ATC	-0.138105244683218	-0.249077591175113	0.0300141240722524	0.0171486285229671	0.074655183393804	-0.0257183472228595	-0.131425713240164	-0.0461667386953289	-0.00488982593557677	-0.0236098728492539	0.0299028941135821	-0.0359218725414962	-0.0160425779270635	-0.0547762864786211	-0.0127071732830793	-0.00286368479878206	0.0975106052233772	0.136047094436361	0.0106034163763181	0.00370279322054023	-0.0414186424601027	0.0998481281496829	-0.0273427283046564	-0.0652208831029668	-0.0244568099091182	0.0941293958823575	-0.0937110788785367	-0.0501790138021668	0.0977975476375972	0.0407802875866789	0.0081572728797913	0.10637373069783	-0.203772152355844	0.0607734916399117	-0.256331047205272	0.13665921557024	0.267233798418405	0.00952672734726495	0.0113903953560794	-0.0469488914823575	0.25692346770399	0.0908647536088116	0.211331899219259	-0.096569730249327	-0.247899149015325	-0.321797390992085	-0.094465237184405	0.0178590947160672	0.113916074254716	-0.31238666828254	0.0311368132475864	0.0342685458736703	-0.195899972032893	-0.0357335805715775	0.114518514890265	0.0437288675846042
ATA	-0.0846373880217558	0.0165286134099442	0.0363562237942827	-0.115280935092802	-0.126243093983552	0.476754344147867	0.00845911202644573	0.036478707551051	0.193484570636197	0.000294212596778323	0.0509388219531415	0.00812628578576202	-0.0856549939405018	0.138911486281943	0.0553292491389902	-0.200666144910544	-0.354034268984227	0.177019686035775	0.142211186851725	0.170412837668881	-0.0577303183444108	-0.0161976767814618	0.0203929996607327	0.149594707152944	0.005392299065445	-0.0285815222039548	0.0811641297875494	0.0568924417137639	0.0114759163489221	-0.166776881451142	0.180056614245304	0.0442621438001176	-0.110942159157132	-0.0670815264173408	0.186832800180622	-0.135182045173515	-0.00263132283944962	0.117799730646683	0.015365189780363	-0.0863306244558396	-0.101808717460951	0.0754318044479514	0.166473079866031	0.0112519533561267	-0.173488545211837	-0.169572030450722	0.0508586908003006	0.149255412459279	0.0277105909230446	-0.00831991540662103	-0.203654546514551	-0.140344522720447	0.111885798721753	0.0442762263846681	-0.0666767088933461	-0.0799785795388813
ATG	-0.181046038535555	0.0951313272488687	-0.0342478955896573	-0.13121718887872	-0.0620792680512302	0.114736538182554	0.108765146302653	-0.00245284628510557	0.0832773528344357	-0.126748476556641	-0.0113151246154701	0.0202525542747567	0.0723583311950873	-0.0671926238474983	0.0842262815323982	-0.157423930921392	0.00665545165172129	-0.12028754026456	-0.050276329627491	-0.146248535248973	0.130508825095758	0.0446476045029687	-0.0552158592161778	-0.121245478661589	-0.0681051826020392	-0.0469466049529208	0.0197699897502808	-0.291951281069365	0.0227734596805039	-0.0711748143192623	-0.0338636637265517	0.0205776684910646	-0.0455018146899777	0.00475305006291714	-0.00431020756572065	-0.0813785296666006	0.0656448367022796	-0.225606309026698	-0.187882807100757	0.133368788365545	0.116866630367512	0.123011914923824	0.0703199082559509	0.0420890845751632	-0.0120762304579023	-0.0223307741739499	0.181039563515883	-0.11784808924748	0.0279004706990469	0.330418662232365	0.108227795263055	-0.0586611032849801	0.0691529700943715	-0.300737137830961	0.149821316611928	-0.0793003184824831
GTT	0.0716897036321446	0.0693090228506656	0.317937340888912	-0.00974726615005979	0.0457150619255257	-0.125744029667862	-0.0204106515048226	-0.0588991418316782	-0.00440117488281785	-0.016986631362048	0.0205741251834122	0.0173575739013773	0.0254315034597518	-0.00520986899245857	-0.0492736946297811	-0.24486585818979	0.172134074140667	0.00219793263800411	0.0124325829615213	-0.0672488394693325	-0.180310528867558	0.047774470670237	-0.2124295161318	0.253746384222087	0.232928406881899	0.0917337364596353	0.0997369165093828	-0.0843726125224937	0.102970449522955	-0.209219263265629	-0.0625320869356369	-0.0417267218404716	0.0402440946221583	-0.0123857830969037	0.0379666423604612	-0.185633470006702	0.204394167659233	-0.0533326178581676	-0.0529183673776856	0.0222613825403986	-0.0122626867165464	0.238594212460862	-0.0206295173885424	-0.081316014059892	0.138420188914985	0.186940080944838	-0.322324336481686	-0.12869188020031	-0.0689913600087134	-0.113615585901542	-0.0240415493704252	-0.0673722659019012	0.174473634841686	0.00954704811475409	-0.162675778078432	-0.171526634433782
GTC	-0.131664648182377	-0.240800480239678	0.0396390170793051	-0.0744855200573352	0.0437410092774036	0.11583198190007	-0.166805627586718	-0.0407263781847995	0.0413191535921869	0.0257545376053099	0.0215049805136439	-0.103620799119807	-0.0289441597002357	-0.0486498182071527	-0.0573164417638644	0.0190230247526554	0.0419290263547304	0.115482865398864	0.0383789384014576	-0.0139818871949591	0.0469267448632261	0.000946226964184699	-0.0292827243343191	-0.0179652627541066	0.0505625718816305	-0.0578249532392277	-0.0652990147817688	-0.0577963457518815	0.0396341121881117	-0.0774844775966326	-0.111438877912083	-0.208541618610097	-0.0375179289681874	-0.0187104261438706	0.214605035551011	-0.072157928986334	-0.161402263173991	-0.00295480814657932	0.243948696509721	0.00523631469530649	0.249853661680493	0.0655093569390555	-0.281697419264381	-0.223066340984124	-0.00616243885335835	0.0260746821305437	0.0229565727132149	0.234882851026706	0.228573610598324	0.0308385269501124	0.39921806217751	-0.0339685904533012	0.144448161763191	0.0427629470590046	-0.06400239441615	-0.0299638089600884
GTA	-0.100066637882182	6.93942509663268e-05	-0.00740042156170192	-0.189987394412864	-0.0167101638817676	-0.0391344604868271	-0.383347147213114	-0.304161841892696	0.0364125135781182	-0.0937840950610515	0.0803315687504221	-0.172826619114798	-0.171047479891226	-0.295847611664567	-0.0366617954281233	0.167230438413611	-0.0556419586531772	0.0436619905306363	0.0965976072828145	-0.134238551735611	0.163103975997641	-0.153651544268411	-0.114180465363324	0.245821797229979	-0.280906501220502	0.0349371927340679	-0.042526101220827	-0.081004042364159	0.0882852810448203	0.00211546588376108	0.00813255094403993	0.118667255098774	0.0526707238121536	0.219515561816587	0.0874291765837916	0.141656914824332	-0.0243108484556311	0.00286309837049039	-0.152423708923769	0.0332948908365842	-0.381817725088752	0.0243244444585643	-0.00210315893553673	-0.00829008737135678	0.0141118016337664	0.0190583567352149	-0.032860647957666	-0.0131200101625349	-0.0070336010557191	-0.0115829968396603	-0.00245101222838025	-0.00686853600965335	0.0177874148598449	0.000973312131987827	-0.0165846350077653	-0.0174869710770572
GTG	-0.190939637514038	0.0564167888312779	0.0175134151578254	0.132654169134156	-0.0274573692866062	0.20267902980187	0.0781849545538766	0.0676429865181064	0.0109455982700895	0.0295761644152057	-0.00441012137855445	0.0300129252004342	0.0206835185520418	0.0710728703764227	3.83796088609251e-05	-0.028056338621809	-0.032759711704635	-0.0519351737891452	-0.0535904242348855	0.0350802992158565	0.0423403213591163	0.00918822812563169	-0.064132474058163	-0.0428019093772124	0.0237725667999836	0.0179305411185049	0.0116821010760266	-0.0630592113980033	0.175088879914676	0.0002036668306937	-0.0866094308849991	0.0914752121486132	-0.0911698861745396	-0.101852827101041	-0.189552755043691	0.588561023901043	-0.52404776994962	-0.0109796453898717	-0.0294038951006122	0.0127277536365214	-0.0108448582564754	0.140148277106966	-0.0121176087623104	-0.0477643575431194	0.0813068799664948	0.109807065294819	-0.18933066297643	-0.0755925514777017	-0.0405249571679094	-0.0667368602631611	-0.0141218082722761	-0.03957391461242	0.102484377435027	0.0056078575039186	-0.0955544134519489	-0.100753333645065
TCT	-0.100759630809339	-0.245289575275807	0.0684263230346493	0.0731111301348595	-0.0307447725154804	0.255045038913695	0.087606209142967	0.0924128838408163	0.0354641961196384	0.000529779192488422	-0.0258302776835841	0.022103176075906	0.0586146619643061	0.0220299009788775	-0.0468662665038	0.0762139822952246	-0.0871195976321353	-0.165917214578322	0.0442631736799997	-0.0479425371354864	0.104749261041388	-0.0940143866556553	-0.081715081742175	0.00919170627675968	-0.0144110126054344	0.133425315605983	0.0920752596115638	-0.10952360558939	0.239472065961889	0.0147446910922191	-0.0650965068667543	-0.0981622725888551	0.148132248523097	-0.0581682195155868	-0.0164321667418508	0.0174087792129918	0.25528086325568	0.0849633535740401	-0.0106130366458217	0.0434183833552956	-0.048588913964259	0.0966641185468486	0.152992566668206	-0.264220322468703	-0.115314993855694	0.0579387350081347	-0.106806326850595	-0.164011260093491	-0.218125430377259	0.188315937318969	0.0169187860007006	0.269478670652319	0.0499633592729931	0.0230767975074782	0.2261625225407	0.215368039334125
TCC	-0.182336546963597	0.14338284235303	-0.016073126776711	0.14930522559932	-0.00514386378336121	0.043480275642394	0.0397183754426146	0.00378925113453628	-0.019069169762918	-0.0031953044810169	0.0116023316528172	0.0354252091400727	-0.00283560576372402	0.0449273889789096	0.0480454568893926	-0.0831478437193053	-0.0266658629028649	0.0343381844230032	-0.0570298565379459	0.0765977857254603	-0.0252268832091689	0.0619129813375708	0.0160782994032471	-0.0213989404845675	0.0272497222489868	-0.0497461609116164	-0.0502906988946452	0.0485309143725409	-0.0137265833984374	-0.0318093534189627	-0.0165058125761098	0.141784536040344	-0.0290347619954811	-0.0530737539061333	0.125308422043704	-0.0512046452750982	0.0750094823929602	-0.0429646839243835	-0.239846703247711	0.0784696429682945	-0.174993390371651	0.0800435956965152	-0.159005760440373	-0.140259345199226	0.0607189854801837	0.0864671509989648	-0.0682090408791316	-0.0452107671448062	0.515155648408501	-0.221714295242388	-0.121226393392173	0.330520590374696	-0.0407484769563103	-0.25449044070726	-0.112369909900666	0.312768990908954
TCA	-0.10878266186122	0.0922000959241205	0.0268310498341129	-0.122488156912925	0.109255666730328	-0.0719507662887936	0.179167372880918	-0.0793002562106715	-0.189626529489802	0.0712244747448513	-0.193630808121896	-0.024059406830162	0.288396996543606	-0.13350995075708	-0.478698042978721	-0.133094693849119	-0.318335000398255	0.230289611426303	0.112306487663077	0.0939530665089262	-0.195973966500349	0.23279708189073	-0.0421827335491734	-0.0249146665239342	-0.248462601370734	0.205972813828837	-0.0897154820391569	-0.112452858923622	-0.0333304367677353	0.166251133571632	-0.00349388705011291	-0.104285550642372	0.172490744550714	-0.00606614684291445	0.078643217384374	0.0377299670158649	-0.0413988455361403	-0.0214871784350337	-0.00751494466619511	0.00195650575275368	0.0137108682165457	0.019596192840473	-0.0183305256030734	-0.00160709060820802	0.0091574395204355	-0.0159850589989515	0.0290936775591628	-0.0307405890951652	-0.0122706282541663	-0.00440719663765578	-0.00052762452715376	0.023711658342556	-0.00331432751600053	0.000167335378460816	-0.0048924906471243	0.0125930676558272
TCG	-0.00270021269285644	0.0225931776050013	0.0908758331891836	-0.0596114827328822	0.0661725487212964	-0.0171592561049524	-0.306479554280055	-0.247345486712915	0.13551007051373	-0.00334370527800781	-0.655581704855051	0.410459860507991	0.14112072308737	0.131198454864163	0.122776415417269	0.0986667125794215	-0.0513885392932425	0.00527195576739347	0.0408407693543366	-0.0120494058210311	0.0817061054433073	-0.0728096766153052	0.00795781417430791	0.0423594859727553	-0.0115330759401051	0.000722806872485032	0.00963127284909618	-0.0133053988228811	-0.0882385146256654	0.0324846107637607	-0.124979076591369	0.0411014861596602	-0.100066635768529	-0.301974352391269	-0.0410961300464315	-0.0148700262907709	0.0244586745796697	0.00706639802800889	0.00241156893125429	-0.000630163290856581	-0.0044203923476063	-0.00629664804377423	0.005889963888371	0.000516390301765063	-0.00294246816775771	0.00513631863570361	-0.00934837952353388	0.00987756508451792	0.00394279787004835	0.00141612027973667	0.000169536295840555	-0.0076190292845521	0.00106495960924348	-5.37681983441285e-05	0.0015720549350166	-0.00404640408806406
AGT	-0.0635498496405289	-0.0036431937457953	-0.0443048036619	-0.286611988640282	0.142390943095924	-0.182119685392113	0.293202009448071	0.0604019087751775	-0.0244304804580725	-0.0846622740708922	0.0180767878618162	0.216346750292022	-0.0948591216607391	0.0489837805086001	0.0359329387722073	0.106200161362852	-0.191040993338475	-0.229707569395063	0.0169894749796308	-0.07716760238378	-0.0162894044267714	-0.215505630374631	0.139128661325719	0.251194221821274	-0.024864916312884	0.0367337563498516	0.0400981560710167	0.19218473315031	0.184848020891492	0.0290764016691256	0.10522013133722	0.0762689106225413	0.205580652932235	-0.0346115163107896	0.0761581664923013	0.0416753402592927	-0.0245003378736467	-0.00257878380823435	-0.0235230234600124	-0.140844357782742	0.130350272474245	0.019374568442738	-0.10738137922647	0.0504336353793741	-0.00653899352548139	-0.12098747253464	-0.166594516118454	-0.140416860643975	0.207606652755139	-0.0588956678667302	0.090282539749466	-0.19622961699784	0.0391949302258537	-0.0157790016522866	0.200295480458721	-0.0156043911320562
AGC	-0.0226695029754113	-0.0132351401280111	-0.063030459444491	-0.100877736130061	-0.0245019731974997	1.18127096356701e-08	-0.313735457693484	-0.159344645178381	-0.167280568329904	-0.0549193410163613	0.431737391945561	0.0666252139124893	0.55314933307591	0.487386461105216	-0.0292472380368457	0.0199519548566322	-0.119007430024398	-0.0402950059910831	-0.197814483554699	-0.163795664959149	-0.0150815646994531	-0.0321615122567325	-0.0140022707594481	0.0159983227237526	-0.0468189449893834	-0.0015060842939269	0.0565193097614802	0.0450553850715745	-0.0242475276212974	-0.0146855076237449	-0.00301782746673601	0.00944490203307864	0.00377628113903922	0.000639718422024427	-0.00697069106744432	-0.0135610613711114	-0.0130296769792144	-0.00461484013478957	-0.00464893692368508	-0.0135649045372577	-0.0027488518983708	0.00972754404968195	-0.00177357654748211	-0.00249790198551685	-0.00126708916865297	-0.0167282916242596	-0.000402974484477424	-0.0183752047977326	-0.0012237661123523	-0.00667638819794956	0.0179319834332764	0.00616512462154879	0.00119820385604051	0.00802286339659514	0.00985940623034372	-0.00323461229449426
CCT	0.0562140353743411	-0.0085503939148026	-0.335350164983687	0.0682698778116464	-0.13285320682767	0.0104823230510413	-0.0144540972814302	-0.019158066054528	-0.0259265657419518	-0.00890047862086348	-0.102277865678256	-0.019583629467495	-0.00564904722600101	-0.0925538498216662	0.0412998691164179	0.0340834575579296	-0.0940235282026391	0.137504879431207	-0.223440341974089	-0.0372216789247515	-0.108423632677816	-0.00382884454134739	-0.0108844423534541	0.0881807528509428	0.157373192303874	0.0443992949366918	0.0166915525228506	-0.108838450574639	-0.0490334123472105	-0.224500962173669	-0.0729018018739455	-0.0381230637992945	0.0306506961190925	-0.00248951997096905	0.117928229463654	-0.0226147354704078	-0.0921630076385514	-0.160349841266314	-0.225888452123551	-0.160650320087797	0.0481273866098745	-0.0423585655242218	-0.0177968823575798	0.164469006787712	0.0745939268613274	-0.309929863401541	-0.088417084553219	0.0204514593240286	-0.345132983934519	-0.0873605014175561	0.132896356434197	0.196418224520708	-0.00608993797046942	-0.256963585417519	-0.0528272476815666	-0.0494015579710511
CCC	-0.136294570021236	0.077084967367267	-0.0857453339572138	-0.161484386997839	0.0931343946173012	-0.0538642828410996	-0.0753143002914032	-0.00840135147172213	-0.0723277530030854	0.0335149875768614	0.115773853324477	0.0577946264264274	0.0152567489345027	0.119903633190514	-0.0243175089234688	0.0464580728758024	0.224948580930697	-0.264168826303761	0.497868439623415	0.471125732518901	0.252388229109127	0.263906258043257	-0.100634557742772	-0.0401778416071948	-0.0473600103546603	0.046539675906291	0.175564170752604	0.048073328536949	-0.117328881674089	-0.173524130786236	-0.0515927975913106	-0.012503630489639	0.0410141622915001	0.00205486186898389	0.0013483472992917	-0.00886848683404978	-0.0277666528350211	-0.0511998981824983	-0.071689755343924	-0.0509912431163855	0.0152723762433438	-0.0134422315279165	-0.00564773169641178	0.0521932327274551	0.0236719261626802	-0.0983543453301479	-0.0280586206562662	0.00649014545027846	-0.10952584018256	-0.027723320464621	0.0421738453674368	0.0623321214406991	-0.00193260454353416	-0.0815458211740105	-0.0167644037405406	-0.0156772820766776
CCA	-0.141511946273417	-0.241381385208981	0.0154540842343308	-0.0285612435530685	0.12738579924931	-0.0817821330962557	0.0408788212445606	0.018398005017322	-0.0215071017313893	-0.0463258615121242	0.0371777470093684	0.062453599791815	0.00102283187110386	0.0363779006058739	0.0321945787144341	0.00911418198266988	-0.08359790415602	-0.00790692221644862	0.0240928913242764	-0.00283397649563866	-0.0283281828962468	-0.033111904286222	0.0825174116670941	0.0808608632383683	-0.0017703356074921	-0.00286411664196925	-0.109843582366038	0.0997997696504953	0.0704374938669809	-0.0943043758939367	0.00472530883238306	-0.00958138993584345	0.0912068108352495	-0.0249559328245787	-0.0386844376317185	0.189845271748547	0.200877229913522	0.0166341058362545	-0.015064727824359	0.203794098032821	0.0813840107795543	-0.224439545223928	0.0282377349940989	0.133967342479145	0.0635655889114941	0.195728779463017	-0.0355172265414754	0.394360764357007	-0.145942107155488	0.0961750601487682	-0.308880716447821	-0.031284280368998	-0.0280792142953363	-0.295454835773083	-0.232399450414647	0.0430783411071385
CCG	-0.175811123859682	0.172937336145098	-0.0273711852737903	0.124187734672057	0.0251308137053896	0.0330143742229852	-0.01251565052224	0.0163681154455745	-0.0048477552181421	0.0576565807413171	-0.00275619653185499	-0.020231015237952	-0.0106227906811269	0.0292768704702371	-0.00128665495641464	-0.000733837409467878	0.0758719574956574	-0.0263585111362981	-0.0973247603790635	0.000856108700767688	-0.00523134683192908	0.0465369600762428	-0.045930116353753	-0.0469033760602156	-0.0425356444813942	0.088701184804122	-0.00644799833447351	-0.0654090654199824	0.106946672363143	0.139733231724565	-0.0902214861059165	0.225521898749192	0.0585043484921043	0.0105442014477876	-0.115183228151852	0.0902881629297024	0.349985824498804	0.184666669512756	-0.0935963459546857	0.0172074054735694	0.0593959352094435	-0.0896404676719505	-0.0400183307243007	0.237452830794184	0.0544115756283269	-0.101397520678787	0.219152652085022	0.115958053107615	0.10245682615664	0.0332187798092233	0.165729609589457	-0.150934351790817	0.514478219445227	0.0620209589197986	-0.145430462123987	-0.0642502933832446
ACT	-0.178029777332445	0.097456039390748	-0.00737570929194952	0.178032934181202	-0.0604765606123446	-0.0414062363727199	0.0690256702341528	-0.055710220704898	0.0991102455138553	-0.0940535586584905	0.0245350475544125	0.0184923594310726	0.0472300094192064	0.00435065270385579	-0.0948480729838691	0.125409070967569	0.0105711010931755	-0.115703774904771	-0.0246752985931292	0.087871903278235	-0.0280531629059807	-0.129191596821596	-0.0488697208847704	0.0134769486281482	-0.0559341464126056	0.0646394230306031	-0.0442736567619341	0.0197104073207716	0.155931362972297	0.0896403352913695	-0.171533166779767	-0.332327112849835	-0.255475838473979	0.0864267857304183	-0.033875751382848	-0.0974071214274338	0.0661359171875553	0.0385317077535376	-0.190659804386536	-0.646007748347384	-0.0159704905362196	-0.0351090491328534	-0.0127054543573922	0.0204505988261501	-0.0280979027026494	0.126301914604705	0.0125980140630272	0.0941532068577999	0.0766857642729977	0.134354190295176	-0.0764063884662052	-0.0234970556849786	-0.106659838092559	0.0335940518915385	-0.115237673145755	-0.041827047138762
ACC	0.054804275588018	-0.100591418367494	-0.303199231132788	0.0772832193770893	-0.0644373554031152	0.0197632497804443	-0.085975825146241	0.00658174813522767	-0.0989474004479104	0.0418732216327029	-0.0487093845939663	0.0617346002955825	0.0213797819405623	-0.0124476023636152	-0.0268648922521448	-0.36440065359668	0.0260146006190078	-0.152602454014498	0.256779137694368	-0.0919851524543811	-0.0153482154270502	-0.1573751374404	-0.102482154504783	0.116742164748057	0.00769475947625747	-0.11209821132733	-0.227361712332226	0.0409613754926499	0.120668984871061	0.132321371526707	0.062738281655411	0.11404146096923	0.125590495999921	-0.0275077671794131	-0.0524937311767495	-0.112727196210052	-0.102551563513389	-0.106138714629271	-0.0481444741813359	-0.0720321133132686	0.0919194806426959	0.179427982127042	0.336801773016267	0.057699942955723	0.214146698082701	0.153314313030258	0.0660790383305866	0.249024454890545	0.121426376804742	0.0175181562302618	0.180719904313068	0.0567842096950682	-0.0892817153843359	0.0265162937584287	0.00207298774925224	0.0226956593193334
ACA	-0.10029858781659	-0.0789485234807075	0.00503617614168575	-0.324184359924172	0.0378160420556541	0.190188441439342	0.102334677319007	0.000271200949423667	-0.00427054528407091	0.0812551446515242	-0.0277296095036402	-0.0389613135029689	-0.0539720568621648	0.110857593299232	0.0384615169619717	0.0745210846025327	0.0513447141633115	-0.00424766743514282	-0.0180249279298331	-0.0338921987218002	-0.0173108991656309	-0.0563214563415663	-0.0390621673462592	-0.0292067764936312	0.136818342322624	0.0461031952020089	0.0594623394145291	-0.120848697268457	0.235353535233504	0.134916150393592	-0.095400382090369	-0.07572226254169	0.0812787602774634	-0.033211386925822	-0.0358562380997749	-0.055268976949392	0.0539728544852431	-0.00143431822436624	0.0191857586160271	0.00357983542266137	-0.0753454858400994	-0.0744407150193785	0.0161741688573717	-0.0935436356374388	0.296537638701232	0.0389326266423115	0.372457196495165	-0.103007276183549	-0.176745977493845	-0.338915841472203	0.024818138402753	-0.0515608810580951	-0.243664237288562	0.0520345671209455	-0.319803143868719	0.0267036320702215
ACG	-0.17531187005399	0.139672733105041	-0.0130551019856698	0.174939608310932	-0.0316344516679288	0.00521806183719428	0.0553419124932544	-0.0249490347523807	0.0618105009369469	-0.0513797204785882	0.0187588363874726	0.011484377090425	0.0108898862606517	0.0281389678611422	-0.0173069135439265	0.0319864123879319	-0.0811687687746687	-0.0713526673139341	-0.0177551225217151	0.0950039978059791	-0.0176967434234185	-0.0788034346949139	-0.0101968440868422	0.0882164282281968	-0.0701344497595331	-0.0346824033488005	-0.0700372960005743	0.0706460328923832	0.0334037398588708	-0.0533628686971618	-0.0511010437570718	-0.103418055901736	-0.25152075768878	0.0238448153983888	0.0803836665212246	-0.0947146960898938	0.0451422738572758	0.141086259017389	0.0428232769066367	0.320000158166173	-0.0312953409142739	0.123822089892136	-0.176360622644992	0.0998807797252171	0.385943860545505	-0.0867109163809243	0.194749788795153	-0.0315913263720356	-0.0933890366643874	-0.117847662109686	0.047538957109124	-0.0506695694920615	-0.179459421809063	0.0735935629642518	0.33861065748531	0.105500927066564
GCT	-0.108993102918372	0.0138493340781557	0.0844921749737987	-0.0312910729130256	-0.383491573265196	-0.24235824913606	-0.0861630678616626	0.0770580711811795	-0.116288561856646	0.0838923626292137	0.00514826959095261	0.0167273139368137	-0.0741393419887654	0.0109785511842164	0.0633346091683825	-0.0377438694098103	-0.0774780904834092	0.112995986744143	0.107031872823167	-0.0124673411841032	0.0194231755415601	-0.066876804434239	0.085497758000368	0.0756747273687294	-0.116794494074843	0.0345796436994555	-0.0152997351667105	-0.0159476703730936	-0.0850238493724522	-0.0896990508915107	0.142968495511118	0.142897340946485	-0.0657367773817664	-0.0102437215621363	-0.0798074945471333	0.086851968383517	0.0578586327873223	-0.0771109771688528	-0.0435625355480578	-0.104383975359109	0.317344101988959	0.134773565760648	-0.056511355483709	-0.196485678390223	0.016087323094041	0.14030134294601	0.313777741476229	-0.229061600700305	-0.016071093233284	-0.0166001905314847	-0.192582830882524	0.0181283974976239	-0.0885988107399681	-0.010721475775934	-0.0490642240637541	-0.236647748132629
GCC	-0.134391076558459	-0.214292582065009	0.0286085200198912	0.14109842603662	0.144945525479933	0.0107806754027175	-0.0594985804705094	0.124608380597704	-0.0719869528372094	0.0666127513518098	-0.0185860259547317	0.0147737928406389	0.0146202026028183	-0.0292576651690354	-0.0116616107966485	-0.0468549816292155	0.0141006494997829	-0.0219621957825831	-0.0315019877907401	-0.0814802473148936	0.087377522576014	0.0791736157266176	0.0235442631142389	0.0040354422154345	-0.00990756176046351	-0.0390494432777115	-0.0499786575288728	0.0108541613953546	-0.0217461827497648	-0.132895288489083	0.0331688669412003	0.218574270214296	0.0904479387139168	-0.112102747474352	0.19622809023609	0.0192679724676772	0.0504326446040178	0.178025092227997	0.0410095142126945	-0.288361652768156	-0.073327888930924	0.2831567656964	-0.283768905220206	0.175280475653735	-0.130584216572799	0.0347958341226617	0.143766816083462	-0.11822590477054	-0.182307145420183	-0.133309439153573	0.103275392755578	-0.154120726495472	-0.0455857431737316	-0.176641522011639	0.020107401671722	0.0288979711144518
GCA	-0.123121224694405	-0.00109552056543103	-0.0750712115643542	-0.207675896625753	0.0845197198537653	-0.142309823474744	0.19311850098175	0.0656751792920417	0.203746597217426	-0.172268263602216	-0.0749216386829402	-0.0768722508293438	0.1701877452305	-0.0255181664196539	0.215021046638465	-0.269769729143345	0.056983195504506	-0.192488750273429	-0.0426175744849682	-0.2071568751854	0.041970959687162	0.0674044706072834	0.0726958710472805	-0.0933894744891764	-0.277423095680534	-0.0382572787031772	-0.111606515419465	-0.338666618842269	-0.156513267750807	-0.24179117216547	0.0775928418876638	-0.0664259469586712	-0.126891277865713	0.0477929960197331	-0.021209736687524	0.00828252762470588	-0.0205794711565237	0.150196293097938	0.111616529318374	-0.07206364708178	-0.0776564115907891	-0.0784458239506535	-0.0133182725922923	-0.0299128548908888	-0.0032293077351554	0.0267500205891738	-0.121340432405502	0.093732007985422	-0.00704901940891334	-0.172440743012878	-0.0592594578025226	0.00636011288926973	-0.0305425414749737	0.160273049489943	-0.0804030444233062	0.0305815053017568
GCG	-0.181674490455438	0.1721653150501	-0.0285160545461217	0.0829266778780892	0.0233050408378328	0.0471836132614459	-0.0472130360652093	0.00562455038305022	0.0102689919537173	0.0448913076093015	0.0126285571609274	-0.0219018375085833	-0.0265998881750544	0.0441611734590159	0.0118543569330209	-0.0722876265836981	0.0740147113194854	0.0879266288949827	-0.0820838094763962	0.0490226273392796	-0.0476384833006678	0.0919474515593223	0.00230011924320499	-0.0719785750454862	0.0201925294809189	0.0423930919896118	-0.0181326661187859	-0.00390056964343004	0.041677412470847	0.104559895754994	-0.0754959820247021	0.151057678387974	0.0582820781944724	-0.0216699936247044	0.0987175777859823	-0.0304835396713956	0.0859084495498459	0.0521866897859377	-0.108469755762004	0.0347305553123677	-0.0628001242231413	-0.0417187906111839	0.0547079498099805	-0.107726047836053	0.00815480109214188	0.132679708258435	-0.274114198493887	0.249334195286476	-0.129373454491676	-0.0823445637682161	0.0650189434545514	-0.333437185832122	-0.346502501796755	-0.0293303153532996	0.323981484202711	-0.27857081418139
TAT	-0.0461025196853099	-0.0335109891354115	0.00511421924630207	-0.107633836574384	-0.228090664060205	0.398142369048226	0.131824649416389	-0.0136187900585214	-0.0982574219563878	-0.0657174442471601	-0.0238963710780223	0.226070385426884	0.0911687598073951	-0.109605002369037	-0.16067444295424	0.0859588024627599	0.551100105673649	0.0338700279433582	-0.0952003262552965	-0.070664350579584	-0.20066534006051	0.0394541797909968	0.160627200636164	0.23611521535011	-0.316747839969046	-0.0505251790954824	-0.0649671475500243	0.219437376140275	-0.141371209910814	-0.108391436531564	-0.0542183920168718	0.00527496099536841	0.0611381383481547	0.00765226511266666	-0.0403109394329706	0.0110939246409003	0.00776627156245786	0.000318429938214182	-1.29174323068582e-06	-4.02295383304663e-06	7.63341755641994e-07	-1.38777878078145e-17	0	3.12250225675825e-17	-1.11022302462516e-16	-1.38777878078145e-17	9.71445146547012e-17	-5.20417042793042e-18	1.94289029309402e-16	-1.17961196366423e-16	-2.0122792321331e-16	-9.71445146547012e-17	-6.59194920871187e-17	-9.71445146547012e-17	-1.14491749414469e-16	0
TAC	-0.150806158784758	0.0334040206382296	-0.0631867087608719	0.00541474074565267	-0.0248864720196827	-0.0464412995672614	-0.112972203716299	-0.0428223615116014	0.358836372933183	-0.178552121053875	-0.0343854035718153	-0.278747581292834	0.209634665584014	-0.134308589244483	-0.00336067644744081	-0.249836724713526	0.131266933557198	0.0564755505001088	0.115427157427562	-0.03537330152042	-0.037924442607866	-0.188066542476094	0.388897147462909	-0.124545523882003	0.139733944646214	0.275341130160298	0.304917513301871	0.300601921022108	-0.0233339699307895	0.0950326233415932	-0.0805501363471624	0.0153951325447806	0.178302696511821	-0.0627530230030758	0.00579359333759239	0.0542137172033836	-0.0260436680270682	-0.038320926559976	-0.0121312996632211	0.00313603303061212	0.0222324616264441	0.0308890207571424	-0.0288939790729779	-0.00253321936356038	0.0144346578813408	-0.0251968748849506	0.045859683936694	-0.0484556720980114	-0.0193419045184785	-0.00694696105154631	-0.000831682210106235	0.0373761328382503	-0.00522429699845908	0.00026376684597648	-0.00771191865600673	0.0198501582110153
CAT	-0.101594644799209	-0.276487162742042	0.0471874021992458	0.130603348492001	0.030368006142386	-0.0445402967374422	0.0365624743986421	-0.0181939470099851	-0.0516744703061624	-0.0837989694254298	0.0061913733381341	0.0471629701938794	0.0506390647404011	-0.0545795593298554	0.0177827672602119	0.0269283909788622	-0.0168054977156894	-0.0376702558200482	0.0357757145249049	-0.0008353856717553	0.0248169367172228	-0.000256637212017984	0.00784534694601798	-0.0120002363626238	-0.00838403678467413	0.0304276526321214	-0.0587822291510579	0.0291257641302177	0.0597983123294227	-0.080079627813811	0.0222422312372176	-0.00227028790869002	0.0217209547565286	-0.0453780161911334	0.0728959295952823	0.0211849685812552	0.0257820706250683	-0.196654212487408	-0.14528798786489	0.00940714075220386	0.0501925564232963	0.0906069100534202	-0.123921209997808	0.0711146139516766	0.270275785604391	-0.300014501751191	-0.0427720786370589	0.170623663575602	-0.0241839364479977	-0.07134680849906	-0.244580982315343	0.214664095068952	0.166112075769067	0.438692805995202	0.0876165315156236	-0.171679498796312
CAC	-0.18361781600629	0.120151501051109	-0.00351861634885133	-0.117035270653803	-0.0508006965834529	-0.133802746027075	-0.0165562379477582	0.114631033245283	-0.0462048187278127	0.126753241152676	-0.00186189843829342	0.0177792604733378	-0.104284252256543	0.0918157902050821	0.0367865922221901	-0.0443616206837054	-0.010663528091333	0.0706929300308014	-0.0207653482093893	-0.0158842459409955	-0.0373505695329674	-0.0187468664335941	0.102335392978646	0.0852342107834379	-0.0331104345569085	0.00400478143264778	-0.0229660710454435	0.0487779080681364	0.00113635690536248	0.00444060709828049	0.059445555030895	0.19870542393049	-0.017149263906953	-0.0423886770140409	0.0932944024142224	-0.0118310352785256	0.003077186017412	0.229706503328029	0.0966829109896531	-0.160428835972873	0.00933517230896027	-0.155246411760929	0.031204126689205	-0.0690643433831142	0.0173279178931589	0.125804437456485	-0.0936026288987181	0.100769489967815	-0.230610615408222	-0.00107393503417774	0.272363660983006	0.420082698443512	0.0713154819631217	0.036520061227828	0.0184827150554523	0.145865176042532
CAA	-0.0164809509992554	-0.116463366607724	-0.0584367824363433	0.0561907128701264	-0.0934854545593645	-0.0563323409461892	0.0979461363346267	-0.197058927934341	-0.059880710559477	-0.351347818292438	-0.224101188142978	-0.239368458988035	-0.413860029621648	0.510484278934116	-0.3707485497784	-0.118923321400012	0.0280635213203148	-0.0275930760480416	-0.0995350701451968	-0.140949945838323	0.138707150227781	0.110946423722655	-0.0432026703321728	-0.0226220864867294	-0.0749415915057146	-0.0244000992649043	0.119963900333521	0.0866005699716348	-0.0645554911383064	-0.0414737973889143	-0.0141095458348513	0.0239342253386052	0.0233344311427659	1.60656359648667e-05	-0.0255087997379654	-0.00493064647232293	-0.00105453790524955	-0.00013590288668823	-1.47122058155764e-06	-1.54103564979635e-06	-3.85829546376785e-07	-1.17961196366423e-16	-2.77555756156289e-17	2.42861286636753e-17	-3.81639164714898e-17	-2.30718222304915e-16	2.0122792321331e-16	-3.55618312575245e-17	6.93889390390723e-17	1.73472347597681e-17	1.38777878078145e-17	-9.0205620750794e-17	6.59194920871187e-17	2.15105711021124e-16	-6.41847686111419e-17	-9.97465998686664e-17
CAG	-0.208603343645651	0.053196107839013	-0.0266753403529494	-0.0645697390978437	0.067810450060935	-0.0492455338600187	0.0767578505622625	-0.0789611784611728	-0.0228541761866273	0.00454541042594749	-0.0018167284801534	-0.0401375234116507	-0.0388573436513547	0.0738952030172956	0.08192292153511	0.0492588603715231	0.0615910680779434	0.0211062483360114	-0.0510306650021563	0.0663173986851285	-0.0972819786353678	-0.0224171478471683	0.0209197419069134	0.0275026351264105	0.0178684312903677	0.00776446017937865	-0.0820519148761594	0.0410862136013639	0.104106872201215	0.0549908257499332	-0.0325314300568406	0.0434139491679726	-0.132086215934382	-0.0145539972378254	0.145310632425287	-0.122796094340371	-0.0828635824296839	0.0235869123372291	0.0212954455122688	0.134056308185825	-0.00513577440718007	-0.222838692759308	0.155988000106971	-0.0387526705251571	-0.136363654371076	0.114005611295789	0.0651630309709434	-0.112184637054037	0.00999491325024122	-0.0458720271397197	0.0259501897957886	0.327067336403459	0.15753783159644	0.0388270202990387	0.137193395728216	-0.483061935580869
AAT	-0.0623055235616033	-0.0510617597697686	0.0962185079646511	-0.207319687400426	-0.368791950484131	0.143675755976346	-0.0779870954439129	0.122474060188556	-0.0372443213755089	0.144841184737257	-0.016512400354908	-0.0155786168768369	-0.0513362654111775	0.0478189951274031	-0.0225765867322921	-0.0290350921403929	-0.014821287378611	0.0977641453892024	0.0843486339960175	-0.0765414649519378	0.0964956750199012	-0.0473705450733231	-0.038118590476163	-0.0685114748221294	0.0448452505539243	0.077191159528093	0.150989310995568	-0.220383782658718	0.0882059824155779	0.052276534825437	0.00124061426238752	-0.0381941906178178	0.0533980105292902	-0.0379490048690989	-0.0950126914543602	-0.0437613820521158	0.05412529303352	-0.116552576138715	-0.0157460340412058	-0.0142039712841472	0.0798855122760463	-0.277828880732522	-0.284691353489468	0.394014200642192	0.0455988938314823	0.0607219745143569	-0.268496800168025	0.0318254095533759	0.207875579017587	-0.0376257354575651	-0.00102111925158807	0.0621075779508258	-0.1389968826697	0.0249467551749906	0.140914561401298	0.00488321385496908
AAC	0.00498468646793656	-0.0713799459940373	-0.341682464933153	0.00864452674759071	-0.0268025450612928	-0.0751713062252816	-0.0494223799313658	0.0988478206489679	0.040199242252592	-0.040267304885711	-0.0255280083746895	0.125010108018056	0.0104348974680532	-0.0918241004348259	-0.15338012665399	0.139341309603308	0.0501817152743127	-0.0688484719155119	-0.0728537408562934	6.40372506221049e-05	-0.0431082753198699	0.046365339600509	-0.0759835935837273	0.107326156515857	-0.0454049132805733	0.406980392388615	0.262834123111225	-0.0879928123122098	0.186063904203987	0.0268762310680805	0.110425536212491	0.190204338751313	-0.315654337589586	0.0809895209755206	-0.0152174281839257	-0.255938750387352	-0.162129484971213	0.150629313310178	0.224501680345858	0.151444088809256	0.108517624241233	0.088910211252958	-0.00670420924259507	0.0112048354177979	0.0418557798706266	0.024236794438078	-0.0829943457769603	0.0350085141832886	0.0475709998475768	0.0442281763316902	-0.141434371429165	-0.0438813196069194	0.0234994547195793	-0.119515107740445	-0.131454842843191	0.0366945487923198
AAA	-0.0509853800085146	-0.100907985061199	-0.0174906276833031	-0.149866550740654	-0.242478607536739	-0.148296819504766	0.0663641647391208	0.241948812185587	0.336878620162454	-0.103884621691064	-0.121299809111934	-0.172891000816762	0.263175784862746	-0.044961688327577	0.0613949675288221	0.111101655163071	-0.0239721269295687	0.0635531896639391	-0.127660863939965	0.0459393490494843	0.113140129310131	0.283778681313112	-0.47440812333555	0.159446816585276	0.024792359388544	-0.217756276958995	-0.0581691908777132	0.33179701837465	0.0445928364259516	0.150844099424518	-0.015105954903304	0.0809723789615894	0.0660890624892271	-0.00758084973073768	-0.00916400879788125	-0.00686804092324937	-0.00357844086362885	-0.000519095980672762	-3.15130216180584e-06	-2.95469089188483e-06	6.51008371697383e-07	-2.4980018054066e-16	-1.11022302462516e-16	5.55111512312578e-17	4.85722573273506e-17	-6.93889390390723e-17	1.2490009027033e-16	-5.03069808033274e-17	1.80411241501588e-16	3.46944695195361e-17	-1.66533453693773e-16	-1.38777878078145e-17	-4.16333634234434e-17	8.32667268468867e-17	-8.5868812060852e-17	-1.90819582357449e-17
AAG	-0.135832495707599	0.0197601595206914	0.0111568804362924	-0.0428886650513214	0.0455048292437619	0.0827754454432654	0.18691211956985	-0.122680256354743	-0.325980373863674	0.176319493977402	-0.224800047513965	-0.330993146827971	0.288381011689083	-0.159430648243254	-0.16532313795423	0.0964239691262732	-0.0399068706484297	-0.0751065508903998	0.0623814186009665	-0.0916460887009802	0.188628678510493	-0.193975959115221	0.0514560410387166	0.0727027539295304	0.279299860168307	-0.250864757735855	0.149797862178084	0.115360126374467	-0.0600630454041954	-0.19434383622596	0.092422936284049	0.137324687098568	-0.269573322206895	0.0739719691926993	-0.153519596095784	-0.0460523301868172	0.0606204275696616	0.0443569095475265	0.0140381874936681	-0.00363475697769087	-0.0257489959182237	-0.0357713392979917	0.0334609613303964	0.00293362000960183	-0.0167161998686694	0.0291794928639878	-0.053108265460918	0.0561145755042876	0.0223990858965599	0.00804499769735599	0.000963137898080976	-0.043283804297833	0.00605004936850109	-0.000305457832968222	0.00893086449879555	-0.022987674166422
GAT	-0.130850083372121	-0.00732535799016235	0.0765278891968914	0.00206260664860244	-0.334497407083862	-0.272366642154617	0.0107483614987712	0.121375214518604	0.00558043015986876	0.0660575733266699	-0.00390094267791198	0.0228122136091492	-0.0212121302755277	0.108373704979089	-0.0200405856626857	0.0256144715455503	-0.0671256384063507	0.0631616610178337	0.0999343563789283	0.0758906741271552	-0.0547753858027151	-0.163168133113385	0.129067668480646	0.0654866616728848	-0.0431181287626284	0.00947849927669459	-0.0803802507395546	0.0514056741865622	-0.0353734070373438	-0.077539630605297	-0.0545644438155648	-0.390410101530658	-0.114230879822717	0.0316136638243926	-0.106302564969369	0.0913676460320856	0.0499490755631479	0.0505560563037674	0.0172015146613179	0.224705484895691	-0.136536005273897	0.181795614695201	0.165373313763163	0.0942862575371317	-0.0576499914749607	-0.0632564568533122	-0.103656136798129	0.0441125157766661	-0.0645016661543523	-0.106434145457301	0.252231520977185	-0.117439822010951	0.152518923729775	-0.142347104859935	-0.0613928425056365	0.0847273388617911
GAC	-0.172139263393923	-0.0631690525959119	-0.0554303263775369	-0.0235760020049416	0.144648075322842	-0.019577291911829	-0.0209958679080237	0.0742428076483484	-0.143494961040698	0.0558501142391784	-0.0183361277693411	0.0711467170627214	-0.120683736694966	-0.060423092042167	0.131232592895421	-0.087446989766695	-0.0418499811307167	0.0741011887655564	-0.0153012639765304	-0.0626099374372708	-0.315170047904724	-0.318367592299336	-0.470815393473122	-0.317428253557445	-0.268319039905566	-0.0898173743679734	0.390990257608138	0.21612437155769	-0.170742561913679	-0.0918323747304995	-0.0709601739824031	-0.0529437419584654	0.0249891496369489	0.00947140582851722	-0.0538403050815032	-0.00906620844652735	-0.00334185853693625	-0.000462019221718582	0.000445945656385007	0.00192596368372566	-0.000106293497496297	0.000392263357387387	-7.15195004565572e-05	-0.000100727934436736	-5.10953894287472e-05	-0.000674568606667481	-1.6249952034593e-05	-0.000740980404697411	-4.93483865438918e-05	-0.000269225452629484	0.000723107496633509	0.000248608741364641	4.83175881812181e-05	0.000323522084890081	0.00039758070176926	-0.000130435788520371
GAA	-0.040772327866385	-0.137703741858142	-0.0318730313712331	0.0437262037272633	-0.0705724678403317	-0.14613429237937	0.159208916467641	-0.249687591370055	0.488812653172686	0.23512959062296	0.144304937138517	0.116188995572331	0.0403327718381096	0.073478242459149	-0.367333423657833	0.127818381217066	0.100722497885831	0.00626468870508444	0.00486978369350034	0.166953149509468	-0.153544444191605	-0.258004773121125	-0.0454498601945648	-0.0994060207662187	0.0516861462011881	-0.264720052664801	0.0219321984590448	-0.270186157783665	-0.089497143269423	-0.0620158440137331	0.0988499447391843	0.233821052108259	0.108742152143633	-0.0230799662048597	0.00824783722679941	0.0106152051742422	-0.00108807410144474	-0.00561990699757937	0.00280356299712349	0.0049132504051434	-0.000661067560004844	0.00270263630306629	0.00206989709631423	-0.00469643281527923	1.75710408473161e-05	0.000268595997450704	-0.00499177289299518	-0.00242705400006687	-0.00422642181686954	-0.00221611321189078	-0.00203363656973153	0.00445301286750899	-0.0105068195746983	-0.00285977111003652	0.00382470241109154	0.00168784807397372
GAG	-0.196077630679175	0.124788781711778	-0.0356002485416831	-0.0832663608630369	0.0207044111415152	-0.0395888253832743	0.0431547875472602	-0.0686142479122911	-0.0473208606097109	-0.0528491712477608	0.0444397221261803	0.0859883564534724	-0.0675639019308503	-0.0151655741480714	0.0212849936872	-0.0172864254326438	0.0163384129860802	0.0452971613200778	-0.0590085848174107	0.0150093781278531	-0.0162199920379975	0.0227786801713064	0.0136915551725927	-0.0109367167824308	0.0745985174114276	-0.0588400729962024	-0.034075581961687	0.0395761043647159	0.0697813990150847	0.0500921319016249	-0.014416771921731	0.126947140683958	-0.115754346114366	-0.00857994481290485	0.0807844744015154	-0.108393471945006	-0.0586120069633504	-0.255367323004978	-0.202856312032159	0.145141420177724	0.110688122178737	0.0477210174097377	0.0901497932221901	0.161859158825759	-0.315463134435337	0.0122767395030122	-0.0774025057181263	-0.111295250083662	-0.144337007834131	-0.00308688203888831	0.125137273110795	-0.128045615734891	-0.075610029153434	0.428236587351451	-0.252115934277589	0.339552451551442
TGT	-0.100135889473275	-0.247939645171116	0.0847973883745767	0.0486588438115764	-0.139187602181402	-0.156340576839741	-0.0193048140915195	0.146029879915212	-0.110288493880465	0.0878144586308421	-0.0289527574713976	0.0449325071672441	0.0245382922151551	0.0602615694897221	0.0352213594723551	-0.0701247495439458	0.104171764418382	0.134174676269155	0.0353105794903781	-0.00497982376934947	-0.0555184015151151	0.0972271213950714	0.0749829349971619	-0.106988020278611	0.00893289766059164	0.125123847835918	0.00852457155994611	-0.022164502398319	0.00317843861734286	0.00282825919005784	0.166596522761774	0.182627638396084	-0.141305437262881	-0.0754158133334903	-0.00937077144387323	-0.0807525457822481	-0.064727414110269	-0.0709979013917478	-0.104275926238339	-0.091516360668857	-0.361202686010039	-0.138055290107988	-0.0331916238483744	-0.17862040353008	0.192467681934719	-0.0321650174957876	0.00856843871941849	0.00256761785701886	-0.0499102347856345	0.322157033805232	0.04127944034695	-0.196577578680622	0.05577609665951	0.146535678211481	0.0613163569351835	0.161041056610617
TGC	-0.187571319985526	0.152157815656647	-0.0268102669318945	0.0150135098043712	0.0232519959961845	0.0350632064449967	-0.155935943504192	-0.0816595315939055	0.0190795541839162	0.0324544368706156	0.0352069974000898	-0.102145184663417	-0.0799413030024725	-0.0407607325323173	0.0017652577595896	-0.0171276994909887	-0.016767722015798	0.0796788903192585	-0.0328630534214566	0.0192549761167228	0.0400353578575443	-0.00510261541171653	-0.0111811082493006	0.0619716480758645	-0.0250783039900377	-0.128195250871324	-0.11437465773995	0.00437861291120086	-0.0502426586339099	-0.0745035317718678	-0.141952247504533	-0.00354931036948276	0.0412016114201278	0.00832393933879788	0.183269465948175	0.047650785459246	0.0330226900306931	0.105357228903027	0.122579393700112	-0.0222299109279543	0.45143021109699	-0.0813211608467637	0.0374593432701977	-0.0571841689372888	0.23381256948039	0.0113499562378182	-0.186621877136966	-0.168005530425812	-0.10049879385137	0.257568982198142	-0.230233961566612	-0.089205306177757	-0.0134624679044364	0.0526468366131299	-0.0238218258379471	0.242559180258195
TGG	-0.191709489631917	-0.0517744870983006	0.0439940666812736	-0.0388828315210835	0.0442858920093682	0.108013600989038	0.0961909343062151	0.0165361588974495	0.00448140059542389	-0.0444691498563255	0.0792833974939688	0.0599891152508886	-0.0489224296839608	0.0169473892748022	-0.00949345002367466	-0.0129917266385835	0.0261445860253857	-0.0352977435097451	-0.0705182925748657	-0.00772794694286399	0.162726736033506	-0.221044011802104	-0.250792346062137	0.139024799097201	0.285343596310787	0.417131908135547	-0.244893158397454	-0.0263174956700307	-0.619238671450206	0.208658180614032	0.0908166089748016	-0.0121493618774722	0.00341714263628419	0.0407583341108971	-0.0142707248124434	0.0237006837529442	-0.0254854386294699	0.00721717350613477	0.000439228263072643	-8.64004853805417e-05	-0.000992053908093276	2.08166817117217e-16	6.24500451351651e-17	-1.55257751099924e-16	9.19403442267708e-17	-7.02563007770607e-17	2.60208521396521e-16	1.87350135405495e-16	2.22044604925031e-16	-1.47451495458029e-16	1.04083408558608e-16	2.08166817117217e-17	-8.23993651088983e-17	-1.04083408558608e-17	1.64798730217797e-16	1.77809156287623e-17
CGT	-0.0780128186286915	-0.233103441284995	0.0485536814284189	0.07481274673716	-0.0360113614335158	-0.0388221733845812	0.1816428749304	-0.259083868416469	-0.107797208585548	-0.0418469717380113	-0.0799655913963668	-0.231554868986171	0.0898238170810708	0.109240176132749	0.315586809673744	0.147133493245733	0.0821357432063887	-0.0218514873962729	0.0555157864500563	0.167391735768679	-0.186089248621426	-0.0596959538066675	-0.0285045778083624	0.00522225598124752	-0.073468322025796	0.14315552203072	-0.129832132312657	-0.0169442429164429	0.103991766616556	-0.00911151250665605	0.0525176289739973	0.0254242547405554	0.0263346283195146	-0.0578223492434848	0.191042849010374	-0.071289828437925	-0.1157669661189	-0.163485837543658	-0.0718527275555511	0.0708736690260168	0.0531570476834565	-0.119448099005596	-0.0521711341549912	-0.0970310512340781	-0.0903443238828388	0.00127166493373056	-0.0101738004483818	-0.0179608109912845	0.0345330677939459	0.0535145863197586	0.0513872029760366	-0.173949815033338	-0.00648123966624117	-0.199854882283769	-0.0575891870161362	0.0451180761352555
CGC	-0.136685598536788	-0.11718317165383	0.0163065515122862	0.176519720390593	0.0470210252427677	-0.0320324765253647	-0.0953093262468783	0.193727886974597	0.0540918674124241	-0.123699275348115	0.09916295145084	0.306918375291248	-0.00280003453495021	-0.188801329628995	-0.295376630469402	-0.083400572183971	-0.115042171345405	-0.0601013227326456	-0.00580756220753111	-0.124943408143109	0.205987517784167	0.0201971854248384	0.0363869026650203	-0.00597248656277728	0.0415407036877393	-0.0852552469619405	0.0483124198414701	0.0963833735202448	0.0117254779560918	-0.0958334929949783	-0.0267370114002139	-0.0892331057727563	-0.0733411520601443	-0.018129638856401	0.106481698794816	-0.0609145980713185	-0.032518217535154	-0.186325292018728	-0.107881270976597	0.139757872568105	0.00605098908524604	-0.320742383796292	-0.0545243723371088	-0.111605278834114	-0.175383867636048	0.176168382751859	0.113960514771922	-0.015692941566003	-0.0678934823316271	-0.151279996015585	0.0424577387500398	-0.0642062452590295	0.0045063459277181	-0.0196526222109796	-0.0443201730767673	-0.0902379522778268
CGA	-0.013307698167333	-0.0941196477670568	-0.0676297030973361	0.0554818642174216	-0.0618839362369078	-0.0354018110608497	0.212267462659703	-0.429606977657632	0.135313686615442	0.555127809499353	0.115060150000218	0.109270641925637	-0.0917592612445937	-0.0435376761461763	0.141018015550193	-0.186714398790637	-0.0598700041239118	-0.0225388068752274	-0.0797845865662872	-0.239686685042358	0.229712888426669	0.274625962513706	-0.00953592846315688	0.0412713781497212	-0.0974266840230003	0.153388660902126	0.0982366568524576	0.25663549974397	-0.00331475518011621	0.000806712601882323	-0.0752704915979634	-0.128446839457631	-0.0457646782137637	0.0143304418538989	-0.0282953637130603	-0.0124659585071261	-0.00608745270517992	-6.63522969777952e-06	-4.94338087613632e-05	-0.000146146144332227	-3.2073977514186e-05	0.000107275039538876	-1.95589445071143e-05	-2.75467818898235e-05	-1.39734181589107e-05	-0.0001844790561982	-4.44398951401914e-06	-0.000202641161134578	-1.34956529026647e-05	-7.36269919988444e-05	0.000197753330336545	6.79887938992638e-05	1.3213753171034e-05	8.84758767157462e-05	0.000108729211380599	-3.5671199227056e-05
CGG	-0.129243431762013	0.139826058182408	0.0178201554132398	0.157917132862108	0.0197905100285219	0.00927947988971937	0.0385952009955143	0.000773509036912414	0.111734876037601	-0.0569661217016138	0.0506693090185237	0.00745696458100962	-0.0189182380360468	0.0878274250529562	0.0360128851625147	0.277033580307829	-0.0201620532759835	0.00924087516761611	0.49975303987334	-0.540500709735774	-0.343977389242708	0.245579093015531	-0.0814179867476343	0.10418892081262	0.193844934723832	-0.0010935396639863	0.036002599655756	-0.0499313089116593	-0.0701590480773773	-0.0477304513270112	-0.00777687688626558	0.00328883402162096	-0.00112097156207391	-0.0021255624724128	-0.0107714471145126	0.0624669881053682	-0.0687554704949905	0.0169131904939252	0.0158730830150235	-0.00666268775819748	0.00349949014234147	-0.0712488320987648	0.00616037164328084	0.0242825296260881	-0.041334937244971	-0.0558239125014533	0.0962522615048617	0.038429876694391	0.0206021502987318	0.0339278045356175	0.00717927017935787	0.0201186575812072	-0.052101191333531	-0.00285093264061686	0.0485781238333574	0.0512211601915676
AGA	-0.144808830357599	-0.0138013559270276	-0.0411443070506705	-0.249475334919585	0.177282595573312	-0.0749590096446129	-0.0516836021369592	0.108242470249795	0.00950278447701833	0.043659186615436	0.050289404964947	0.130625819176859	-0.11124894271431	0.0056500513822502	-0.11572498196622	-0.0657875532637824	0.0526023944770582	0.120478549741271	-0.0706405849687246	-0.0707442150858125	0.00742952785984441	0.0610617672694377	0.0901204470280471	-0.0268885280289054	0.178356890262668	-0.14439150526248	-0.0564126418818003	0.0587323182634424	0.0234738012353582	0.0130433198864333	-0.0844317159281813	-0.057929281736247	-0.0845687623225841	0.00485010108786416	-0.0537225102610458	0.0284919033579938	0.000364941282914234	-0.000236945000262563	-0.0187604680269668	-0.0643189158850989	-0.132644165942316	-0.0744900767830279	0.131932675952381	-0.216828086813668	0.233701983930667	-0.380554385481211	-0.0704606267559545	-0.121291260372354	0.146236676759085	0.189144411462821	0.000518727922068835	-0.0617686559359027	-0.0179282437961366	-0.169390596374979	-0.0735780971612417	-0.0828727217172956
AGG	0.0615894278471559	0.0838463492937528	0.316272401955645	0.00776757200434564	0.0455337489066604	-0.12594636257823	-0.0235923120064786	-0.0573124102454444	-0.0117532789887455	-0.0081963428964256	0.0107568481717778	0.00716457994612191	0.0225022928310487	-0.0266482031199357	-0.056214271636571	-0.315478448129173	0.127463204979731	-0.054120524624541	-0.139495686262703	0.109654871379111	-0.0691710376126456	-0.0748129669664614	-0.2009702018466	0.305174323124628	0.0850376962453421	0.123097578542154	0.0798252499806811	-0.0452692013003615	0.183430704703913	-0.224208191514449	-0.0477111618317076	0.0295526465133249	-0.0178656104721006	-0.0282861037693095	-0.0268085938503915	0.171586254653785	-0.178950020444254	0.0448670067304396	0.0513290869278563	-0.021698102997238	0.0130353609655108	-0.233497083518828	0.0201888054825127	0.0795788461527551	-0.135463094760003	-0.182946448043258	0.315438466588792	0.125942613567192	0.0675174857926385	0.111188396720413	0.0235279456419715	0.0659329806699705	-0.17074632475901	-0.00934309289406866	0.159200507626314	0.16786228162453
GGT	-0.108005805145215	-0.224264701923999	0.0792317340176564	0.140986081808791	0.0505530448189716	-0.0331218672626258	0.0318164078938567	0.00397240060087033	-0.074993167997222	-0.049835955437413	0.0473960856250875	-0.00356047873064256	-0.00416590686542504	-0.0258868211525533	0.139994923846173	-0.121863349843207	-0.0517586167927715	-0.0406516230047397	-0.0124073062953705	0.0982009973405121	-0.0688149575779868	0.0974009750769537	0.165050989521467	0.406077069548518	-0.0702977823159326	-0.303394352545374	0.40075470890469	-0.246452941541786	-0.20950797048868	0.468247300815464	-0.134629412237471	-0.012493819129098	-0.0560901265228059	0.0508156956972402	-0.0038514656946406	-0.0135231223581378	-0.0363320703241072	0.0422688865778376	-0.0178353449812731	0.031274494673294	0.0108223838081371	0.0289401055143899	-0.0237739338340298	0.0442941850297893	-0.000254778210279675	-0.0531653483665129	-0.0315880038894735	-0.00475694576301409	-0.0201635874955998	0.0566080974599642	0.0278563673853642	0.0480309457356974	-0.068947142816043	-0.0241775149328421	-0.0796221219786955	-0.0495018805960434
GGC	-0.176220271872133	0.139176811616204	-0.00872642882830384	0.132560721190066	-0.0974833090017798	0.00260504361756544	0.074006990657191	-0.11241415781456	-0.0510667376860611	-0.134277740494094	0.049748083464154	0.101775700181665	-0.00757457239482224	-0.0557255851776157	0.0542486965201042	-0.0259440798967904	-0.0811860859143869	-0.0194354721318503	-0.0195537799717877	0.0589876253079816	0.0203139754119869	0.00234644712319301	-0.0230411201363109	-0.0160733735901676	0.00961324052874264	-0.0188018524890144	-0.0368048240207089	0.0295239149381497	0.0600499396558552	0.00802625278089918	-0.0354715406107589	0.120879352135869	0.0387804099417439	-0.00120858247617235	-0.026727585790853	0.0473064821727886	0.198988138451505	-0.431691720436578	0.691886476071593	-0.0988724160677798	-0.233672414494606	0.039002907212233	-0.0320403992631442	0.0596957736695065	-0.000343367472874585	-0.0716515407386555	-0.042571509772435	-0.00641098955621218	-0.0271746947075079	0.0762913725934534	0.0375423410899801	0.064731848296614	-0.0929208434456383	-0.0325843100703044	-0.107307633485718	-0.066714243828818
GGA	-0.106527582849325	-0.00626742720711999	-0.0422377373934123	-0.333123318310582	0.135327346449029	-0.0920113317849717	0.00172572700526329	-0.0134831253876487	-0.0144554981336337	0.0410456507462227	0.0235884147179111	0.0308863244219872	-0.0995374431716114	0.0506155619516456	-0.0154495872381954	0.00427640714635924	0.131231247383917	0.138435323312911	-0.0614225426312208	-0.0192676972754139	-0.0815986381295564	0.0370508331417361	0.0616866521445281	-0.0549327178361865	0.173642957861177	-0.0689454119858165	-0.0610029796277266	0.0138590349032158	0.0770373083164956	0.106050020151999	-0.0847645785072413	-0.0820074368830984	-0.0976836441552987	0.0285605454648565	-0.0797605976823016	-0.0136670885516413	-0.0746145526722015	-0.0890176297406856	-0.0070611691886572	0.0151103109473671	-0.0764898993667231	0.404880938146105	-0.208582416910747	0.131432475992566	-0.195540576473978	0.162024617070629	0.124414305993646	0.238382087740502	-0.108273792505773	0.161001687966344	-0.258458228625885	0.141950093874376	0.0491626090243678	-0.0333354972076841	0.202644096601579	0.0476097275051488
GGG	0.0304798269089936	0.0313406975293751	0.359383807042814	0.0436155958879821	0.0592475150055901	0.0417621835807203	0.0271824795895153	0.0287308950384707	0.0639914719758899	0.00292388209626716	0.0365155734848454	-0.00847938987805753	0.0203657048245968	0.0251413439845363	-0.0736811798727451	-0.0231962159960403	0.0288070645935193	-0.0729038728914791	0.081969083106526	-0.13240101154212	0.0766555016333077	-0.100772129881227	-0.0162115070187043	-0.166361517147907	-0.158127793306728	0.00709418416019706	-0.139525868803343	0.153135335520644	0.0980548267989847	0.127136030270977	0.171359858165519	0.0716591125646946	-0.0978483262996292	-0.0414973527432172	0.0529768440760362	-0.116140941671405	-0.0717265501183585	0.169033643070815	-0.0770728111432412	0.132914192648783	0.0490901290036521	0.122755257448566	-0.100841904909795	0.187882662836271	-0.00108069283920254	-0.225511480005797	-0.133986849073878	-0.0201775387970619	-0.0855278973629979	0.240114590249722	0.118158364981494	0.203732882257529	-0.292453124005304	-0.102553775022413	-0.337733187504656	-0.209972147258898
