codon	PC1	PC2	PC3	PC4	PC5	PC6	PC7	PC8	PC9	PC10	PC11	PC12	PC13	PC14	PC15	PC16	PC17	PC18	PC19	PC20	PC21	PC22	PC23	PC24	PC25	PC26	PC27	PC28	PC29	PC30	PC31	PC32	PC33	PC34	PC35	PC36	PC37	PC38	PC39	PC40	PC41	PC42	PC43	PC44	PC45	PC46	PC47	PC48	PC49	PC50	PC51	PC52	PC53	PC54	PC55	PC56	PC57	PC58
TTT	0.130913365300441	-0.157989776017495	0.0958742521099174	0.0151790536897255	0.0295663351703403	-0.0537906582252128	-0.231505063447317	0.106300044397026	0.0352195103934382	-0.0414508694927673	0.118883910903655	-0.150356985705755	-0.0107390463637077	0.397350153887035	-0.0301106211353634	-0.0928410731459876	-0.01178011601472	-0.0933131741496122	-0.0257379194825689	-0.087539911021032	0.03554509177249	0.133835315776223	-0.0444788985623714	0.0537541997377495	-0.017235610789603	-0.04037860975285	-0.136124233062688	0.0333826132513746	0.162818270639868	0.235786603906258	-0.311309558370481	0.00909302643389835	0.324618144088091	0.359843278771943	0.14315429692793	0.168255550078718	-0.0654307721579869	-0.0696584624979018	-0.0126621864331501	0.199523693964662	-0.0389759105750219	-0.11449755956786	0.0463317857333154	-0.0805092948197245	-0.100261477272194	0.132899744639018	0.00472484068712336	0.116463827147051	0.0225363289012837	-0.0944422377418879	0.00118676615623555	0.0342325592056506	0.0746964049600967	-0.023012824031539	0.0741614505638012	0.0829124176101282	0.0633621858795889	0.00294484494388875
TTC	-0.0795860236915445	0.0669245178469437	-0.213582465982952	0.123755692054235	-0.0179063956212091	0.0379361495905865	0.221211055437634	0.0465416691881817	-0.0195956479995389	-0.132641387978473	-0.11556617175539	0.175276412732874	-0.00225922571131831	-0.323084203246601	-0.122077054393635	-0.0402748246885518	0.0253425271122942	-0.0498895039665307	-0.0925365747558235	0.12803768487559	-0.0118526094812125	0.135164849106661	-0.137194587770406	0.0434272187866447	0.0526055277144549	0.133655667270833	-0.0272536786647994	-0.290342854115038	-0.0920728260068655	0.0429121633331249	0.0687824984384053	0.0862368788704809	0.12874812257469	0.455322627201498	0.300538048180866	0.178163347750045	-0.0101541793991037	0.190988404821663	-0.132943104225062	-0.0654030098991388	-0.150976061104239	0.0060656292363369	-0.0478674065444888	-0.189707789817985	0.0527398946117171	-0.0661207448198535	0.0707560842807483	0.0325595155660309	0.10860874375134	0.0549455538696639	-0.0332722695497703	0.00603414156158853	0.00277690760261273	-0.0388745025611184	-0.0137752654852472	-0.00773892963682417	0.0117904474959251	0.000526965992916889
TTA	0.22145225784467	0.0564750770711345	0.125769502112234	0.282680247087744	-0.0933505627540386	0.0378283073119262	-0.0347455932166856	-0.0423319413902267	-0.0865967652008768	-0.0844718271291669	-0.0583953609728919	-0.0685706903433224	-0.0147994984734954	0.163686910127775	-0.0243987603799351	-0.0242810846887597	-0.020244144484694	-0.0337829352693195	0.146720808984693	0.137314793489495	-0.0435778772458733	0.0710821737775508	0.0690603273492201	-0.0151516290756421	0.0203192512390117	0.0359509795272499	0.156258474267433	-0.0317449524732957	-0.0673474539023167	0.0880220898131699	0.269788433909755	0.0499604760756533	0.117063582606983	0.0572026061006269	-0.155460120308324	0.133131661394397	-0.124054412375811	0.0913703992133412	-0.0116459105030518	-0.147209261159069	-0.0135976333118369	0.141142570190958	-0.0950761941867393	0.292265736630754	-0.021274995181337	0.176155626569385	0.0210047846666486	-0.0643140950989929	0.209480507142674	0.14779410719536	0.0110691321772003	0.164244622357958	0.00466549564103478	0.199044704404936	0.0916796958521126	0.113542526664191	-0.216854484871751	0.343868896916178
TTG	0.126075020410957	-0.0574125745027523	-0.0609849942365626	0.0128119341091177	0.169339338483463	-0.0400490304160294	0.00406053798896192	0.028606258279189	0.00603596884646597	0.312677817933848	0.0881112329987084	0.176908546686756	-0.141848139012394	0.0784626396845603	-0.300962714014134	0.113473565994517	0.113086295926039	-0.293484309660366	0.0557075952288495	-0.0356747107602389	0.128095477719489	0.101957787731149	0.114970492331404	0.041474867200234	-0.197011286398072	0.275089347098415	0.00706283899365236	0.0133390987320587	0.157740523487415	-0.0220667583850354	0.0822453339139165	0.137115193402206	-0.0146617791857157	0.0162176386939535	-0.0273420226800361	0.0351433202873251	0.0494879895663289	0.0112490911892803	0.0604171898051271	-0.102261312304955	-0.000933086738555399	-0.064704200196524	-0.308523275754529	-0.00241528546428815	0.233121938209429	0.0207906580884171	-0.0748681812196311	-0.135828049211005	-0.327348752479947	-0.0304415089130261	-0.104910281138673	0.116627799246872	0.00522774775067758	0.0510092728810962	0.0698916920725708	-0.0932572414650755	0.12522004320733	0.0252659830065356
CTT	0.0640568403124577	-0.0153580912184046	-0.0342707051774432	-0.120690108536705	-0.118494993335567	0.0811389324465473	0.0111553850332738	0.327821948077331	-0.0191422224479278	-0.193021448070733	0.0955942288178258	-0.102244530409181	-0.138220801417372	-0.211903135403414	-0.114405979857841	0.0974477048279638	-0.137616899622349	-0.0876938783090623	-0.179647703860551	0.279421124163693	-0.00246485377099345	-0.0977940390067819	0.131725324314893	0.236637563879606	-0.283326508171909	0.0133029318463833	0.0460255192840935	0.200048688015094	-0.0918545030809979	0.081672482124977	0.10999903457386	0.0622722252224658	0.00643361515920579	-0.0532337275631325	-0.0737676097274964	0.0735364162671985	-0.125129594746743	-0.208742889594196	-0.0825953577103308	0.124850070810093	0.0803456135130289	0.0202186908502827	0.096501928185907	-0.0277055779497937	-0.0485461724216717	-0.17888036557798	-0.0488460646235722	0.199708206136301	-0.0342108800335793	-0.069314843609846	-0.0132664773711908	0.0188546308400354	0.0247110558519853	-0.0422029437936525	0.0774789708377321	-0.029867434111801	0.190295189712571	0.289466707602089
CTC	-0.242017354697144	-0.11647331735474	-0.0800113544841684	0.147914794815093	0.0712528839510038	0.0626948021268789	-0.0833337240358015	-0.194389956911824	0.0691598295004321	0.0201096341422027	0.119777589054131	0.0349485374664311	0.0398967263442512	0.0237111630044172	-0.0911447442357265	-0.0232108537326305	-0.0582585740960197	0.0837857363294347	-0.207853751918437	-0.236948272832969	-0.0192402859830352	-0.150355856651741	-0.0948114496247317	0.0185196060215003	0.20926846368302	-0.0977499008449147	4.53809889951456e-05	-0.0016538007370403	0.00887674523965031	0.0659468883903603	-0.118707931827142	0.0812446555822052	0.0276218293276713	0.0524692031344868	-0.017700994089654	-0.188394400857709	0.180322026319421	-0.0442953449118011	0.00565841809390119	-0.0629168246603017	-0.00117121223486241	-0.0583953153920795	-0.0276686646838204	-0.0452551284315696	0.15551469494077	-0.17092287752065	0.0663873298618508	0.0418704062090414	-0.130462449775171	0.106810671121387	0.0260992593235246	-0.00425395463353979	-0.00382310347698741	-0.0506143862184545	0.0285825041426975	-0.0227544850464167	0.0258847755432235	0.600816570654408
CTA	-0.0369435023272487	0.265841062583691	0.0872592987379218	-0.181907777432198	-0.0461578612738792	-0.00482841360508802	-0.0528631805997888	0.00561532573354903	-0.0305108816325646	0.169519126804825	-0.0328612217206532	0.0022879374005042	0.155342056936334	-0.0226527230670825	0.225029869422194	0.136195539009745	-0.0107524952962935	-0.0451642571695289	0.241276721818844	0.0729113140882157	0.0569562283126644	0.00702160265412757	0.118075102173728	-0.0842365625288453	-0.108615166985836	0.0715455219109912	-0.140649904270641	-0.0726648415072687	0.0595252143849369	-0.234071491966566	-0.174168721169644	0.0605173100799183	0.0789922109562909	-0.0502406897179446	0.07914124420761	0.291610603641203	0.0675665189505229	0.139578213560428	0.0263003596837072	0.122657825526328	-0.0273267147961945	-0.0714698928905775	0.007276662635174	-0.038989844116919	0.0307643028803343	-0.023126497109212	-0.137476612074267	-0.189108693282717	0.204893961710255	-0.0975804047753068	0.064396703647072	-0.186766822975051	-0.0174907162558641	-0.209015752936948	-0.0473639602896092	-0.134479709112225	0.0615829548600611	0.391919888951945
CTG	0.146727735672377	-0.119278461330781	-0.0527897020408021	-0.229000854509209	0.0924834010597825	-0.177461989038084	0.201799913791653	0.105781125232099	0.0173800498600858	-0.00564521660786662	-0.165375525006956	0.0662629095594662	-0.0954056238083809	-0.0275539017982751	0.0382491497720926	-0.146769007033103	0.20310479586419	0.0250358384895818	0.0631389049803001	-0.0245467632825818	0.00813368141549985	0.214820705898246	-0.130254409868329	-0.0943345419099423	-0.0278968126419406	0.0197674061523129	-0.0398646686475091	-0.0332748491642029	0.0434228156336575	-0.00837172268665281	0.0198031424136435	-0.278183344138826	-0.23003343611797	-0.0489133992311449	0.14533516740667	-0.171675392375323	-0.142647357822094	-0.012689131247336	0.0286828189464189	0.0349482708679766	-0.0132509423083444	0.017443848871326	0.0767374295672055	-0.145247589999427	-0.22728428533151	0.23746832684172	0.0505375135147334	0.0529152465302684	-0.151438601994935	-0.155586319255187	-0.0967579046241709	0.015504808636405	0.00125795240563536	0.120425045549986	-0.138589009229726	0.0844501747690787	-0.0354883282196524	0.393258536607895
ATT	0.174924153728798	-0.0820709090559942	-0.055337899622517	-0.185847928816803	0.0476705643086648	0.0305816069983345	-0.0566006381200241	0.244432091101909	0.263140234032392	-0.0137851676433723	-0.00100642977525928	0.0348657743379127	0.0459778860257326	0.029739872414335	-0.188915165290007	-0.0724192948047654	-0.0974975502023198	0.0647044905769898	-0.13735871512109	-0.0325067563174823	-0.172474426591158	-0.252615135568542	-0.00845575840961733	0.0713094180396473	-0.00347707656700517	0.0507073222658828	0.0726558874669513	-0.105790862297462	0.213032460169896	-0.175218660937368	0.0639536986278149	0.0267098341121279	0.234556992362435	-0.0926040096893496	0.0738762715163487	-0.175472902473818	0.0493957520730226	0.193118179388779	0.0233311609701816	0.00788505537592779	-0.0401310528641364	0.148153093321813	-0.093308597070254	0.0323136826910787	-0.069924061853305	-0.0158565445628608	0.0361761301426963	-0.135049136172114	0.151454605554742	-0.0575479838854675	0.29829499916398	0.214983676540577	0.122711931543636	-0.115334639351746	-0.3024883306838	0.0510502216570974	-0.0287623731933752	-0.0190140651202359
ATC	-0.248409868247548	-0.0408587779290275	-0.136985739668637	0.09764912821444	-0.0909467951233035	-0.10005749070878	0.0794397576708246	-0.106247598137646	-0.109816499508814	-0.0138961345607368	-0.00556176927540236	0.115555714072793	-0.130142689146112	0.0651586479652309	0.217339942246222	0.0270471638806529	-0.0265305330386185	-0.0883185704632498	-0.166092749984021	0.0429358841473862	-0.204422151596219	0.128529788233509	0.0636055321003328	-0.169773139890421	0.0268954377448347	0.162753338146469	-0.0472655193225149	0.191401181743265	0.0617214551642222	-0.0184326460669492	0.0888950650887414	-0.0021086989958557	0.150842598300685	-0.149310063249353	-0.00399418577591536	0.0941543630754489	0.0274557815468776	-0.0113517770770982	-0.124601238325558	0.301751073870395	0.123560440097891	-0.209578656440601	-0.131957407218913	-0.0789804265675366	-0.3254129614524	-0.0898033434987523	-0.0116902267191107	-0.125455563564072	-0.0465191733008404	0.211047852206007	-0.027276363937879	0.354502210929167	0.0408379822279889	-0.042312441031297	-0.0999998583330286	-0.0326530091368607	-0.0572138386838072	-0.0159933829602594
ATA	0.13654931842686	0.134960697201774	0.116512533062602	0.238282243266367	0.0788408387947844	-0.0392276781475892	0.0537794428026662	-0.0979021463938501	0.237786140649457	0.0445262118357223	0.0331367064035114	-0.050806923704453	-0.123139134210893	-0.0717717922360003	-0.138107333861255	0.0807185526160713	-0.0214550473993454	-0.0681163415205507	0.240845214291272	-0.0116155917719034	-0.0211090446385868	0.0312254006108158	0.00420161110054611	-0.194722732060616	-0.0822971310136439	-0.242870455711795	0.0180290921812004	-0.0213364196503386	-0.296344417795485	0.0200640447862873	-0.114857568926072	0.1630259706637	-0.145736469733895	0.0287853013070644	0.068980615466493	-0.0440641311997101	0.0650093989071705	0.118348158953975	0.155391297439154	0.114649987908941	0.0844482973494571	-0.0705609251269889	0.021942136381335	0.041851230095982	-0.147789813103545	-0.0400944164378862	0.0607764321238023	0.16639329024918	0.025436423406905	0.082415722528512	0.0226867470475152	0.253771722028441	-0.0538429054994441	-0.1121067541052	-0.232767008530968	0.133837248039601	0.382117011029662	0.0167201628043817
ATG	-0.114743508954617	0.0508065505849384	-0.18036512693053	0.0813392728604266	0.00354202382066554	-0.130555571450159	0.0862292148675333	-0.0146040113722045	0.20485141095175	-0.0350522297719034	0.002361065250019	0.0773639532373604	-0.180365131552987	0.33445512453423	0.0373191472896778	0.265235165919677	-0.118658860824952	0.0311267199130936	-0.0438220505378876	0.108927390583309	-0.216326595876467	0.0496422439394155	0.0164159207494176	0.157582905530726	-0.140599613781931	-0.0327199684962095	-0.201318203235638	-0.134838967395071	0.158551934462112	-0.127712077226249	-0.0452645970709721	-0.182408668068752	-0.286169057147192	0.221020247478943	0.00380734922621177	-0.00169992090759932	0.0508910780400688	-0.0688410588343758	-0.0964343067399584	-0.0903207680506485	0.0599383112357272	0.0746114391524557	0.073032481357412	0.213391206158725	0.0624017773498676	-0.0260897867236406	-0.288000653960768	0.146858309140434	0.0547385624129473	0.109468467615709	0.110640636080037	-0.047635134399751	-0.140428128014464	0.0607614478057964	-0.118661656429262	-0.0362305831128213	-0.0459015568850132	-0.0057635260832988
GTT	0.244574522045926	-0.0248784738568612	0.0791636978412127	0.146210803578284	-0.135473627422718	-0.0423098873269694	-0.0571656357592404	0.0724503621930248	0.0327895699454342	-0.098963610818163	-0.00236573332701082	-0.177760848025922	0.166988187963705	0.0952735686221716	-0.0609412953103798	-0.0517140690425322	-0.100337604441078	-0.168802825320533	-0.176341155489227	-0.00772250127347947	-0.278903421329413	0.0412292712944522	-0.191158030789446	-0.107868275479619	-0.109737474955532	-0.00824623139862302	0.0536773574639902	-0.0618387752376051	-0.0146514207745116	-0.222003907414523	0.0222455993665202	0.0779403634448059	-0.256027246926369	0.0392887119686287	-0.0104995229118399	-0.0465429846703589	0.0146690928577386	-0.115144089120401	0.00682170788465167	-0.149076610322908	0.0389019559547343	-0.229693780651832	0.181224501281828	-0.244558616769362	0.0749830409580811	0.0245562329100992	-0.0307687594491716	-0.316743967101493	0.0547711522653616	0.135582144206518	-0.253944095419505	-0.0350443887735843	0.227930162486002	-0.098895979974977	0.0238733788016397	-0.124933866384549	-0.000520335432867869	0.0062266738694779
GTC	-0.170237721536014	-0.011988788988398	-0.0376748320347284	0.0858105866896272	0.342130950407102	0.10583780209702	0.161395477741077	-0.0452543851712313	-0.0158206663694974	-0.130350808025748	0.110477385306787	0.0551901306729393	0.00529182034137901	-0.0069559821966225	-0.0462799355539608	0.032008775852914	0.0425857633337268	0.207230622702395	0.0884153421643496	0.0397093553150803	-0.0876321948889984	0.0967920242073921	0.1455142603304	0.00832411041453353	-0.0372440787758158	0.104975507328449	-0.00602010917162098	0.0814194463011278	0.115096663561377	0.330734721962428	0.102088868291796	-0.00694840211816689	0.0205211865044138	-0.0475907700491257	-0.022219129489632	-0.0854016280313658	-0.112705992867115	-0.0142546196975507	0.0540757854515293	0.124299862938838	0.0600709647178239	0.0806633107202898	0.234115382416836	0.0216102342344994	0.231497285725993	0.29377035004337	-0.0814009724506178	-0.199681280554307	0.150803891156099	0.0997857296712797	-0.05841653309632	-0.0828364985502059	0.293815218490131	-0.228428848407351	-0.118211453832083	-0.0341666826240867	0.173876155577738	0.0163928689776971
GTA	-0.0668953892830678	0.183497494638986	0.0220736270869568	-0.033971615800778	0.0254073419492883	-0.115814196786994	-0.232296431165024	0.123163668678841	0.0789104013466337	-0.0431718168178937	0.0153350383730075	0.0253208748659908	-0.179956095632538	-0.0143594877908922	0.245284730034515	-0.114259017382337	-0.0720643005368362	-0.278801305383002	0.0233318187443504	0.0793843188667091	0.416345546582253	-0.107118539993778	-0.0787392930959319	0.223350164615102	0.153409926466569	0.0130977396654191	0.0760379623223889	-0.0970319295415854	-0.0796343589669502	0.183575797068105	-0.0466572019546764	-0.0384584343196984	-0.179061507916872	0.125735487191361	-0.0119973107972036	-0.215467871031296	0.101604822612645	0.0492077358455328	-0.23171709185418	0.0802736085064212	0.157052442219913	0.0862138286115047	0.00505102745763766	0.0751333119231216	-0.0265503073757755	0.00117032130739085	-0.00412773057922532	-0.289832402721707	0.0280037509255605	0.0574435079769928	-0.120029069127068	0.0823330839845489	0.106441815721542	-0.0280115818927495	-0.114190917828761	-0.0450140867318511	-0.0179463589647186	-0.00444384896068167
GTG	0.0305908519495777	-0.111786675332675	-0.0581948087170062	-0.163093550530504	-0.321864034534939	-0.00110361038637852	0.0965591388260266	-0.0420937581901637	0.0237005391915573	0.300119518747441	-0.0212141405350562	0.0891689719863468	-0.0941995301718934	0.000501021300419305	-0.0313248865753462	0.102274439486317	-0.0386996503652731	0.117906000217006	-0.0451919638394921	-0.0636114430093712	0.0210550702024726	0.0659270947282605	-0.0166437862977025	-0.026545847068384	0.108115729082255	-0.142754488761865	0.0843493187888407	-0.13769861108803	0.255304277952794	0.12264258378666	-0.0318677786322593	-0.00430392489462197	-0.0558189931596194	0.0918741652357179	-0.326850231037207	0.172331735614997	0.00980703150187101	-0.109217416352891	0.0350981754996463	-0.0151988193939689	0.023556684195951	0.360167157604725	-0.0180206441997766	-0.142706417963138	-0.130297431689671	-0.0667059021670965	0.154459122899656	-0.0948781988906995	0.197408341615635	0.115846355968361	-0.22225179843139	0.0124639835651401	0.0351052389658378	-0.0374047180122627	0.0262876858131334	0.0632742526126448	0.266650254591575	0.0189191693311159
TCT	0.12580722450759	0.165748257844421	-0.120850826156712	-0.0786929498029875	-0.100817304594024	-0.00079673862009344	-0.101939053264331	0.118616471171366	0.289869561213468	-0.0762465662942562	0.0864291376218619	0.114830659918187	-0.139542149227337	0.0566372308964981	0.166386495471779	-0.0534097991124378	0.108221349849849	0.231725987057787	0.0651411239157678	0.0374844461595074	-0.0160943174661882	0.00918521133986666	0.00853514210859309	-0.206577195973012	0.105592974422319	0.122398949330965	-0.17446472736243	-0.0769153608709909	-0.138900972131002	0.0575534472116332	0.0430779632120573	0.107309047159592	-0.0357228210556862	0.0112172043242611	-0.152175266760337	-0.0352042353253919	-0.111162512343249	-0.231703503281079	0.00165822637430116	0.0756669295251055	-0.159280394615617	-0.0809349657116369	0.0102178920876556	-0.161498304629042	0.267505415095876	0.0207332670908366	0.107253088161325	-0.100989629516631	0.00567305901566406	-0.0210821004334951	0.206227161221067	0.208502720116378	-0.091832008367324	0.0979509412863491	0.155190354590296	-0.0994112990627301	0.0593460919127054	0.0603514214327377
TCC	-0.118833088321146	0.0168688516730705	-0.158649720799384	0.0330886895873893	0.144162688396702	-0.112478816630473	0.0977604831617335	0.298573539953582	-0.210587636304327	-0.00710834725291273	-0.17002715713875	-0.138650711324093	0.04190225515869	0.0133330242908185	-0.0282595715495774	0.00244175371176901	-0.147483336792489	-0.111313776783532	0.0331299289472174	-0.0359443618671629	0.0719293701783869	0.152840949447634	-0.141223227408048	-0.117648580089012	0.0848698681959425	-0.216358447999976	0.232212639368145	0.0399620122876209	0.173435733894814	0.0737150488541571	0.0174609639684128	-0.0680920638853201	0.00369597011356004	-0.121610975960237	0.0825258694326405	-0.00731732533864426	0.227459717101078	-0.0429732935269982	0.0958936497636005	-0.0987733118576282	-0.000482636310073118	-0.0730035227425583	-0.118527414140347	0.0562661889316387	0.0509750216407617	-0.016429626897687	-0.206433275658196	-0.00836455741243594	0.213804292433281	-0.0647066692457882	0.105464458851503	0.106538916937691	-0.029055438026823	0.015057017591055	0.131672423224142	0.0161019717325687	0.173783794653219	0.0922470516811842
TCA	-0.13586404884204	-0.181064937547381	0.0795748862600745	0.0151711545332668	0.126563419555228	0.04478533667183	-0.0333128941308398	-0.332453935289198	0.0264783544145594	-0.198485197625959	0.0591399792518609	0.0457412264930784	-0.0880747601487021	-0.0150487892789884	0.0331174316751662	0.124487654417335	0.00495285559243588	-0.12922783400475	-0.0894275075908159	0.155523731254394	-0.0362196980386673	-0.19927673672703	-0.0384445994420447	0.113495190125869	-0.0430868380243289	-0.0621938716368007	-0.0622863393984064	-0.00693791553906953	0.0410055699414689	-0.0706023340364306	-0.00586051511778662	0.102347539764468	-0.0953198582865078	0.0580285723641394	-0.0289501617368435	0.00149051967398028	-0.228124035998523	0.159635012489465	0.153681276237027	-0.0608436008305295	0.11998061398076	-0.00490655377924518	-0.135306175413746	-0.189821316961494	-0.218581735891376	0.0804177839210163	-0.0183998750594059	-0.251731272765945	0.105345672150447	-0.265589462755582	0.0943019654383571	-0.116982055810659	-0.0420128477552509	0.189777464893246	0.14934391073487	0.131528659202957	0.167433409714637	0.0481892483059833
TCG	0.150555286770992	0.0370294925477625	0.0864251415476839	0.192421946133874	0.0174692438760447	-0.206182855325704	0.174065234287595	-0.140906647208203	0.0127828044653646	0.130492663558418	0.0697128736838049	0.101764243038693	-0.0211053704710553	-0.215486692895293	-0.267256433519208	0.000577020818821605	-0.186075741691896	-0.00595577139070554	-0.0183575472097428	-0.00378862170093253	0.0551973224578164	-0.13165540182759	0.107688945001304	-0.0902474055882332	0.0502689506457812	0.0427907385522978	-0.0468522819433829	0.107545578135803	0.0104987618920024	0.0785592958252631	-0.293460698576299	-0.199255522308027	-0.0587901945414472	0.0299296074397556	0.00879276595186468	0.0572420292955901	-0.0815083199501808	-0.123825134474968	-0.123083375386938	-0.0604941173948262	-0.0291457652661714	0.107152401338916	0.11946854966172	0.0789276701763032	-0.187691406286457	0.0165402406434651	-0.00695377996823842	-0.0564562105047054	0.016332092696886	-0.163323170350705	0.108087263313379	0.118916041314266	0.10043669614856	-0.227094788447908	0.168964468266064	-0.277523907997367	-0.267514167518738	0.0239210442044651
AGT	0.100785085400873	-0.0274018272386751	-0.124949136943546	0.0505028783058165	-0.0871583389929305	0.182572210000495	-0.0340145646442872	0.00193135187498506	0.12922124962748	0.0213432077625049	0.343639457287336	0.167244759487361	0.18496901232263	-0.164639028214727	-0.00285210489917466	-0.00447091194519744	0.338103666041166	0.0210746573169195	0.12932049486242	-0.108825093202134	0.138203648285407	-0.0408849349982465	0.0110988317353827	0.00167454117849961	-0.215216510738244	0.0212424059711489	0.21054666444776	0.0738828609919037	0.100928188007454	0.0450873658059582	-0.0290555218139866	-0.0445600564217214	0.0264252820803871	0.122977689693071	-0.0502437483298246	-0.116132889129876	0.142061956264476	-0.0460488518129742	0.0123582960449842	-0.00380467184704172	0.0909656093762078	-0.133898164831402	0.0512591386627504	-0.123617471559748	-0.244703650357993	-0.00975869876701386	-0.311830427324944	0.0639322632065665	0.224134998935123	0.183945297211632	-0.00122957561058927	-0.0476596452547101	-0.0366525233865999	0.186197498112963	-0.0698843261637035	-0.0440739071496866	-0.146781004177642	0.0109306119843605
AGC	-0.0764527891984783	-0.138788111879586	0.20257531591553	-0.125757936764391	-0.201975738432533	0.163962647572053	0.00178128277313386	-0.0674841078855967	0.0895306441575477	0.241896284210444	0.040508497979701	0.022085476359135	0.0151672690496466	0.0543300959794484	-0.0156651062646893	-0.051766989862416	-0.0249694702954336	-0.0761559413912761	-0.109788378163042	0.147252179044425	-0.104146509832558	0.163352107770466	-0.071205956508631	-0.0157974039717494	-0.0575756666961054	-0.135551714159915	0.217930083499741	-0.00322363636520873	-0.120542336064485	0.117497060168304	0.028246622220072	0.129852179998229	-0.0492466125930611	-0.0561227794917485	0.229941750038938	0.0534808227233349	0.0415721058407403	0.188361956693597	-0.103804495323014	0.179731104831461	0.049014794452805	0.261746799059656	0.209406139506033	-0.0764448071092074	0.140966369211013	0.132997502765148	-0.208399300867974	-0.0682614122229226	-0.280794346031286	0.103581895087803	0.1607158385493	0.00615705052218544	-0.134581121874814	-0.0669515002903992	0.0227808454671054	0.035270484293074	-0.15134483285503	0.0449256822390126
CCT	0.049409761445365	0.0339764868954763	0.00951923263715874	-0.367490425560198	0.127538191387565	-0.0689261977232941	0.0269856602133954	-0.148770903743262	-0.0595812569248597	-0.0452412165534748	0.0327293976587286	-0.0798844172527332	-0.0583413066638264	-0.0257513734718446	-0.0299087184872318	0.246035154272831	-0.103020941837236	0.284929775223551	0.114662878958577	-0.0806359992150063	0.0614796225377883	0.121419385729155	-0.0596234474471991	-0.0566748347397712	-0.137490989765857	-0.145459436421849	0.00589977234983321	0.0999114514164197	-0.0644264204965633	0.0694162702571002	0.0103028451185416	0.188241408435858	-0.025095734326204	0.128249533018819	0.146995967395193	0.0435131044157993	0.046626660073842	-0.0596923884997122	-0.155447413542953	-0.127525672150618	-0.0243266180709672	-0.0670469186275297	0.0230248438620051	0.0388765596791645	0.000607117219533174	-0.30264777946505	-0.0730591524629067	-0.173700553665782	-0.0520585123838002	0.00211525471783246	0.0176060216258928	0.145576002959316	0.349200036730473	0.187606327945586	0.0372218033660324	0.220781051068223	-0.201102257563215	0.00364384010997104
CCC	-0.0844920821294598	-0.0747687973607614	-0.221145005969923	0.213101637154923	0.141977944429995	-0.0245072265790776	-0.190577084165766	0.0561126837637564	-0.0950635034897591	0.0398215292706311	0.163363662292552	-0.00526579158371407	0.0355744800718452	-0.0533571893959358	-0.0497334492143538	-0.0506584772936697	-0.0817495445107738	-0.18978439631399	0.161340030537284	-0.111442028227217	0.108744678042041	-0.125590765022121	-0.00575883698432944	-0.136352776023581	-0.0693425508977245	-0.157209974934915	-0.122247257835799	-0.162387669258694	-0.012546615300584	-0.195934858213892	0.162551835560777	-0.168510028168988	-0.0927903413257158	-0.111078265740038	-0.0941482751685406	0.251828322150168	-0.102577718519374	-0.0830611634770365	-0.139406706682243	0.180084339301778	-0.0469832908110788	0.207334542416189	0.0517215322757691	-0.270470025042779	0.102961273766649	0.00817427493539567	-0.0267909434191794	0.0910355176278888	-0.0614002985057811	0.0446007313153834	0.152390712714888	0.00162220138120021	0.219204932422265	0.0191799858336129	-0.0220176323444826	0.309217823504953	-0.12543715525262	0.009543616706043
CCA	-0.00528052725845895	0.153948030612411	0.0422865351717656	0.236233294887216	-0.0665096615746136	-0.0286401752740647	0.0894122571798035	0.150984443351277	0.148108321970131	-0.0645116077057532	-0.157450519828703	0.288270078519351	0.0694453041635393	0.0923625097550053	0.0242376316914664	0.0605420928426849	0.0913937354548692	0.0441510634772103	-0.128301376852711	0.288539470826753	0.0937025015022388	0.0552832518465258	0.167113575844495	-0.035923281843764	0.173978933215483	0.0297854110453852	0.169277703354068	0.0520042294437516	0.0784403731007814	-0.103873794927175	-0.372629444223798	0.102813548347992	0.0870183443941086	-0.145000293607938	-0.0658903035444465	-0.0436786688456587	-0.0155058370266208	-0.0355968538480957	0.00971952432755677	-0.0960034221862876	-0.0443665845042542	-0.0140767034237585	0.0438452941413964	-0.0752574871869511	0.0181373070375575	-0.0512745285468885	-0.114139501628301	0.0142670488984355	-0.158401039802306	-0.0474226993079756	-0.0493826784617877	-0.106597121571228	0.224410231056889	0.0646119693891365	-0.00727052986547137	0.420523157212196	-0.0311987039099209	0.0205580312510167
CCG	-0.0815936615901346	-0.136639515426525	0.0600986341812417	-0.018740288448291	-0.261784686567359	0.173621192321459	0.118072966686585	-0.178276767610101	0.075362166121171	0.115017882774112	-0.0159390077126838	-0.0560780719694949	-0.272147007284518	-0.173119338163418	0.0584995765486785	-0.139170978982991	0.0543686662953503	-0.11993001332656	-0.0977137694765281	-0.136854813469356	0.0520922658425373	-0.0473620649166287	-0.0414365623596061	0.0164742514061764	0.0706484938342094	0.0758235606711666	0.0494352791338755	-0.0175665368441607	0.0514011012300156	-0.135908932557227	0.00360399085118496	-0.0354077801501148	-0.0175496807769246	0.0115787186027499	-0.00124757190224861	0.143617867741578	0.0275796367406362	-0.101724115085293	-0.028689554842898	0.0192639391406512	0.0105839431495512	-0.284259649805656	0.148837085452326	0.250192552258115	0.281504009098627	0.143870078124656	-0.130088127654232	0.105463187545346	0.197400453235393	-0.324613092250169	-0.0180085548314055	0.164524202763168	0.20577874628358	0.0771059181857582	-0.138454839851674	0.14122455309821	0.0309279157787005	0.00190255063289286
ACT	0.0895982894156466	-0.103065447379921	-0.11238326018182	-0.107776731819903	0.0419834497663323	0.0439848008122021	-0.207454661264064	-0.0484352935804733	0.152252736649846	-0.277403219436189	-0.176995064389875	0.249502893447297	-0.130845021445437	-0.0372474576294703	-0.013026313923484	-0.128887286504832	0.0347091529985964	0.0345223405841088	0.22094522187438	-0.0551829443839251	-0.172980851532457	-0.142249112896388	-0.0124105648996568	-0.125422907226599	0.0262352616783939	-0.0750236164011763	0.0597801470977668	-0.0139596990475332	0.120817666167862	-0.0566234627256983	0.00615457930597955	0.0670722136556066	-0.0165218728540012	0.0192217228030526	-0.0026470930013302	0.189361162739188	0.0961432797063601	0.152343940900036	-0.0453544283525008	0.032461951890872	0.226374885170953	0.0707394739926509	-0.0293984809491279	0.184970703785858	-0.0486155600027466	0.00778398779384746	-0.0585161190995565	0.0247706932649254	-0.148220241257037	-0.0644271546397388	-0.211720622704829	0.0303760592130395	0.109119033687646	-0.132022673682933	0.173354813477834	-0.0959281352343453	-0.0546520122394817	0.0683758708735138
ACC	-0.0996959970538816	0.249311504278089	-0.0411524879153471	-0.106791121767612	-0.0879709115144252	-0.0149553041188268	-0.165699208905026	-0.043954805428843	-0.210517359868523	0.104523474203049	0.131734347223291	0.0453680840246612	0.012809086714601	-0.00685066903303441	-0.106591427136516	0.220884012022853	0.0128537917874211	0.0160011955872491	-0.108414375876696	0.0971168466922921	-0.16459575320309	-0.108567725199445	-0.0440670372439798	0.0587461016451909	-0.122435480548448	-0.104658736648629	0.0923168868509888	-0.0508625066210568	-0.0775419759018316	0.0410070888298627	-0.259450735426477	-0.177323021806364	-0.0277503597312781	-0.0520971530148505	0.105774935097684	-0.122515532329956	-0.169904075987378	0.0829904589940463	0.104729146928246	0.0883789485656114	-0.0601259721907999	0.00140222934448045	-0.230522710253913	-0.0650476300593267	0.184350037842018	0.224468309203545	0.144909984255843	0.0541170785889185	0.142166573573318	-0.00150557194829717	-0.178439393100024	0.241370247773795	0.0848331427700267	0.141978949500212	-0.111980780403913	-0.0242123673023643	-0.149733969712258	0.0509033473410622
ACA	-0.150904032247288	-0.0699474448641986	-0.0169516380306298	0.169673735327927	-0.0633989981438697	0.104846594236682	0.246440425508471	0.0708993291486662	0.192421367032387	0.129685054176755	0.019356566824565	-0.168404757556602	0.12547836787546	0.1180180245255	0.191579164929553	0.0176399339425053	-0.0757786636930852	0.0239605557882298	0.00351046223413681	-0.000257620601535502	0.298534477409858	0.0455543997039656	0.0197619982413704	0.00250122029951627	-0.101302500560676	-0.0762057476476362	-0.242112888130505	0.173713324765108	0.00010958878217349	-0.192975299281204	0.162535868197591	0.140731891421206	0.113634954717792	0.11660138724435	0.0411391335130215	-0.153323973711798	-0.0813123993510115	0.0525481839165071	0.0987570754633129	-0.150286122044665	-0.00982028817909715	0.215375913510139	0.00420015407330543	-0.0654306474443225	-0.082463313226461	0.0370884611029054	0.0252525486856485	-0.0303393376921783	-0.0405871141643018	-0.145519697289745	-0.0820790186140485	0.206811721222504	0.13444191619788	0.0058798491927307	-0.0557526553012669	-0.147158973692427	-0.091586622444698	0.0637444305999974
ACG	0.0506763764372939	-0.178215328429736	0.130706245865104	-0.0455027161351625	0.128902422430243	-0.204394739333303	0.0618161527860202	0.168659527283879	-0.0500227592652681	0.118004218991406	0.159100291836254	-0.0829792455049884	-0.145027049264844	-0.16212715291426	0.00447703313984432	0.158212214895369	0.0672291134741788	-0.207479995867996	-0.0888903898918373	-0.104870579364329	-0.14292008182018	0.0540167878223279	0.155463859030933	-0.0950696742214212	0.143557123794278	0.193067864966848	-0.176725235151706	-0.124569850965048	-0.00688125854002362	0.013458783927731	-0.0448193316226374	0.305299093360845	-0.0647066481884111	-0.0419926220153816	-0.0108607447362911	-0.141549386489734	0.0995243985916051	0.0247381164815737	-0.0595459927688459	0.0849858641026376	-0.0200090678879053	0.0390928860776042	0.120189440989792	0.133616380756335	-0.0731281423654252	-0.00401868858441913	0.128687549481128	-0.0430849591523299	0.216695846548491	0.0928407799224805	0.0657255934456046	-0.186470007146237	-0.0544812743501112	0.105642604322578	0.023605489583722	0.198220969473191	-0.148600275883242	0.0370988094343626
GCT	0.079611739768428	-0.0096752052227498	-0.0212051470352893	0.0555278091805878	-0.0189066111991259	0.261693937334858	0.0886482237245667	0.100766448698863	-0.154805437019523	-0.240853237328401	0.130333338625744	-0.0156795898202388	-0.310854020684541	-0.099094180193384	0.16514269610388	0.215968206337525	0.116642951730564	-0.167696881417494	0.0582826655898077	0.0227806319514696	-0.0899330332198117	0.0644191205764055	-0.104680847498485	-0.15237195237415	0.0418730092646997	-0.209128602875222	0.0376463974239331	0.131600843722302	0.0786398106154165	-0.0280197352635031	-0.203110100166184	0.0152255170626556	0.0362332871951449	0.0474454872463319	-0.0473918861730039	-0.00818511189777762	0.22858133537858	-0.0762663979772085	0.045946881379657	-0.120692696842211	-0.0911326848471796	0.194754842139514	-0.0362945621025262	-0.103705084586313	0.0461259085709023	0.157609587325015	0.0569719658282667	-0.138307931636424	-0.104634161210858	-0.0921026159029543	0.235456469000629	0.0301426056188474	-0.0194474317538001	-0.0219490702058721	-0.00966155838260925	-0.149242536535798	-0.0546587201372879	-0.113524865850677
GCC	-0.0208808458246999	0.063833318827613	-0.30598238064464	0.029240638421484	-0.0790882608824272	-0.0650482869550071	0.00130459663579879	0.0463024603221402	-0.126749326459482	-0.000798162910190831	0.262535265306308	0.00590895344780943	0.163932998069405	0.136612665619737	-0.12191852812015	-0.14285945284623	-0.0304531219964376	0.159547503773471	-0.143417864405491	-0.0332688407622612	0.0887829038817758	0.0870969293578447	0.00402519652007435	-0.160129812106245	0.0634218053933494	0.0360019218451482	0.120641978768478	-0.0884507261878447	-0.0461846055312077	0.0253372461466885	-0.0541793131272347	0.217010386893711	-0.231701569344818	-0.0458313780885388	0.0349517875619839	0.0246870917446092	-0.193878527545285	0.131410291368504	-0.0892671771871084	0.05607937914394	0.123999551730054	0.0247177736098333	0.057708418108131	0.12302493032653	-0.0678213558733402	-0.00443187608266207	-0.160382609926076	-0.148049565131988	0.049307183897355	-0.324607572066454	0.0929078326948126	0.101594449701428	-0.155968658168354	0.0304707899846702	0.112869007459563	0.00762726183012247	0.128944541908872	-0.109749260308279
GCA	-0.170893589925848	-0.140387859580188	0.159586917592362	-0.0884053874802571	0.0567652962825038	-0.0611141514073938	-0.0201121985835059	-0.0145689676216031	0.275459370427429	0.129267427119082	-0.250485536194381	0.0687166829042349	0.062943278172191	-0.0150512667293731	-0.0423640106848683	-0.00953061378682294	0.0309687114544061	-0.160980125572453	0.0681012138590606	0.126696612452182	-0.0386912256591751	-0.0282745057886237	0.0687954198642431	0.0322630048532425	0.0157720788551318	-0.0784234419589949	0.0067800071800126	-0.131400388142899	-0.0966379806777326	0.218650288290737	0.0647011813333393	-0.148342208511336	-0.0225648111284263	-0.0589857648480318	0.0255999692557661	-0.0129068707813607	-0.0374399294574781	-0.117968982775588	0.202337824573933	-0.00944927690481847	-0.0727182995083616	-0.105458769695124	-0.0175720653564193	-0.157426943416519	-0.0072619142682646	-0.108834667218008	-0.170418270329113	-0.0518084177112058	0.169501949056054	0.062352646712426	0.198381535995366	0.147396168843981	0.128853297442399	0.0578383162323369	0.275695338573326	-0.068937583200536	-0.0254734134253972	-0.131864881719242
GCG	0.152304270358848	0.102903082047691	0.113580265474801	0.066478208385797	0.0903423841823779	-0.23123055821703	0.029711835353466	-0.114496331879694	0.140786074751079	0.0893974234349853	0.00357982235682665	0.039838278678931	-0.12310686501747	-0.170018602712769	0.0347464475616576	-0.0221166436814688	-0.326952239457839	0.194406915339667	-0.0135633618516945	0.0689220798750607	0.109956584682239	-0.122512546195552	-0.249292757020733	-0.031369991375873	-0.0508733813787854	0.0235869008411673	0.0670159225349663	0.286653283705362	0.233773400065603	-0.101149961184059	0.104767482042927	0.0116748944049151	0.124257928569321	0.019611600006751	0.0674536305763018	-0.00837985284087394	0.042646731028691	-0.0249458267159106	-0.155970307462497	0.0880271852296873	0.0455607803153338	-0.0612576894152008	-0.0366350621552948	-0.18726699280471	0.146409932285171	0.244701231263476	-0.0497018395683065	-0.0260665489156041	0.0698759477893671	0.111745580841807	-0.020961669516211	-0.0700862805942868	-0.265366121591255	0.0864381253109576	0.0748029973076078	0.163772708230099	0.0624516888091811	-0.0583598211056116
TAT	0.0192522234261312	0.0242599070785117	-0.18544398384295	0.0953010249948195	0.128014264061752	0.118559813990714	-0.0740772814366773	0.0657357613066723	0.125278947020708	0.268040672908689	-0.255342470026614	-0.124661244342613	-0.134777296394153	0.151195971840778	-0.0712863777793253	0.150989901977933	0.126998701654205	0.00941929323124413	-0.0834772348188165	0.0729042661295431	-0.0353462843828705	-0.220934914791341	-0.0253304856710978	-0.229411160700924	0.138252764173168	-0.0589252401439782	0.111513576599764	0.186203677968171	-0.0695469403618773	0.0979152901145902	0.0736392611236606	0.151287194092483	-0.0519429264812645	-0.0191094013296719	0.106312867302044	0.0578183831093749	-0.053804788994627	0.042123125192302	-0.252120348555459	0.102578143551946	-0.0227733391757057	-0.00926150314966882	-0.0267726062668173	-0.0703158196918642	-0.0715711527448773	0.031915376557054	0.0266368060290444	0.127503834348048	0.131264133664831	-0.0880285723378344	-0.0395440310970003	-0.282645535384359	0.158045935142945	0.246175137932115	-0.0737408717122773	-0.306125431312487	-0.0230335999073238	0.00306344864603246
TAC	-0.0891869270409872	-0.0564288218544649	0.0903365833740441	-0.000594070106182426	-0.157669772304626	-0.273091156972538	0.00649331303052458	0.0516665397767076	0.093421971564604	-0.0873129324079745	0.237939448879129	0.232098246839622	0.0564342211822261	-0.10941404735236	0.081723164771106	-0.100162244060268	-0.326271672680947	-0.0437181548975628	0.0764588714764977	-0.0380082594317291	-0.114200481301413	0.220078285446668	0.142783522738016	-0.0742618528452789	-0.0156055436675156	-0.189318739982667	0.0145970824346805	-0.146796138002658	-0.0482279882145209	0.0211653730809043	0.0552422841691527	0.0849736894142272	0.175071691274576	-0.068167256371257	-0.00205054459097577	-0.100801769166914	0.0582306185147692	0.0204283429116019	-0.00173514623496571	-0.0179958136719851	0.114079936399029	-0.00162399491625083	-0.129292512260883	-0.000672981557433696	0.0570542454564021	0.120218819660574	0.0100558329859454	0.154527301315984	-0.0294766759423401	-0.115695740597414	-0.00743828611921356	-0.205398592160668	0.207236491024473	0.318816643664635	-0.0302690061953695	-0.285190855716482	0.052051056856042	0.00629749229363051
CAT	0.0730128389506054	0.0961253245303138	-0.286152863055497	-0.0089028505970666	-0.106718602221758	-0.111208832699683	0.00228536574795157	-0.068973002902382	0.189408391314606	0.0433966867003604	0.068548930124281	-0.175599571645799	-0.00304442611180645	-0.0813048766211086	0.0620847522534767	0.194996825834829	0.0190162969528193	-0.13281320534797	0.0228575018360553	-0.00370504683833934	-0.12069753146171	-0.0860703681906532	0.23397741978623	-0.0605658833597466	0.0791544262556578	-0.254141035210562	0.0091202268510485	-0.101623200810141	0.00250890593655978	0.188526104136456	0.219555887007096	-0.0449235698616559	0.243844489453914	0.010625340932623	0.0856523706184441	-0.117611963423442	-0.0373423024834206	-0.0913932881465845	0.0423909262300697	-0.0393751232367062	-0.0525372637059754	-0.0947625222877306	-0.0170565700981469	0.0103173894865086	0.00501267328082866	0.0400390744562071	-0.100441124461645	-0.120636451954923	-0.123051420008989	-0.221387152040725	-0.306262982087834	-0.107673911339604	-0.166415591435387	-0.240416326044052	-0.0275125901417371	0.20343833540902	-0.147123806871581	-0.050093482797139
CAC	-0.205224040182483	-0.166600042663659	0.149970807357929	0.0229673987051368	0.0468830033945444	0.0163506895054817	-0.0896120106109983	0.256469659062588	0.0275451666283171	0.0651122792696828	0.0362534085848419	0.211158523280877	-0.0551183987339888	0.0311080378742516	0.0180790503612444	-0.0370866005334543	-0.0393689583461497	0.127801579859325	0.0263805153268414	0.078776580697068	0.0212657576074441	0.067367789304687	-0.14294467811655	-0.0952947552772979	-0.153485565685606	-0.0475989563935422	-0.0126159988524573	0.120965012010415	-0.0341203442762736	0.0409432250757432	0.0323059595536329	0.206667696496841	-0.232165879211748	0.0877259457921476	-0.116364522031377	0.0235905257125339	-0.0220651154422412	-0.00129455483724598	0.0875744394362611	-0.0207751275272042	0.0508000713904433	-0.0819860083729959	-0.252218263644556	-0.0179365972238413	0.0498747462385378	-0.00767384046456025	0.111351434399158	0.165078288966436	0.193161750518387	-0.149573750436766	-0.153765370678306	-0.0599979705721797	-0.0226302689006676	-0.353300662799732	-0.0720337154354173	0.101299901341152	-0.315248718320249	-0.0830288371603932
CAA	-0.131539858901776	0.27410295226206	0.0417056556627458	-0.00731561908375556	0.0870034969241525	-0.0258449603367297	-0.10190961515498	0.140663033210038	0.024108940890781	0.00470892991628704	-0.122106115035457	0.0560789693812595	-0.107340159120878	-0.10431112949081	-0.0713337652111648	0.0695104040732042	0.118279549784334	-0.0127189072540094	-0.130580293820749	-0.33691882069698	-0.102749419473581	0.0861338595106251	-0.0482814950777279	0.116115968986202	0.0405599403117316	-0.0443452469552916	-0.0910723917439172	0.0825152959494766	-0.0764789063031277	-0.21741589046914	0.0251661733317498	0.126850354112098	0.103330238348953	0.0461529315599878	-0.0635332932578452	-0.126881131867091	-0.039752312411991	0.0692458353204342	0.132213280623521	0.132029144878385	0.0308841691834931	0.189300596073792	0.17167519675141	-0.038919214615344	-0.0473628271166922	0.125280281322437	-0.241893669437017	0.0861438441032668	0.0970790709220931	-0.0104980123129305	-0.177570003430623	0.149129864701345	-0.0432849580162246	0.00759632371967041	0.390539585396103	0.00538674742233883	-0.0740964564786372	0.00369216977432863
CAG	0.0173302615425012	-0.288486035365262	-0.158109208928937	-0.0318515079723148	-0.03132777952437	-0.0089161072963229	0.109613287696055	-0.0655246938392175	0.0813115012671479	-0.0707172705805988	0.176415032425751	-0.104631752950525	-0.0476660413175705	0.0868401625815631	0.106667236864373	-0.0332113430719629	0.0613467303820807	0.0112056209369796	0.0633508965179321	0.262083086568733	0.132043078365232	-0.0904894151267593	0.0776206072742214	-0.128843824202352	-0.104625437953306	0.018187329351485	0.0500411140935589	-0.0579293292391027	0.0346712305223222	-0.154112334946279	-0.126554383285238	-0.0570181465618444	-0.0358800594219063	-0.142675134964262	0.278818172953078	-0.17050905221277	0.114177665884795	0.0867937585499766	-0.0541068966517878	0.080225616831705	-0.134211027753473	0.0448581980598983	-0.0464544235212399	0.100134228370231	0.109442206839198	-0.00803609727460954	0.143381628221722	0.101032361148924	0.18435918218151	0.162334289772616	-0.17920315045565	0.0636454175602404	0.000472573844604264	-0.0928626091624412	0.434601805831001	0.0201654385044194	0.0156067684466497	0.0178827834462526
AAT	0.0883553113058105	-0.157718489023985	-0.0840661125765663	-0.0258733280710981	0.216606578364869	-0.0392765508046438	0.0533510903149149	0.10940066058809	0.00979181157424758	0.126759798344174	-0.00247716188502359	0.111679092209226	-0.0482613441814038	0.0266779926645095	0.32901506550048	0.206091263631723	-0.113236197702106	0.070373259572281	-0.143409697011587	-0.207605372653661	0.0662713267442862	-0.0097088868015166	0.197085152859016	0.0892077685551417	-0.0446652439203755	-0.0690228310649591	0.462541306223128	-0.0789355075436435	-0.189938161992167	-0.187881227928614	-0.00519935144090748	-0.0955805675296972	0.025949539844937	0.205315365299539	-0.101552419696239	0.0958843307007309	-0.191215249554074	0.114799552113681	0.0425491757384444	-0.0268592260649444	0.00273768545441729	-0.210933356458405	0.112576367353566	0.0268659724944497	-0.0148068943882901	0.118038450286002	0.162052712413927	0.0064944946200523	-0.0851116893062337	0.0919483819543272	0.128071040531888	0.00497803860258735	0.022087877868831	-0.115699873162568	0.0925233093309096	-0.0548818655359156	0.0251689714646894	0.000448523810738396
AAC	-0.231997376197229	0.134414756526781	0.0993601779014844	0.0550707286811734	-0.00752217125296093	0.104862160159593	-0.0906736108293018	-0.0111963477547686	0.00302344384393611	0.0590992659403069	-0.0159051113857366	-0.146333622520432	-0.0891979013549681	-0.0776647606862322	-0.226529748865795	0.0372187832016548	0.0979452114945391	0.0855534879344188	0.190717490222298	0.180784683024278	0.049646937545613	0.181455353675605	-0.0224359450912423	0.0626887008066866	0.00330030383025447	-0.171029936050076	0.13073133534641	-0.283163106500957	0.387066363874869	-0.215321813182371	0.0715438175522163	0.118032916589637	0.0432567590499978	0.0276651792673158	-0.0488124833716175	-0.195023574615698	-0.158247792726134	-0.133220026009352	-0.170799459148913	0.107353548936379	0.0573401580125089	-0.236583620566248	0.107326917275991	0.0669979170197005	-0.146082712797823	0.0369701642934484	0.236130788385784	-0.0033239165363732	-0.122660660796971	0.0133808450954553	0.119560286797119	0.00199977604713525	0.000909190501367917	-0.0503976860336586	0.0944421460715562	-0.101217129626044	-0.0566397593302435	-0.00393232390220376
AAA	-0.110321477111899	-0.0109915133360477	0.01657665311596	0.117413076020458	0.0666514439067469	0.0932843771648343	-0.0573031536893507	0.0384485390998499	0.390733229665872	-0.0555577589882117	0.0424969177955369	-0.170831285117057	0.145726960340625	-0.0769369953301073	-0.039738733161197	0.261913680407997	0.0153952567494383	0.038716568979423	-0.0332998654859484	-0.100044774703034	-0.0403884137842827	0.286919045473028	-0.245176688391574	-0.00323472800716447	-0.0921532851498771	0.274946783331303	0.130984329545313	-0.0429032077880235	-0.164691133014248	0.00250130572761945	-0.0708842643838611	-0.28933550770271	0.0874821820463779	-0.128597771925977	-0.0173397517016206	0.128705523829029	0.123413711608384	-0.0816411936557542	-0.11319553035823	0.0773411576500212	0.222111587165345	0.135332214323005	-0.129571621548053	0.0985534866807675	-0.0104026318627245	-0.0356347440893242	0.202521896040009	-0.129640278377916	0.0140364681911497	-0.19998970820894	-0.0365373227369431	-0.0664317717862385	-0.0247059387165074	0.0529283340460555	0.0776934092384326	0.0703801213191017	-0.000420208364202729	0.00417288486607253
AAG	0.0382112241426961	-0.103240768062832	-0.196056325732678	-0.0238231566691802	0.134239965459119	-0.150834947438104	0.0879877607933991	-0.0438572376393405	-0.18552842086224	0.234545313454163	-0.0817299070990801	0.0226897955135935	-0.00164288915680495	0.0208774953944277	-0.00690052934427779	-0.155126368423764	0.144356673413589	0.0636249740938466	-0.00622492219453212	0.315292139931481	-0.0697740038638043	-0.109609666229658	-0.242603660516732	0.00242281783604487	-0.172258521077285	-0.0843435549270627	-0.0881357888845794	-0.132675263032085	-0.306351106331737	-0.09752375864996	-0.109360871023889	0.0585220283752824	0.339346184485015	0.105474186141087	-0.248299817721905	-0.0915207954761608	0.167968885144248	-0.18318378344008	0.0539140995875914	0.0366649144279591	0.306913500147622	0.0245796818851565	0.0961098676057178	0.102074862804684	0.0406989892569353	0.0536923474452693	-0.0266281440246821	-0.0934170374262252	-0.0086946162121516	-0.0466675740910788	0.0379451503780558	-0.0270132807562306	0.0224974291371506	0.00649135368941737	-0.00393964835974525	0.00682396795261953	-0.0178014258923441	-0.00029731388265015
GAT	-0.0456607580620584	0.0656695826132936	-0.25102961670514	0.0404603287100006	0.163893176561473	0.0996631697829416	-0.154429276666774	-0.0521855916849713	0.059409066678572	0.155633221853935	-0.0336613123781904	-0.108937728922212	-0.0145018272774353	-0.0901484756309762	0.0958847803125061	-0.209045723671701	-0.256919351701028	-0.0284261152913164	0.122522873010317	0.149438983202881	-0.192255483445225	0.108645626076674	0.158748680735594	0.125101014047987	-0.104574052265048	0.139842474328266	0.0656127204825463	0.091675635902092	0.143781386332152	0.100129325536353	-0.122157977718003	0.0454436671432882	-0.0999538383188856	0.0181343486068746	-0.124138980052311	0.0402789297116067	0.237715554233872	0.188469903880758	0.18719588586263	-0.0657097962230239	-0.0874828213156792	-0.00743128078839306	0.331824258529055	-0.1385866654514	-0.0221851980044923	-0.0776595364814299	0.218419606641153	0.0399934752326893	-0.00641502718918696	-0.1605900819648	-0.0920915146115884	0.127689642870208	-0.0759127580294466	0.217114993427606	0.000307783909467256	0.0265895241054251	-0.129778358857394	-0.0180704932602231
GAC	-0.124301786545765	-0.0673893477498585	0.0999032733799349	0.00252009382751952	-0.0491699620968014	-0.250281504637032	0.0255481743260871	0.184393391627253	0.0228083200187319	-0.0538055359806433	0.160333004995237	0.210006618629366	0.194097150037532	0.0647850756114809	-0.102403128619468	0.269406316251134	0.212278499163387	-0.0232655466506829	0.0131307248864429	0.107626087318365	0.0720046675591943	-0.200574165698382	-0.18688096697696	0.0403556151331056	0.106361233714002	-0.146498408544339	-0.0908429554021072	0.108440372051899	0.0618204305190746	0.0528422650159028	0.183651530017383	-0.0554124628918446	0.0177828056406851	-0.0602529413212895	-0.00518206984901005	0.258093043841599	0.158575922150404	0.178866306998255	0.0223131003760871	-0.0462023026964304	-0.0696692114394611	-0.144609670626255	0.386132838459718	0.101170810821972	0.037484788444504	0.0433199432335377	0.217036644409855	-0.0576587313512629	-0.0654159138697137	-0.0590856992510317	-0.0819730189132997	0.157896525208577	-0.0669274850048042	0.118579578452344	-0.0141346285237397	-0.0569143143087475	0.0380948542449557	-0.00672257246032217
GAA	-0.111658716367804	0.123216860499599	0.0493109660886772	-0.0283831730544328	0.175313609046219	-0.0603140301009818	0.291142773140242	0.00360385941095547	0.155742738324486	-0.0012094899752912	0.074103604741254	-0.0353898405783603	0.0261714818161085	0.0388960040693503	0.170026790309215	-0.222907329535418	0.122327966381526	-0.169870959477235	0.0414165588839909	-0.155038336888573	-0.190774359172689	-0.109048071965297	-0.199719511281292	0.118155207619496	-0.265741653342039	-0.132346725428103	0.0793334280209012	-0.0707674397076216	0.0541067659276026	0.137899576094724	-0.181769398062934	0.166404113437278	0.0740247559908229	-0.210092353083527	-0.191399580637611	0.107299328547239	-0.200561967799769	0.0390071216901284	-0.35299647302654	-0.140326777474569	-0.275088566025986	0.0143745727397307	-0.0617146031856122	0.0524216947506982	-0.0114645802499387	-0.0510006974279989	-0.00489883391131967	0.0146281424807412	-0.00493749070437963	0.0168076979555344	-0.087587470751113	0.0408547107508634	-0.0614244505239279	0.00464341952709321	0.0160362407819181	-0.0146531918866334	0.0291003569893189	0.000903077651190711
GAG	0.0585950540061867	-0.213074597746836	-0.163272683289936	0.00846549847287454	-0.0564570143283874	0.0534778038575359	-0.246881912992669	0.0323674422756121	0.0600406246635474	0.00193916305964912	-0.0753714409862624	-0.0712760942776691	-0.173652051448605	-0.177090496444709	-0.0829373917395608	0.113189021604162	-0.0768234026181688	0.0762037354422382	-0.101191302687697	0.0443577649077946	0.207592296266364	0.233720368922086	-0.111074049115265	-0.0536809040171027	-0.0346976799086774	-0.0779597024613872	-0.277701479494915	-0.043726350306045	-0.0448184599602185	0.0823745623626666	-0.170559472241641	-0.0591953924771962	0.14245020407453	-0.278773222494887	-0.19442403843258	-0.00218818702329236	-0.199297053328368	0.361569578406981	-0.064084364869128	-0.257686648572986	-0.0260125810195361	-0.175087861367308	0.0802672927361477	0.0170645300916241	-0.000264672308271582	0.0599467997682731	-0.164115788804513	-0.0146052446787918	0.0205559781103456	0.194130191001731	-0.0156824867287658	-0.0178610273999149	-0.0329860724334131	-0.0450185057011951	-0.058676202939247	-0.071143054202174	-0.0107841431862664	-0.00435470343430691
TGT	0.1726013648356	0.134085551452625	-0.0821264704771353	-0.0345070233161953	0.177732859020185	0.0941887642573328	0.043929818419798	-0.121520240481123	0.0942696424078849	0.00587785827173981	0.158436929622976	0.228690409310505	-0.149793028398654	0.0950475462256953	-0.0484011164554219	-0.15461778654115	-0.0125550124633669	-0.185777013769475	-0.159100166356894	0.0467242911883061	0.101015982634403	0.250089703886393	-0.150219505767198	0.0494300932412102	0.0834590382057818	-0.223625416115617	0.0142087328606429	0.121842903687618	0.0305311204288521	-0.122618630592765	0.0676240425378335	-0.0588882633365595	0.0909552683463518	-0.128126904190279	0.136652021405956	0.0936654093801869	-0.206519406096493	-0.0936075501790166	0.288787110439542	0.146179717642972	-0.0261799651968335	0.0379140503257647	0.0931490754588499	0.161347590697543	0.0664057954919559	-0.335154526331174	0.134000350446961	-0.102241640595844	0.166807598854615	0.0647667944477456	-0.0511741921829449	-0.170254614301018	-0.037388978849399	0.031021443883213	-0.0717620463993286	-0.083640657259383	-0.119538682163439	0.000672779211699608
TGC	-0.176088248265032	-0.129291550210481	-0.0573525994167023	0.112669256274014	-0.154534870342194	-0.146230833292576	0.0728416489243939	0.222033828020191	0.0478380749166923	-0.0461892698365736	-0.0854281951786415	-0.207555561069859	-0.0527309053626219	-0.180988829840799	0.0219780476756745	-0.0251508236364329	-0.0193484489825831	0.0558706032553148	0.177465718634747	-0.0961732487174164	-0.00711319777870922	-0.225888054554104	-0.0892754393594769	-0.108378039892634	-0.0600205399583636	0.0905305828155057	0.0886834072006882	0.0200084345027706	0.121400751574034	0.0456798650094536	-0.221634542045439	0.0634574653818987	-0.00208984576497674	0.111568215550148	0.0976027256480216	0.0886538697988989	-0.317211940583981	-0.0257348263439135	0.362875257531892	0.14762122750998	0.0798730226902247	0.0575687015139571	-0.00608020569782249	0.15707055548474	0.119298391356447	-0.126594758482828	-0.0486430134809872	-0.190016627235091	-0.17769183598861	0.194867210554036	-0.0299155026636942	-0.0679166109867824	-0.0706803038882118	0.195812562008025	-0.0921960056454235	-0.0444879835477449	-0.0996678295603281	-0.0114274140398768
TGG	0.0534386126425234	-0.159904447852253	-0.172171756261084	0.121970096150844	-0.136322336917584	-0.121099083330207	-0.0369172884244659	0.00834823048575429	-0.0463024794085646	0.0917870040033253	0.0448949476435222	0.0403871159708879	-0.0931039512039029	0.05635936623121	0.0211574786762468	0.0648421663543506	0.052609840598422	0.0713773433993822	0.393983450954331	-0.0712810837272385	-0.137021667099275	0.0661434413132697	-0.0924395095372121	0.525624211009406	0.245060935340669	0.0625629903656088	0.0595654071318488	0.117882284158064	-0.132854510481603	-0.0727116773570224	-0.0578151400550671	0.174478019583323	0.0131276233068578	-0.236881432131959	0.258083937127147	0.0422619496211231	-0.0996628250476347	-0.135067601335506	-0.0475151884529334	-0.152784612790565	0.106341263443277	0.0144002536833084	0.0048503820875069	-0.175769545273269	-0.00525237540514951	0.0159554662602842	0.0143537794426009	0.00458379529807178	0.103374107102001	-0.0106966624725198	0.0435802459910201	0.0262198469144683	0.0160278224649368	-0.102503571247416	-0.0256363701044229	-0.0279585284780933	0.00188761504821129	-0.00177634539807932
CGT	0.0504637482923563	0.0498758754721279	-0.125381581523991	-0.186696979985707	0.0509760930387813	0.0237438762050593	0.322641382739896	-0.0712553567395888	0.138910983084944	-0.21867753141817	-0.029670807042686	-0.162133939245711	0.0676520921194855	0.100892274509013	-0.170532777982717	0.0438171709697089	-0.106243494975001	-0.0553279251958861	-0.0496914644741991	-0.00489127766503561	0.209834617903223	-0.0231710951545795	0.0200466035211179	0.136876885933903	0.158034074846411	-0.0298144031552377	0.00965071576551178	-0.138250007802192	-0.0224706437369184	0.0656414002800985	-0.0655111405085379	0.205324077660415	-0.0990019730815431	-0.119600504788074	-0.190873148262874	0.223069813322283	0.13798217159585	-0.0314298140455935	0.148268822912227	0.158781284699833	0.155110926234504	-0.155713348535149	-0.114276285910052	-0.16920291313895	0.006011764430607	0.246694811700822	0.00474402460764693	0.0853574194635757	-0.00063299602547306	0.089943968042616	0.0382214733799873	0.0260288653672075	-0.0951445049773156	-0.0168139099052392	-0.0408344854644583	-0.0612874220056024	-0.332035457311227	0.0468171429184202
CGC	-0.190571491090803	0.0530584291208805	0.0412341346944431	0.0863941380011191	-0.170337790694208	0.0110207743280874	0.0474160952014964	0.125613928532603	-0.0319919478758668	0.01333979261716	0.0631125334131547	0.0713411931587551	-0.381715211925718	0.210422773640828	-0.205404023944091	-0.149628188916568	-0.0720767294852364	0.12318975453419	0.0887643707631297	-0.100934540320883	-0.00174027588757976	-0.071278132718166	0.0222789708517888	-0.0296044073320718	-0.16820275557891	0.0235998191114549	0.0838027947911894	-0.00161233531395784	-0.189458126940053	0.0718726923467765	0.0978673590822126	-0.168406521692564	0.0652331063004915	-0.0123991032947804	-0.00981769534029229	-0.0266972885760855	0.13730763118233	0.0671406609590557	0.0501677560054531	-0.0643592888817666	-0.193177750244468	-0.158217700213005	0.0270733948337142	-0.0979333249450277	-0.145244918008249	-0.032354179879492	0.00319918001505144	-0.268822810351896	0.0386141377105768	-0.0968108544472616	0.0766890431287292	-0.205427858495892	-0.121165656600172	-0.0539685333894784	0.0384983127919464	0.0840224492306353	-0.0957911661338259	0.111540350800299
CGA	-0.0267482478633181	0.255603303658242	-0.110541733302464	-0.0425878117721431	-0.0634103212453574	-0.159957568876143	-0.129477267255492	-0.076360935495371	0.0739843966249943	0.128570369158973	0.187243736111455	-0.100808787465775	-0.0537423274004436	-0.0723920460862909	0.188306398536428	-0.0278774777465557	0.0898115142755484	-0.0434054787549152	-0.157952295081962	0.0925782900046857	-0.0336992495781794	-0.0311071729221376	-0.27255329794632	-0.064859790774369	-0.0165436644006669	0.168003022461499	0.0367562226154271	-0.00179018195995338	0.118703682498774	0.163048540920104	0.141558751096774	0.0768226233395614	-0.0600755738830167	-0.0284540953936604	0.0916612205008623	0.100989662510544	-0.0127842445683565	-0.00702356324289144	0.275207594656807	-0.269606214537166	0.0424812408932238	0.00927347395519689	-0.0299145929664845	0.0992079829676246	-0.177008477188196	0.128271689263099	0.0337349742112354	0.218171814984094	-0.118858153380684	0.0845941308646687	0.253183662944726	-0.102036551378205	0.2558907893267	-0.199597116426893	0.125371696758023	0.0620727675399248	0.00216951044517344	0.0447800266262831
CGG	-0.0771419475059096	-0.194647363664547	0.0310161453753552	-0.00992650141793561	0.114547454950374	-0.192464130909957	-0.29069588498613	-0.177850096409373	-0.00886316117546329	-0.137670446039787	-0.126612464568994	0.0579743897863111	0.102806288079857	-0.0639867152689793	0.0502768761932906	0.0883253377919588	0.0540148718298953	-0.0929434042914022	-0.0538544851299711	0.0752266616234419	0.0687731838880879	0.0993233914357472	0.0157303524441256	-0.159441568395646	-0.0442950303882939	0.068431475452865	0.218124173385081	-0.00750890422551055	0.0397607205017298	-1.45055241335904e-05	0.0133612976626616	0.149752635099763	0.0483999193092707	0.026700061455398	-0.00414481290730218	-0.0142116603168483	-0.0950471322291618	-0.300619068747114	-0.022546948259587	-0.126499795544323	-0.160686179628057	0.132543654269889	0.101038811863661	-0.0349928850720169	0.050562439778807	-0.0249398414318814	-0.0804490781221727	0.0375974820970915	0.115176761133052	-0.119482957650834	0.0170980265080938	0.14631822360402	-0.297157413670283	-0.0830721688377773	-0.245593516809997	-0.101700480435134	-0.0733325748896952	0.101349578097787
AGA	0.0277538081629148	-0.0624425119418867	-0.00385075043188625	-0.0395562699986867	0.134246553619595	0.300916815733666	-0.00237993002931903	0.211865423424637	0.0525825032883975	0.215746926405432	0.114291685022338	0.0806894536335451	0.219017455181266	-0.190271152878533	0.0777626652091251	-0.0877758477379864	-0.100161096058946	-0.0222899695215852	0.0446985263842382	0.132237639214987	-0.215273644867483	0.0133695298193176	0.00774715379586533	0.0198738536017078	0.265757498909014	-0.173618983644179	-0.196817493962399	0.141863084355483	0.00259605157635742	0.0288441136915669	-0.0298822967561396	-0.0965412990193767	-0.118871927543779	0.141389442603571	0.0280700128587433	0.0454877910423089	-0.112936079499722	-0.111085164822595	-0.10176199085216	-0.0783270224517486	0.0670607730665669	-0.16809707256857	-0.177278463163917	0.16340858083657	-0.0502924371894432	0.0898152117332587	-0.0387243468849703	-0.1465347547884	-0.0447863486712864	0.0566705940936251	0.0206201056617994	0.0665686849397882	-0.143652898026351	0.0433875483485223	0.0713666447059136	0.113766124042614	-0.00376363581808663	0.091675399816186
AGG	0.270531077891048	-0.0104018302535481	0.0653850837032634	0.214939385678657	-0.0845964850850945	-0.0650873842365253	0.116038510024069	-0.0229644138029687	-0.102768048499164	0.0306723091531287	-0.088461367988926	0.00840381411218222	0.0331022552267739	-0.0123163530597359	0.191872452378334	0.113963426943493	0.124015521016293	-0.000363267551282503	0.0137826276707505	-0.0463560255678629	-0.0661934916105149	0.0307742471083935	-0.08979683058909	0.0563774461257486	-0.0540735208371313	-0.0555568968650548	-0.0296140440111223	-0.0369300559557649	0.211447938497776	0.228715892919402	0.0747000557449838	-0.0722517609861155	-0.0335445576178604	0.00787969822927691	-0.117818944651412	-0.190443637835026	-0.07591747612334	0.284523963839426	-0.0374721460381541	0.187053643030028	0.245404297233725	-0.0807375914597915	-0.0232385189654666	-0.148506623589942	0.252852101139393	-0.330590370020787	0.0167822817015753	0.0813076390339402	0.0402348788416919	-0.21185584529572	0.169705821744571	0.0314023469536339	-0.0114193738005439	-0.0761515989860752	0.0878506943803481	-0.0103062142288586	-0.130821383725179	0.066859450396886
GGT	0.0153493090080992	-0.010096891725876	-0.0159690537586947	-0.12591000054786	-0.0130597388879032	0.260057596098819	0.111242022821845	-0.00680487777681842	-0.088521174777089	0.0117401617985205	0.0542928407696511	0.183553215751454	0.053784835909874	0.152369286675156	0.00784940137401003	0.247609737422539	-0.376868642634511	-0.201644366114722	0.267890321217103	0.0152384068285393	-0.00731948605602943	-0.119995073502876	-0.358184903218216	-0.161633695674354	0.138817383241883	0.296020453292498	0.0570489677209174	-0.121050042109712	-0.0414864687671586	0.0485997246501507	0.0178590444247254	0.020644083504036	0.116974049200374	-0.00976568812999135	-0.0995041541353175	-0.236614228209939	-0.151934796916006	-0.0182293689171565	0.0408378284832085	0.0579314168460068	-0.0996591717082132	-0.0451974648071245	0.172478910023669	0.0207280143945204	-0.101403498178904	-0.0489625715845313	-0.10877594647002	0.161859687070884	-0.0489749789040993	-0.0482476528815135	-0.0981607188547892	-0.00144929915275335	0.0084671959856458	-0.0191987556587409	0.0366372455465417	0.0252051035597378	0.00850045403095432	-0.00387510841215346
GGC	-0.0112167525101118	-0.0678551785876526	-0.255127729332159	-0.0511307289377425	-0.214543943356393	-0.161959367075231	-0.034512873688598	-0.134205288911188	0.0779561516033563	-0.0533863880379745	-0.137094234241089	0.0208379532221803	0.201931841645258	-0.0671401759378361	-0.109998690731624	0.0284960993540495	0.0123999371997407	-0.15153523477316	0.100679932650209	-0.0011577470371935	-0.0271079066251577	0.154462273214411	-0.098620982209421	0.130516625074327	-0.0335445850210229	-0.0486115828681155	0.0226328278353826	0.353330046769872	-0.0652747855700803	-0.0596989341495747	-0.00360487656542252	0.0464541351278978	-0.10688249101502	0.173707963780586	-0.251505245448602	-0.162867499172442	0.0240457210622274	0.0983990325482764	-0.019052931680015	0.29012645880226	-0.376004433390126	-0.0266973946527521	-0.0991053842638408	0.19077494126033	0.0137844709107746	0.106242913367214	0.0556285458608318	-0.083287518199359	-0.0118112815364778	0.00547537139219327	0.187009630939754	-0.149285525084566	0.137705745722641	-0.0798278654283048	0.0334310705333109	0.0528772843698955	0.0415779667833108	0.00847877234029854
GGA	-0.0355728667367697	-0.0483225438357038	0.157902185448721	-0.0684555955919395	0.154951080573039	-0.172002029029894	0.023093526975446	0.00540934745023719	0.04184853634639	0.00425334032931284	0.318309895134088	-0.293426061190064	-0.128985523465262	-0.0213347946369899	-0.0392622647620525	-0.0653645913147758	0.114727440428543	0.115059414856658	0.0732798993573179	0.242814083223075	-0.10878397334385	0.0719391682320537	-0.0464930094798095	0.00545705021338428	0.372874346175319	0.0740798684142073	0.168381999872202	0.0401971263485787	-0.0611966422379684	-0.180989803100735	0.042433891262856	-0.15809803727623	0.0252405314705471	0.141890517767188	-0.246891386016904	0.0606782294007134	-0.0173902172788176	0.202076557794869	0.0327473786042705	0.0502539165694701	-0.151329013260293	0.0404365813841134	-0.111983041946439	-0.118739072178116	0.0297576848579696	-0.176277231486209	-0.285410489348818	0.0846780293737588	-0.0593749418676476	-0.0552829323351515	-0.129672631008486	0.0295884675655895	0.0680909335335772	-0.0421980298845393	-0.0726126775273909	-0.108664247522757	-0.000193420240521572	0.00754150638216251
GGG	0.187160196736224	-0.110377774611218	0.0563359022476211	0.271320661693717	0.0883058364866802	0.0676110014801092	-0.0739109130825836	0.0123318024289215	-0.0639301792114581	0.0588269940318916	-0.0121389364596607	0.0508283922341918	-0.0118917565272793	-0.112995700408675	0.17008589943895	0.0914555409566024	-0.0642182915840632	0.282113924107779	-0.125153022362595	0.0383690148847406	0.0322475738390007	-0.0214137400412364	-0.145915006940395	0.219640657719841	-0.0592625590670126	-0.0482944638838499	-0.0527828864504356	-0.299134473822504	0.0323285334691268	0.0702021102588741	0.0552127746112824	0.112222256073711	-0.0968852898229073	-0.152902755426888	0.0592572969095049	0.0741263430509394	0.181817018684188	-0.111345074852532	0.142044074738864	0.298328069690201	-0.384413684086359	-0.0110891370618921	-0.098813297216278	0.136489646368485	-0.184469456083952	0.0401825646745333	-0.1834249332707	-0.0776458558436647	-0.121860359136685	-0.108332971207919	-0.119068634727604	0.0208252371339264	0.06907188003734	0.0541979495202826	-0.0093011974343606	-0.0897070709828025	-0.00561922866253216	0.00677673305493571
