codon	PC1	PC2	PC3	PC4	PC5	PC6	PC7	PC8	PC9	PC10	PC11	PC12	PC13	PC14	PC15	PC16	PC17	PC18	PC19	PC20	PC21	PC22	PC23	PC24	PC25	PC26	PC27	PC28	PC29	PC30	PC31	PC32	PC33	PC34	PC35	PC36	PC37	PC38	PC39	PC40	PC41	PC42	PC43	PC44	PC45	PC46	PC47	PC48	PC49	PC50	PC51	PC52	PC53	PC54	PC55	PC56	PC57	PC58	PC59	PC60	PC61
TTT	-0.183794286187671	0.0396927638576369	-0.148340158876964	0.0583707112564042	0.160920199639864	-0.0506789930115007	0.139184656105175	-0.162516306142261	0.160959559018706	-0.0384336270467256	0.116260547261633	-0.0195900276703872	0.131045234273443	-0.0368357001218827	0.09428988630642	-0.185927249711282	0.0635319116112724	-0.134533575201497	0.0525395158080963	-0.0346637239044191	-0.220494135513601	0.0297825380828357	0.102326723661037	-0.0812995352390638	0.085114342423011	0.058881419560619	-0.0868756746189183	-0.137304919946429	0.0128906428497506	0.0171343069688486	0.131779400883953	-0.12563049035624	-0.00941177861084862	-0.00267038443330924	0.0571049706162201	0.114851418648987	-0.0256640544375469	-0.0163387206075477	-0.132065671564858	-0.073629427207477	0.039257804453008	0.0329655943664009	0.0282592017401638	0.129262365236992	0.0645046023564805	0.0933703410497246	-0.12100312045503	-0.255604946886287	-0.070683645754672	-0.131967376252444	-0.237638429002296	0.30462081521248	0.144147047754635	0.428980482612914	0.243995245608645	0.0946994745809791	0.00012090790250843	3.12534957643039e-05	0.000107335871096157	1.09987409649532e-05	3.72938168868955e-05
TTC	0.167056577235251	-0.0911468941002928	0.151869264673324	-0.0952882851436023	-0.16876440363254	-0.0529430140114353	-0.196925232298699	0.0957616282943142	0.0704811501998685	0.100143714616616	-0.105702394935808	-0.0125401649689825	-0.166649040873394	0.07323474004327	-0.0334152751113622	0.188439325671472	-0.0353202791824918	0.0669110753743155	-0.174751170779979	0.0470621089083046	0.192252193915159	0.0413535704546122	0.040928904411039	0.0814700251309579	-0.155163884109291	-0.0208639396007515	-0.0266561385883195	0.151866133938573	0.0929898119268986	0.022061686268387	-0.0654917422266739	0.0758955391523153	-0.0852144078054964	0.0475518491393277	-0.0312901711265431	-0.108089201599177	0.0596233863473813	-0.00251270497810007	0.138644318058624	0.0425424627705766	0.0774404485129989	-0.0517946925284578	0.0845926368899947	-0.258423299185155	0.0247866580306763	0.0982883738186586	-0.149653795824484	0.16479584501408	0.0067968090822236	-0.133372522144761	-0.17345028903385	0.0709493089419663	0.191959339557143	0.484286026173099	0.29684423954583	0.041381550394878	0.000120772923681798	-7.15258600833689e-06	7.99490575957467e-05	-1.593885512648e-06	3.80514889358658e-06
TTA	-0.208216456087373	-0.0222644694526515	-0.0385509286954267	0.0935578323448309	0.191496284112215	-0.010488227715642	0.0900710209398204	0.0701737409420375	-0.0451642269618646	0.121123047623685	0.0331813311248397	-0.057544409236106	0.178860553059317	0.170711560810242	-0.133647590357	0.118001002523197	0.0285599967142466	0.15191242061355	-0.0396021050474341	-0.00714750518007658	0.00419968597704753	0.0742195020736311	0.127627396272486	-0.0247844620471458	-0.217657291622547	0.237927760519289	-0.142408219647505	-0.00795098302761075	0.00677609957275275	0.153640931246935	0.095248570451371	-0.170906419825472	-0.0614636374966694	-0.222709373451873	0.110768643325462	0.0138857279934143	0.257852086704931	-0.135691604120145	0.302651070297462	0.0545535506664981	0.097661593261493	0.0935568733904322	-0.139412024838198	0.0410905105369732	-0.224092483861222	0.250774047184644	-0.138217261881184	0.0214833912368194	0.0605303048117204	-0.0872839614630279	0.116011308568936	-0.160724495206977	-0.0228525432516411	-0.0237802111662767	-0.000768699322186386	-0.0475955076252381	0.0276832852483078	-0.0870275216232817	-0.166074601582228	0.187947110626314	-0.0726469802164739
TTG	-0.151826139874674	0.11030276525361	-0.0267177402074151	0.132589500311311	0.142345463961994	0.124981910584522	-0.0404020574477994	0.156373003856128	0.0982140794867808	-0.0636855252230633	0.064872576911394	-0.119067707351388	-0.0342003797702092	0.229368245863649	0.250575214592504	0.115902400849447	-0.138334724657489	0.178824341155183	0.265394403741445	0.0140718320559457	-0.0068392878676807	0.0986206694166136	-0.0600406210634413	0.055417999150332	-0.12229244241368	-0.015641674010618	-0.0240721820686474	0.150484374702349	0.242559354783309	-0.0936259602189397	-0.10673973907716	-0.234208866100406	0.0241356439763663	0.161136220903303	-0.0561466412097319	-0.144119824374735	-0.136679108445852	-0.0468826987742513	-0.299506483915035	0.146487398162405	-0.0251323206172727	-0.058487458675997	0.104353927158463	-0.0545518423303358	0.0850832760621126	-0.0476939580071803	-0.13164688466491	0.104137999250398	-0.280721548323351	0.0552354102274517	0.0132139036658127	0.0344697113690974	0.00231862603755288	-0.0835131574806573	0.033804201920465	0.0338873839438821	0.0285211231337736	-0.0897556794935951	-0.171173158456032	0.193853178338461	-0.0748724550756623
CTT	0.0130562952183373	-0.137896933447306	0.078566193269991	-0.105662687029241	-0.0410983638899808	0.0442761415573046	-0.135180405653279	0.258860565117648	0.108485697304437	0.202031473925905	0.119778261984554	0.0506669445001879	0.192906008124103	-0.272441906663926	0.144219437424627	0.18338041668716	0.0572421681396823	-0.281925508777725	-0.0877601793680329	0.130520514062555	-0.129307500003568	-0.28615971903009	-0.0292326872106877	-0.0720861820374929	-0.110641282049446	-0.129875266085975	0.113535376864834	-0.0271446755719235	-0.174841894962756	-0.293045993090707	0.105318495035516	-0.146280597364785	0.131441485639888	-0.110761837430339	0.122162486112196	-0.0261049744150202	0.0392574868734244	0.0323832777822384	-0.115086191898855	-0.109187081855737	0.0140260861840835	0.0159750296550503	0.0156482207487366	-0.064539613077669	0.106607843892145	0.127434966166481	0.0472797018425475	0.0568705790658039	0.00225823369488147	-0.046441964499353	0.0240641383650568	-0.0131048305297733	-0.0238877821757965	0.0102353308048732	-0.0506662902698036	-0.00353105850819401	0.0344751847289872	-0.108238743837441	-0.206498087535611	0.233753155900923	-0.0903105395465965
CTC	0.141573801673122	-0.089446952431277	0.168329732196459	0.00220788388311041	-0.00229135404707992	-0.255617480979837	-0.132930494224767	-0.063220404760373	-0.142566434024404	-0.0148028318932346	0.00173862406473209	-0.128504692941722	-0.183377001722782	0.219078713838916	-0.00636865170531343	-0.034050207836371	-0.0262668157978709	-0.142206310601096	0.00356460170804533	-0.0495215624691079	-0.10446187813324	0.178046255304914	-0.0546078658213794	0.107891449942908	0.199073491389607	-0.0784075499063572	0.0859882574818284	-0.193378574293596	0.0440970213686604	0.100657060956445	0.193891903618433	0.0469038329092753	-0.151294879162265	-0.0894277591283212	-0.0126213488652109	-0.0719343624002149	-0.0754603263391804	0.182322132737299	0.0394270907046719	-0.160225407309104	-0.0874143359955465	0.105870013526637	0.104382417741545	0.124242483484403	-0.0677005712574163	-0.137694125979826	-0.0266593915622334	-0.0695723557236905	0.0665167711134805	0.162850386111396	0.0602214133118094	-0.042776478422011	0.104610314288313	0.0298071390987519	0.00939008890930457	0.123639660781247	0.0524173119486079	-0.164432320156723	-0.313820677318148	0.35536035795323	-0.137303379345244
CTA	-0.0678462874222999	-0.208272082446763	0.0245469235302845	0.039764907669422	-0.225597697869096	0.219827461341576	0.11570713546586	-0.09749030333614	0.097205503483141	-0.0583071685177548	-0.0731524429768064	0.154661269232024	-0.112063391144177	0.0785040975732132	-0.0670887914871724	-0.0177364929542833	0.070058035743122	0.102602369378051	-0.153279940462105	-0.220025858172946	0.03271630079617	-0.0492714593046715	-0.0622531546918185	0.0831873005345314	0.0158906411917423	0.0611449773355549	-0.198401033303989	0.18864726504836	-0.14319212132787	0.0812793479836019	-0.285253589752464	0.0253155193404624	0.0317160399568967	0.0692308124383836	0.0592781356767214	0.171230405267776	0.0524816696053745	-0.122997413469076	-0.164596797423366	-0.155845224597787	-0.0272403270083961	0.367206461015606	-0.0951528774444278	0.0430360279817693	0.139030056351507	-0.0540368367397417	0.0644726478412708	0.00418643359528703	0.0789713521054162	0.00109956869681747	-0.197949081162241	0.136253705484944	0.0267994837235364	-0.0559466519651229	-0.0807028676051903	-0.0525540691319997	0.0338477405733234	-0.106433724597051	-0.20309474577155	0.229889988109449	-0.0887835136484539
CTG	0.0781889014438949	0.240474169743154	-0.181310767122546	-0.0723825074776906	-0.00330935867800741	0.0195655272102938	0.109555587107283	-0.150150523482157	-0.0192690464199506	-0.0989956606760144	-0.0777413614760315	0.0816687335593582	0.0478430025128885	-0.276141343245324	-0.100234840093934	-0.181138512808653	0.00328643332814361	0.0752730852963777	0.0266355964263333	0.0921269847325305	0.153278968260028	-0.0459908275390908	0.0716079599333266	-0.118549247821954	0.0408364355659695	0.00630162315334866	0.0506328631660106	0.0102201040172912	0.024975786155141	0.00842930922659546	-0.0639112807597067	0.226546949736944	0.0574531500499839	0.133006583947015	-0.120957502606064	0.0447753420821973	-0.0416473399578142	-0.0240726555539859	0.131732071448881	0.202183996125937	0.0522039703999502	-0.335274486990979	-0.0327368586045294	-0.0916822381701325	-0.0183094895709622	-0.0160660665731337	0.0891707593893956	-0.0349427269417478	0.00185490785725657	-0.105566854370063	-0.0149299525761939	0.0265473817850684	-0.0859368702744167	0.0523130821766598	0.0522254437310246	-0.0719383982585693	0.0580154268909108	-0.182372174711166	-0.347908281219293	0.393841320668206	-0.152145711666124
ATT	-0.143045309509599	-0.0921652006956181	0.0536032720607474	0.036975571608139	0.208487682459355	-0.203293429623218	-0.0756766531018982	-0.090154520575542	-0.141369391015216	-0.0617928733064271	-0.176980817147416	0.110940565490372	-0.154559962310886	0.12695027114478	0.166589942442807	0.0246048955437237	-0.139113514727715	-0.062591093807234	-0.177687776211358	0.183239790045851	-0.17491941056498	-0.0468565506472827	0.0871025362327627	0.0509068019595492	0.0602055454636809	-0.0613270043432823	0.0792325081824708	0.11582140614971	-0.00412433788302776	-0.25656596580269	-0.168035354951013	0.0443598844398145	0.0172351039116143	-0.0188457217569719	0.0810175657715735	0.193870323068249	0.0659234047955829	0.0875636668274506	-0.0010029536205784	0.270909297693405	-0.027500481900048	-0.0631293676355014	-0.173333648933462	-0.0660362542772954	-0.0445311693032698	0.00526561503635972	-0.212338264861269	-0.183464851452571	0.0820146933290353	0.064880051172711	-0.0821379871589899	0.0484741195565371	0.158804655716882	-0.0100256959618541	-0.15866407597931	-0.396487712637524	-0.000106345480925617	-5.77220380325956e-05	-0.00019572768654172	3.27996806280491e-05	-5.87755109908737e-05
ATC	0.233142156204798	-0.0555784940241394	-0.142593588579349	0.0707026646258795	0.0417318644813989	0.0480109568922575	-0.0113479454608034	0.0160743701723821	0.179631569251885	-0.114249724533685	0.0211371322793292	0.0983780370823767	0.0571572890191369	-0.076100588757675	-0.0640794325312258	0.0458363706238894	-0.0247897076125366	-0.00558273352776916	0.127319449705403	-0.0500892468798745	0.0837357459916147	0.0705101100205645	-0.169305576431668	-0.0709628556596769	0.0417810326934471	-0.0977782929076179	0.125718722377117	-0.0149637120416331	0.01224176758984	0.100104911002268	0.122765466463063	-0.0444732343168299	0.0978100146768302	0.151900335915	-0.0110122513149008	-0.139511009907759	0.100282455346994	-0.178953094151743	0.0295654216407948	-0.030623766298204	0.070859424793034	0.0475560423338215	0.1911051627197	0.239939206075898	-0.150433326325596	0.127463172929646	-0.0101199182214022	0.0839911005264879	-0.0196240904142356	0.039709431745194	-0.0160795169453225	-0.0161467750721412	0.474948254540122	0.0988300388809906	-0.30866645118866	-0.381902675848419	4.55182549297278e-05	-2.47154736331061e-05	-0.000139104586764284	-4.06799291997722e-05	-0.000106328184974466
ATA	-0.136187531840313	0.0565236786304966	0.149934072174809	-0.193706591364028	-0.217980593731549	0.0403844114359383	0.122081136727664	0.0729225195207861	0.0913682156601584	0.0450255619787997	0.149498387692761	-0.156171980167723	0.0320116909629785	-0.0386686199829875	0.142857778571331	-0.225041799401783	-0.0290967072787832	0.00268518504833959	0.0373222002885975	-0.0979860705735931	0.11678053983901	-0.00203961931232131	0.227308948845951	0.0241467497172778	-0.153838771005365	0.119959643325131	-0.170469396115944	-0.0785771672275344	0.0210223924512048	0.0597174362788061	0.0617844793724956	0.0802583237002546	-0.130196333500178	-0.181797814001732	-0.0615780379406794	-0.0922984103742038	-0.047084211844858	0.0669223730165685	-0.0292279978069977	-0.194564989000122	-0.148615108673334	-0.156476795157224	-0.111745979463884	-0.267072835730376	0.111744502871649	-0.134498197420327	-0.0525942228004974	-0.151939322570296	-0.0961493664054575	-0.0124741377238084	0.0675466995571191	-0.0593784443116828	0.360221689587258	-0.0493379690732392	-0.21287695224505	-0.251731648156075	-1.70102186896531e-05	2.20714277317144e-05	-6.58037088694582e-05	1.08687337219985e-05	-6.98475018470558e-05
ATG	-0.141207424223318	0.117196645584627	0.0651961836507005	-0.0931046838084693	0.111900947964398	0.151544204490974	-0.0235501563687466	0.0182977469574251	0.232228214007556	0.112599048798474	-0.118567960775309	-0.0183219621817419	-0.129440931686146	0.0367065154532455	0.0558247849365059	-0.0148475741113431	-0.13199168955467	0.145102708153918	-0.422091017368335	-0.0405545418468796	-0.0500675422239679	-0.156468371002969	-0.253178976679075	-0.148775709633484	0.0668490667828183	0.227536676774968	-0.0828021712319571	-0.273065970342583	-0.0096403328293681	-0.0781195524880333	0.102385006233554	0.0464892015619511	0.0256323580331399	0.0760895660915958	-0.144641776782807	0.0735886804469681	-0.14634091802986	-0.145905939843271	0.167233688472625	0.00103456829629546	-0.0625288229043588	-0.045463579551524	0.189155120255577	0.0948031699119695	0.129437403345583	-0.0440621750718643	-0.19350287713775	0.0805068494368227	0.0330377221411697	0.170630787886366	0.232705792799976	0.0896067915090173	-0.0481907075468374	0.0791205509743001	-0.0927633969439419	0.0136086302029515	8.22413414717356e-05	-7.38108974732113e-06	7.07861240722161e-06	-2.75020519550927e-05	-1.57513123821335e-05
GTT	-0.0996222788411601	-0.135740425722588	0.0897389424312736	0.0327489738472613	0.277311904333764	0.0971786711734676	-0.104175505850158	0.0584044437896044	0.0783252095876139	0.146444890269656	-0.105710971875758	-0.136381399417888	-0.0571075891951009	-0.024065876644865	-0.252513003886115	-0.173560429765897	-0.164409629080644	-0.0910728596773031	0.0653745201653566	0.0619317359344219	0.14347681828399	-0.171842840367936	0.0832159013234206	0.00707613859157832	0.0755388220558489	-0.193062116895884	-0.0941913807539868	-0.184613315182352	0.234160630840464	0.0938306613892485	-0.0314164543280317	-0.0269145193518616	0.0143722250295242	0.292413457275589	0.0847578341595065	-0.0185663726036814	0.257599742281453	0.0800645989207898	0.00145442647937558	-0.0564840508780379	-0.128188264643671	0.0324731360382254	-0.252803580715451	-0.00841857963532461	0.128964903914181	0.0107004439162989	0.16548266265199	0.0525739292541701	-0.0814478127515578	0.0532019637192028	0.00411761776255358	-0.018051442102857	-0.0205071756204748	0.0845955171726477	-0.0446915965591136	0.00599544425615905	0.333347591031964	-0.124186011951783	0.106266176816877	-0.0141355284864163	-0.00353717552570952
GTC	0.178798231872755	-0.126875102657027	-0.0773777563265591	-0.0339048783589255	0.0923189525614848	0.0235240230041939	-0.00146903139201471	0.11795642779323	-0.0631853630825058	0.0429708950451227	0.338565798739573	0.127938109952311	-0.0053113692134355	0.0826895922620554	0.0397509194587887	0.012903468602827	-0.215874232606284	0.124286798433265	-0.0671048746683194	-0.0534854756975329	-0.115814309164201	0.188607256980287	0.1251745794406	-0.129927317723116	0.208585310487272	-0.0128257546769018	0.00358270714483759	0.0329656752859272	-0.104590855549916	0.13272542713051	-0.0335489191482786	-0.0154876025863556	0.293837991862886	-0.158928872774087	-0.0101834456344261	0.143985471303669	-0.261000512257748	-0.0982076526321324	0.0641555434755181	0.00388032544600611	-0.0952866193637475	-0.0244531163363173	0.0472650836234271	-0.214198161104035	-0.0290688771892518	-0.0185979965121377	0.00275835283863279	0.0743573291035236	0.0276206801181254	-0.114118988227217	-0.0328986267203426	-0.00602320934671907	-0.010545206149432	0.00698833883215846	-0.00172972268305657	-0.0114095670731473	0.454529817381981	-0.169365248785426	0.144889469549731	-0.0192551075256547	-0.00479964323997755
GTA	-0.114475153249558	-0.0861561565784295	-0.14202106704513	-0.18046884762685	-0.182240204447004	0.174259264097947	0.12908760957737	0.0969223843427275	-0.124155770374955	-0.156228397433529	-0.0305325076343427	-0.163108649741034	-0.114535732210793	0.0421323974744977	0.098761729167783	0.0437098234335649	0.0706480304935052	-0.131732805854059	-0.100429198311148	0.108231385185853	0.0896015506053429	-0.0757565829940035	-0.070809799475048	-0.0240455228853587	-0.289852027319022	-0.205761612786447	0.132850394941004	0.0317066027012469	0.0894455489526434	0.112465069528915	-0.0665556621234493	0.0920219133553777	-0.130126860044757	-0.0503827357865666	0.0434675807009372	-0.0543836507583472	-0.138892571411977	-0.0428209603461996	0.0440917036131558	0.0839331504904412	0.130924641533255	0.000682304332711568	0.0704659923104923	0.331517911308667	0.00608577179158894	0.0761716643919677	-0.125385591377178	-0.284640749357704	0.0583823511740235	-0.0550513148162811	0.0855161776650103	0.0381862769600654	0.00379782727467142	-0.05529771568683	0.0434197949084923	0.0457441222769967	0.390903338751585	-0.145632262062049	0.124636972364205	-0.0165381641059184	-0.00413126326183466
GTG	-0.00573176789648325	0.236196703228602	0.10509865873001	0.129771958630438	-0.109197122274608	-0.192296986056471	-0.0260637511363983	-0.19189666305136	0.0884504182724989	-0.0125668935796048	-0.184547311094476	0.0883051748766092	0.114523064415885	-0.0796022784519567	0.0475331968327713	0.0603445620378874	0.216681789532907	0.0438504708313624	0.0829460694060588	-0.0668215490303085	-0.0522317281475875	0.00203164330416123	-0.0984738051050874	0.114302256960396	-0.0115482954562551	0.260440432864356	-0.0383565279019629	0.0590520047469223	-0.113216919281745	-0.234422791407086	0.0894796886064385	-0.0345060716653282	-0.151269269403731	-0.00955554267392946	-0.0702188025631081	-0.0657113306405621	0.150546193928824	0.0600220067527291	-0.0810977059940725	-0.0271728525956052	0.0602687458049791	8.59935333454645e-05	0.0609183523818094	-0.0509204833273446	-0.0555992061051044	-0.0430568852676771	-0.0128404468852987	0.103557543349759	-0.0141897473589482	0.0963385516151622	-0.0345066924412043	-0.0108242274281503	0.0174389307850881	-0.0174069443985418	-0.00192003684566353	-0.0259257369515306	0.578273079108803	-0.215478881307317	0.184322021526706	-0.0245153024490477	-0.00614408664626728
TCT	-0.0988064622547996	-0.0402975770982037	0.128947304146661	-0.105986255711654	0.182363926362894	-0.163920076081656	0.163248865522409	-0.0555295592381362	0.0947526119473704	-0.104175768813919	0.283371766721993	-0.270280658616138	-0.0887930309971413	0.0882188141928312	-0.0692557794511126	0.183528686557338	-0.043279946503279	0.063835433721044	0.189576649893522	0.00634952587711968	0.015387220436739	-0.199980221323608	0.0492266181809392	-0.0374784536826386	-0.0109500901126795	0.163393607048796	0.034210582059755	0.0204836650174944	-0.144663025182412	-0.0679199149313593	-0.0906000424968125	0.107176080390723	-0.038801127398949	0.128952070167958	0.169796089760918	-0.113113501021872	-0.0807864182044213	-0.0553040561176404	0.075702546156663	0.00952805510421111	0.173100064499802	-0.0682765495633133	0.16407660501962	0.00336654886852644	0.165137994579871	-0.0333262217042889	0.201311891952294	0.0178219508064087	0.353912068604621	0.127791856049272	-0.199434835790422	-0.067511588693204	-0.02102550504642	0.039179790990697	-0.0166104508994638	-0.0647148726824775	-0.0741653927670883	-0.0564972154936897	0.165496888671318	0.0469281331625628	-0.217593282587853
TCC	0.159351483362228	-0.122446101073495	-0.195373537400151	-0.0806061851706892	-0.0437696979265815	-0.0392109144731995	-0.0562797187990837	-0.265465453205888	-0.0276683932456889	0.0348162881143288	0.0784770717698937	0.0496298362932812	0.00480236724260585	0.202883939667356	0.148366104848163	0.023949082033897	0.0605516417525484	0.0290394479874644	-0.0971392251326833	-0.109292645255602	0.0923170194724255	-0.214107707100976	-0.131535043833673	-0.105219432836935	-0.0114268713361229	-0.0167815193990611	0.0242386185735575	-0.00533940271184236	-0.0831640383000353	0.105963340323009	-0.0316575535407127	-0.132635164830725	0.0636393364537093	0.0672072959020403	0.0267212127338429	0.021214332328162	0.145105233890495	0.119553892730218	-0.00545125409309201	-0.133012118350312	0.048908385412818	-0.223940705966549	-0.174658643654972	-0.0657985724544085	-0.0989242896633321	0.0296339314604999	-0.120952838897874	-0.0429759766237164	-0.28276601983527	0.0967450039653967	0.080796015697597	0.00734501649095204	0.0214893908929079	-0.0573944637662141	0.0395280516778513	0.0863411730460872	-0.145772869278094	-0.111092590219247	0.325559883678401	0.0923057598221425	-0.427781478875278
TCA	-0.0479480757497308	-0.134641676371316	0.0534166565797168	0.162364941092596	-0.0911540167871403	-0.0826804584358508	0.178803981018601	0.33347094722997	0.050718513225893	0.189149438559867	-0.159285109151336	0.217917087531218	0.0342985369687466	-0.0976782038778014	0.158585899097669	0.0742109651621361	-0.118902911436927	-0.0732532758434099	0.0780503464018674	0.0646675162113375	0.0450301959047008	0.184024203436335	0.0612504020392083	0.0313121006126006	0.0858451416157203	0.111312775330507	-0.075661167516058	-0.113782055938129	-0.0477819083888906	0.0739064472433673	-0.0641308637572651	0.0976279595687918	-0.0153175036004963	-0.0347243966953594	-0.161118605371814	-0.0381695146145213	0.169006358546855	-0.00279221424795456	-0.0152264723669019	0.262811650406854	-0.0547731109621992	0.0385390479146595	0.0999907730816023	0.194352091640647	0.0821229835381095	-0.22553878603792	0.132072199020977	-0.12862431412249	-0.00773855068874207	-0.13283413619529	0.0870434727741007	-0.0141946502911198	0.000927695214376897	0.0755549344862474	0.026550841517028	0.0282039871126562	-0.114948509934721	-0.0876104466123233	0.256761589076425	0.0727968646736824	-0.33740155547319
TCG	0.0530197416944067	0.124626055573554	0.131795982045408	-0.00830181305766609	0.188077863927291	0.104579575899491	0.128091316575438	-0.0407094100972054	0.254871979760925	-0.109336072068559	-0.139669052562808	0.0319637125392376	0.114478963198619	0.17382969114161	0.111333949451434	-0.0614723667790139	0.346044916629373	-0.00185083166165706	-0.178242049925294	-0.0367555646255896	-0.169049983035063	0.110928382555542	0.212472253454503	-0.0110577754924391	-0.0320610842004471	-0.343325758196505	-0.0546078802767385	0.14059968774792	-0.0736129675056258	0.033437561851131	-0.0559847801597	0.0775063108361908	0.228713539994246	-0.0702774831164582	0.0662103156737909	-0.41720233380717	0.0297605245823958	0.0281613458063067	0.168979492491493	0.0340350462648369	-0.187907312849549	-0.010377317394348	-0.0120556650491423	0.0106343774873845	0.0183045691416548	-0.0744873756419994	0.0447809834921878	0.0393654310001419	0.0663561681495315	0.102246396305051	0.0720166687250968	0.0528790275197946	-0.0583383667093953	0.0409365095114931	0.0133685533042821	0.01089528383237	-0.0198382099435278	-0.0151222926199298	0.044334961601312	0.0125722193703737	-0.0582693149778546
AGT	-0.159227774304996	0.172901542241007	-0.0229146986921455	0.00930546481851066	-0.159731461790859	0.0413106113052273	-0.228744961241639	-0.0422553080753715	-0.0693849128613229	-0.0762276291718903	-0.00649178480252433	-0.111124980976237	-0.0408063198966594	-0.223449757066152	-0.164288643116413	-0.0282101725202333	0.12915272980782	0.0260432764538512	-0.102265580973564	0.134564950270755	-0.151063068856645	0.166761172091459	0.0320127923925002	0.0214152206892243	-0.0158845856471151	-0.142744634082902	-0.0945468213811526	-0.0550815157310166	0.207408575285397	0.0409368180911297	0.221370451577115	-0.0314662798456415	0.00972563892162116	-0.028435201218108	0.0175825403141262	0.0551296874595769	-0.246662669836551	-0.165303302837867	-0.114278081660697	0.140669003092819	0.0299021054824546	0.250444636032644	-0.124924676084315	-0.143640617531497	9.52851214876399e-05	0.100876523768855	-0.00469548315298204	0.13807135751603	0.082117501964104	0.08140172644465	-0.0675029071866056	-0.038764077054783	0.0181075471795836	0.00274328088473741	-0.070999705506565	-0.077997067291083	-0.126663122507619	-0.0965141353001002	0.282699652653503	0.0801780070435131	-0.371625429596786
AGC	0.0987954893246829	0.13535696868553	0.147982402524451	-0.000821648168529476	0.224672018915727	0.227350868442609	0.022264755893024	0.120474771927929	-0.0577368958378988	-0.0824140401676267	-0.119436116766584	0.0134756682177453	0.0547621805229714	-0.000465673347459311	-0.182751800563888	-0.236081742345897	-0.17189015012987	-0.0431244883688415	0.0863280489565221	-0.0938629669285161	0.0306979214912876	0.0176798502805869	0.0023665488670529	0.136230593947516	-0.0537303441084319	0.0274861458230875	0.177695998091623	0.187191487665122	0.0401148665604923	-0.280458877726236	-0.0930863066509661	0.029582152067085	-0.117946464502984	-0.117502396201412	-0.0170100722509598	0.124474062288668	-0.044733426883132	0.0834448747649648	0.0912123358635379	-0.340164278114391	-0.155494280994525	0.0200360606612672	0.202349257018051	0.056349703990476	-0.086547895867716	0.14500717820473	-0.144687886983781	0.0166302079856145	0.0472098112849643	-0.233923346110951	0.00121097066858497	0.106955794917495	-0.0321105829980312	-0.0496570007642346	0.0127376375054086	-0.0156756327731852	-0.0882752176622868	-0.0673327549940619	0.19707817942895	0.0558648797803488	-0.258992687308952
CCT	-0.0535412470339892	-0.083267647191522	0.067956275095046	-0.193195926444571	0.129943410687388	0.0359024919658998	0.00848801505993315	0.00521541876679551	-0.0718746824410693	0.00510027008772899	0.30396771186367	0.203522916637435	0.312069087917726	0.0414795755195958	-0.213170386345314	-0.160389854660227	-0.0043696560699627	0.0212395375106132	-0.159609998432514	0.156421842310682	-0.291070072160705	-0.0334143583160653	-0.248975809312269	0.210266332183986	-0.0728363198751317	0.0214852849777196	0.0173279414308986	0.248512789926268	-0.0303911185449662	0.221531813894584	0.0589710586745112	0.0921613129387241	-0.220488160647841	0.203296660493294	-0.178286716781526	-0.0667952630934074	0.0879412393505327	0.153007364006758	-0.0710798419075422	0.170503935198717	0.0322526684142681	0.0418115331875427	0.102688947763127	-0.0854081406361468	0.120995667955543	-0.0603238527541363	-0.0269606227109244	-0.0276951846702669	-0.0368112190225243	0.00687725048789406	0.0837279107594232	-0.0476199715502035	0.0753343821701496	0.0013279930476868	0.00472908825869398	0.0144314174274737	-1.91734761764482e-06	1.29972466117486e-05	2.7053133239878e-05	1.76532951790905e-05	-1.5175454731477e-05
CCC	0.141773879719651	0.096157090555294	-0.172037848941661	0.0124860909740512	0.111114392228382	-0.0702811739180606	-0.241518731314793	-0.0733497846848057	0.167436081178635	-0.0918380464066331	-0.146217309715794	0.13783659986611	-0.0851731521424924	0.0599119644817177	-0.0627735644014541	0.177413420669436	-0.0032026387559797	-0.0974511598499303	-0.013311193203532	0.102705780774375	0.00887504371787759	-0.11827570571622	0.243327685545634	0.164904905887741	0.137089151505166	0.120562806413853	-0.148495839249155	0.0235017011206555	0.0309708621531572	0.190500450800051	-0.0687216048256824	-0.174489176142749	-0.0506704893785773	-0.0326660564683546	-0.144165474036803	-0.127868252101743	-0.14584488300401	0.0442958724678167	-0.0620795321283653	-0.140073391159384	0.176336209586381	0.0327123121447164	0.0824358598799287	-0.0732691907218932	0.308145882629443	0.204485126767807	0.0643251350137827	-0.257831202728406	0.102700619039952	-0.207318447860166	0.271450772779626	-0.00905020773923309	-0.0294939683546082	-0.11150822499435	-0.0532423891782876	-0.0715622664577476	-2.45726615093711e-05	-1.78733040116269e-05	-3.07037816558304e-05	1.58546535257926e-05	1.52172768115207e-05
CCA	-0.038682361886601	-0.264441356758007	0.0473368418531898	0.100216085702538	0.0436554029102866	0.0633406534535996	0.14382823124088	-0.0230464344028358	0.131119115807766	0.0793332917633135	-0.114852195025386	-0.107701755709726	-0.295498144130531	-0.0537585495835532	-0.0497632945298292	-0.123979402463718	0.150163842209249	0.0174447847508358	0.165272315172106	-0.0255581355699805	-0.167717593291082	0.166827469968651	-0.088022800322262	0.0147059470256789	0.019320437430501	-0.0980065791904061	-0.0433180316242386	0.055531085631594	-0.154951848525817	0.0982274244872188	0.0885120681288119	0.205815145182979	0.0242278629110377	-0.142007218830383	-0.0606012327142922	0.155474778199699	0.114279431673815	0.0165316133946346	-0.268185919279879	0.019811327769067	0.0808808348005298	-0.330112485329166	0.0873414404587318	-0.0713050591129634	0.154653207198129	0.387192950676646	-0.128178331264199	0.133026366807323	0.0501767862892889	0.0488870183497201	0.145254077173036	-0.144357491290502	-0.0384779990522888	-0.0148366634651858	0.0147335044180811	0.0090830844526814	-3.67693797235295e-06	-1.91670005268878e-05	-1.14679963739606e-05	-3.79846455230185e-05	1.5496840002258e-06
CCG	0.117295320259529	0.0195086425290629	-0.0616452005998105	-0.05420782120202	0.120278761383542	0.00514436252006121	0.316736199904227	0.0854109925776092	-0.181508260215646	-0.276911928664291	0.0126486626564287	0.0177305714511125	-0.17996697689379	-0.102964992141334	-0.110544920470592	-0.0942057903875912	-0.0137942673609771	-0.0940316245773336	-0.225379577058042	-0.044041766382035	0.0475555364026938	0.153669605809038	0.0799757326759773	-0.138475067997699	-0.0850346816459975	-0.108509917164853	-0.0930317514583223	-0.187811777815005	-0.11104979620481	-0.172627531211442	-0.125168659340523	-0.431911236216545	-0.120267032897129	-0.040026789877846	-0.149316702470356	-0.015929488411989	0.147784421294956	0.121100692643582	-0.0201456626808313	0.0454674231645551	0.236421348639936	0.0907248174402755	0.126177696777689	-0.151910009850932	0.129903086939203	-0.0683430682561616	0.0180022180277002	0.125287530885232	-0.0783722349011563	0.120578344622477	-0.0120256797242013	-0.132374977668898	0.0427921663442318	0.0505728963507419	-0.0179511043361768	0.0314263191936946	2.6576602501813e-05	3.48684848550623e-05	2.39646374598577e-05	-1.51575186697345e-05	-3.4768842484578e-05
ACT	-0.158783718815444	-0.0752957871673404	-0.059737255515017	0.078749673957756	0.0833414974403749	0.10219485683851	0.0506203182383285	-0.00571919124355348	0.0524187354665316	-0.397714919472375	0.0308830812287821	0.13608316085891	-0.0967133558953057	-0.122269778120321	-0.0264867500165817	0.200426642369399	-0.193557079209116	-0.0342000015818444	-0.134672352102856	0.124125657826669	-0.00964434833988614	-0.107774640312296	0.126045305706883	0.245202295371039	-0.0336766842046725	0.0822815909443724	0.0134343181199104	-0.048049005580929	0.0110570592464764	0.0897204122115005	0.155795314441272	0.152430498712018	0.0432691067807155	-0.149523137957838	0.0704031454488912	-0.0572514784839877	0.0854017858122255	-0.00673629754814562	-0.168509079584455	-0.145135449680582	0.0170191842107554	-0.158727704770572	-0.0707529980815328	0.0111264442314704	-0.216448910131692	-0.185576894595423	0.0344155142034399	0.221400143471265	-0.0140030772477959	0.0184638890519292	0.0653345231020616	0.103399976553219	0.0692762019355921	0.0145467520251628	0.041278691858611	0.129094264824762	0.0691704026584958	0.0490188322420598	-0.202398274715005	-0.261742433331052	-0.246806919524287
ACC	0.2196998479718	-0.118741490850222	-0.149406923101019	0.0268272023565446	0.110754570458487	0.0665610765330338	0.0025397201738549	-0.0661052692735976	0.0867524440781975	0.00650288865772905	0.0469103303598395	-0.0949340997796603	0.0156508743141351	-0.0532801655136443	0.124863714947455	-0.0216835268947501	0.150682642659372	-0.0912837443682206	0.16636297738398	-0.0100611618867389	0.153323344356716	0.0526425487668827	-0.0817138220738642	0.021123602821145	-0.111279768513639	0.0736822525067364	0.0362379429988756	-0.00513135682775584	-0.0297955667322123	-0.0691164568572706	0.075150712146087	-0.000349895637965558	-0.0383467455444958	0.0918843361324976	-0.0743064828682793	0.11326295928169	-0.0107944779088107	-0.00447398899444079	0.145937197495055	0.147742185334219	-0.256861961326544	0.258268338163423	-0.0322546406954415	-0.180711869610845	0.146115159312851	-0.0237281599767018	-0.182854688847725	-0.140112357061194	0.117469320410388	0.0771533825123286	0.0370338544952067	-0.106293016817527	-0.0909495515472817	0.0315900746703202	0.0404591068046647	-0.0365084077444792	0.100419202673734	0.0712532267875903	-0.294438473179216	-0.380450960696015	-0.35884002106599
ACA	-0.136205446342838	0.0390819055542956	0.153023714156202	-0.15262797372707	-0.189960943731974	-0.252161889765435	-0.0753780447461938	0.0415458282040383	-0.00680378139820434	0.0908521951627086	-0.0611975833256077	0.0215162196437751	0.114572699789858	0.136926668783368	-0.0252731586681088	-0.18279916455476	-0.130412041496615	0.0452192271459367	-0.0554210504450757	0.000406959763450565	-0.0931682424921171	0.204041639926086	-0.0391190821163967	-0.27955638014784	0.0551052581969002	-0.0932851212564379	-0.0134989871713239	0.0401860672700836	0.0556441783286385	-0.0304326394853159	-0.151719981184357	-0.0257681203559411	0.0103040580484596	0.0897734135028965	0.0290889075899932	-0.122377194967338	0.0601021589045169	-0.100628040445045	-0.0656128218785787	-0.182775775298497	0.272382296059606	-0.0702776678377223	0.0469909217629992	0.0567384758839542	-0.0194260529424401	0.121260764515432	0.0866922756888539	-0.0199536226165299	-0.037504719417622	-0.0832081590008093	0.0228975285625126	0.0801219842315216	-0.163219050284651	-0.0180025812081654	-0.0825999798347141	-0.0856397244555009	0.0920158867133788	0.0651834804892044	-0.269707920593081	-0.348524680586203	-0.328658790546395
ACG	0.0240631807180111	0.227093311253211	0.0848495335922509	0.0991020772131563	0.00996347031096162	0.158609762082536	0.0533983308208802	0.0539068472302276	-0.196499273724775	0.309877466302627	-0.0203842262593234	-0.0309744539013184	-0.0911235442899683	0.0201693175245655	-0.140724271891415	0.0863925854385758	0.171738358321858	0.123700596564775	-0.0387005086988115	-0.127574020949608	-0.103401783207952	-0.278779194006741	0.0519817140848955	0.111699444733805	0.141518361223471	-0.0755884153263	-0.0558205092129106	0.00231370559840085	-0.0484800090272122	0.0594854122248134	-0.0730885938930132	-0.136342328088016	-0.00136797945697393	-0.120056677395316	-0.00130079591179193	0.0644132912218643	-0.173663046485961	0.170752605599103	0.0506361707103903	0.201454804666346	-0.00731606525686839	-0.142744359646018	0.0637752269929193	0.204049814542749	0.0347609662864141	0.0678822596973253	0.134427767179183	0.0102155325410302	-0.12390743173482	-0.023133473285529	-0.17351416144346	-0.0641306992433603	0.325042708870739	-0.0427091571595894	0.0120791007488881	0.0445634416556446	0.0596186627025908	0.04234793152831	-0.174596553557806	-0.22573296053854	-0.212906738177349
GCT	-0.124818897158963	-0.0341489819782405	-0.127510036364356	-0.207472023462382	-0.242886191128318	0.11924255085993	-0.0323521884243605	-0.174096247206202	0.101864923111484	0.0648522282006961	-0.00784303705620224	-0.0452150644992176	0.016280325542346	0.00152591567554219	-0.206169449486674	0.137924188812878	-0.190211763730785	0.0187127311547602	0.0414075491389773	-0.0984943989114783	-0.0536951305110002	0.197895975818432	0.208905449745642	0.0261320993498932	-0.0190600425204555	0.0574189213043083	0.15958757351741	0.0548685662917278	-0.0732711215360993	-0.0802216564426192	0.0715004478950529	-0.184724660268682	0.109656375754224	0.0616857911237026	-0.0120021656533321	-0.00819045691330295	0.0726018736653785	0.285944266250702	0.013970764490468	0.117419142717976	-0.153509553145157	-0.0568015057113837	0.0242877514834141	0.153314698783686	0.0730068004269852	0.00879911109487584	-0.0350157843159212	0.0431968752680176	0.0836201517972689	0.082088373832203	0.0692510716592892	0.0651853747963089	-0.0413928006261343	0.0327023015766188	0.008370243032045	-0.0503917051711704	-0.173077086124873	-0.485201552473957	-0.0472471029145631	-0.199902397045194	0.105924299258305
GCC	0.221640675823771	0.0171685981984487	0.0340061496732445	0.0214970121088866	0.0887622663534472	-0.110085307779506	0.099784859164176	0.231424294916687	0.165432530690221	-0.0303812838689995	0.00601736941967014	-0.0485502438725427	-0.0800012543710337	-0.0085107931408725	-0.0760349041975436	-0.0744266043561361	0.0175083243098164	-0.174861061389739	-0.0237506960128463	-0.0515251429163563	-0.070081786099605	-0.0682320673320419	-0.123143064185914	0.0457418768765399	0.0595841558799195	0.0194242629611223	-0.330818962943705	0.110136657115581	-0.00489578806325357	-0.126096764592891	0.0199570881195807	0.133587059853329	-0.0586760033980155	0.0897356418498318	0.145128575792125	0.0031552732881176	-0.180179171649867	-0.142226364035089	0.0192141444375775	0.0458468778451615	0.194786147732818	0.0149205279048883	-0.173478367741051	-0.0277676956115079	-0.21506365846551	-0.056725479278346	-0.0551022023983219	-0.106180598306191	-0.156003925139064	-0.0355207078063659	0.0490088572662621	-0.0835248885659122	0.0351791601861148	-0.069866470869173	0.0507513724866658	0.0599336177252608	-0.175748777847453	-0.492586435044628	-0.0479168495765356	-0.20293937456836	0.107539159641718
GCA	-0.0695591164396148	-0.149225959607213	0.143716545166471	-0.00485407388079169	0.196314627411818	-0.084187085357306	-0.145245261253238	-0.120906342455424	-0.111995350844623	0.041477286929004	0.071948689061099	0.112502872986194	-0.0712102080016313	-0.142747156073481	0.152224083482396	-0.197571305300313	0.301179005329942	0.207655574160691	0.0291546474250489	0.322095854959455	0.166535261056652	-0.0763525959264876	-0.0217554822645434	-0.0623384326437821	-0.0975095097578074	0.0744514262162067	0.0672514070620774	-0.13887233685517	0.0526581452244852	0.144677280884693	-0.273575340481107	-0.101306401237825	0.00852172858157116	-0.162881154480044	-0.0980181671695935	-0.0414549823314288	-0.0456766223521873	-0.0613411880675576	-0.106513687776614	-0.110634669967639	-0.106970868361771	0.0486531080334717	0.153357618469503	0.0798382298898061	-0.0887199589784434	-0.0310168326300025	0.0341740806504288	0.107217358178649	0.0410301034820641	-0.0371914012679357	-0.0110802303211552	0.0138974295246379	0.0176336644909141	0.0288872039332706	0.0203734780304075	-0.0389703231185231	-0.13292521492197	-0.372684943015953	-0.0362850033698972	-0.15355738284733	0.0813631602522312
GCG	-0.0651209489161703	0.182777314143361	-0.0242213975515664	0.263549040649952	0.00274693735243223	0.0795975445187695	0.0592869717968764	0.0445237155048423	-0.255801996956828	-0.0916642292617194	-0.0744927011790186	0.0112706094072071	0.166504764158452	0.162500013929453	0.231635399943692	0.124409586878249	-0.0819501443134193	-0.000927430961485456	-0.0552191441173303	-0.134423354717011	-0.0042614968126758	-0.097388639604967	-0.0934402887316948	-0.034375241605081	0.0465741305164945	-0.186950231484133	0.173461222844731	-0.0835548856945212	0.0526071713026248	0.13516832785157	0.164732674268666	0.176590439149813	-0.0787963786159576	-0.0385858571962038	-0.0836151089412362	0.0512185853543192	0.202360583396932	-0.131404768464225	0.0673238932323413	-0.109846611707986	0.0527512318886777	0.00599845998636387	0.0473589368160216	-0.259533183971329	0.297112899057095	0.101015761355206	0.0901032915287284	-0.0249627555804217	0.0602700494435872	-0.0241125693413152	-0.153779062599489	0.0123227473350203	-0.0104470459402351	0.022631198905302	-0.105546605438426	0.0280986250228847	-0.124313453172724	-0.348593406925328	-0.0339405843444208	-0.143660142456728	0.0761260143229559
TAT	-0.0956302703531763	-0.0537555048939833	-0.199817508634726	-0.192557884189459	0.154484502392744	-0.0767456392252569	0.00570327351021863	-0.0268965207849416	0.0654014372376908	0.243049720358416	0.0856912953316519	0.109469808025614	-0.151851840118496	-0.00565971190791599	-0.134019564870333	0.0930136027778219	0.124804155735846	0.153882477078058	0.117854584207338	-0.265300183168831	0.021573204455808	-0.0394154794459666	-0.114277437330655	0.215760516109199	-0.0346637667668071	-0.29689296941334	-0.0173605900186967	-0.133590926877982	0.129752504259957	-0.137763706361976	0.105950018432136	0.0310666503796861	-0.00629142780466854	-0.195552957823319	-0.162881389923913	-0.0957702563895998	0.0715758346436238	-0.0283166600851788	-0.0145774405339085	-0.00984309017426682	0.201039620291337	-0.0045971154373419	-0.00800069945942265	-0.0540609391184915	-0.0360050577198406	-0.307609951770815	-0.150388008677148	-0.0282677149890392	0.0772363806803011	-0.228399808809377	-0.104814514359344	0.147391314281969	-0.19687690910039	0.0013271511817673	-0.145128001386799	-0.117312960737203	-1.7908415109489e-05	-6.15490140973285e-05	-8.39596188646555e-05	-8.58059686952017e-06	7.78685899003456e-06
TAC	0.0705691534319005	0.0283214606841124	0.276367640508252	0.0401765926381475	0.0255221253868275	0.139381796924675	0.115214823108118	-0.018933207347254	0.0663539953466307	0.0324797077777423	-0.123725988813472	-0.356795537351218	-0.00848838602155947	-0.167683267303162	0.093077158093448	0.0254907452492393	0.0618213014488211	-0.0602705702007275	-0.106893215315978	0.109690387028332	-0.0138720698563121	0.0764221797479198	-0.0847582133295375	0.0840338373423315	0.165005629509049	0.148842769355868	0.240154856522358	0.105156760355746	-0.0258654739715512	0.324062727143247	0.0656645095858624	-0.235262636339433	0.198655008176725	0.107583395609059	0.031542764327539	0.0396892511308281	0.045830293664427	0.110988304058363	0.0153752441536824	-0.0242559732863978	0.252235644755555	-0.0184476886100914	-0.0556013180869907	-0.0769950776112602	-0.0503962602516441	-0.246756218415373	-0.19898430653329	-0.0415421622445323	0.00404974815869963	-0.248810938995655	-0.120940535100763	0.0252708870725064	-0.121361991341108	-0.0483546752938618	-0.129448273430475	-0.0685207179651872	-3.54153949693823e-05	-4.35103541616966e-05	-4.18654138592944e-05	-3.24933007407949e-06	4.28520622620249e-06
CAT	-0.162857597283208	-0.0412150606494486	-0.247030592028951	0.00123139229056457	0.0650882833577811	-0.117318722313836	0.144120662289595	0.03196202061061	0.0870025920449018	0.165267831375078	-0.137867637559809	0.093971298206242	-0.113540410860058	-0.0926971889746974	-0.022647426375483	0.0749198884448896	-0.0138839959460446	-0.115860244027485	-0.0125574228879159	0.0995997837028685	-0.0760103986625284	-0.0372840457910638	0.158504243045223	-0.103112580412964	-0.00526731524815576	0.0586039401586648	0.124592303914581	0.166439911282697	0.00413710576734952	0.170236186910362	0.018370254443478	0.166316472076717	-0.13995778044964	-0.00525695360364287	-0.00314563185234724	-0.0729298282792946	-0.188616434804739	0.126972433821685	0.163373683988094	-0.219306249996656	-0.0266597505990474	0.161805095238825	0.152014869248798	-0.0161070409768646	0.0173565668053401	0.00156880519488038	-0.086914739652344	0.127053474024851	-0.418164595377417	0.178501915024848	-0.291473493375204	-0.186050131575293	-0.189936209410443	-0.000215169584069225	-0.0736429128829044	-0.129784769933489	-7.80933409079681e-05	-6.2514720070253e-05	-0.000123693481861781	-1.49389478107248e-05	-4.07877682297511e-05
CAC	0.181787019463672	-0.0553879204028128	0.245161572699224	-0.0949510747980136	0.00116520204820212	0.0417706416856836	-0.0712224958720152	-0.0295672665654433	0.0312832476478828	-0.173908428620772	0.096554947166331	-0.00229882363548307	0.108262660761083	0.107088131253253	-0.0352269712503508	0.0136535016020503	0.0093158848572633	0.0280643829167056	-0.109629137215218	0.0322131762817241	0.166197643143163	0.0806946735633425	0.0113926897463089	0.297263515220256	-0.0805178385379204	0.072967704333063	-0.0976117270087335	-0.112528116923002	0.066402863717988	-0.0637663335759702	0.144898609007328	0.0288627584864985	0.171276200940786	-0.18423118891397	-0.053942990571623	0.130588923619764	0.0250908169850724	-0.0627282658692186	-0.0199419420301504	0.0909716851512534	0.0285454607363574	-0.102729556407941	0.0648182105356711	0.203632077186624	0.11460694127862	0.1481738275531	0.157313092299855	-0.186394361757623	-0.347151262237994	0.155810357860701	-0.249544764748182	-0.0654769891145314	-0.325520927385885	0.10144243957842	-0.0641479444047038	-0.203052056087193	-7.17333196047047e-05	-7.91811383937316e-05	-0.000158962666752683	-1.67890320719837e-05	-3.2377904363768e-05
CAA	-0.124431225504354	-0.217169046094181	0.0888962888701222	-0.173107452915159	0.0873468681702596	0.0436730286116014	-0.12218323680463	0.09799475971908	-0.141309378062628	-0.0528074242066147	-0.164144543954723	0.0331560221376302	-0.0397968130185893	-0.106440538586579	0.107929571590772	-0.0290286642524362	0.0958610085779245	0.0916898809384825	0.241921335556607	-0.0164164578659481	-0.0638905824799958	0.0508538085813628	0.141210647470716	0.0864243051021306	-0.0588922738715918	0.0186561366193425	-0.0507735756848436	0.0762879510877981	-0.113520042565728	-0.0279502199290334	0.15859391397906	-0.0177183532001845	0.151033208206312	0.155549969310367	-0.172620743976034	0.12412366446974	-0.0284990791181531	-0.0421651976663019	0.369917058180055	-0.0401731193503492	0.250348430244538	0.0441923437719898	0.0538754803941491	-0.104431354211869	-0.0135639053863479	0.0356648454505311	0.136222859402099	-0.0676255567535433	-0.133390216558902	0.219570480075646	0.0381790199126932	0.377290707325138	0.166391356921459	-0.156646180199534	-0.0195020103655224	0.169424952879302	5.73064689136535e-05	7.61086229328738e-05	0.000106319548350839	4.12125960499005e-05	3.81417794631585e-05
CAG	0.151286302149105	0.0982199942191219	-0.0322600500175794	-0.014218102468471	0.0999218435304586	-0.197945170107357	0.219962848226147	0.0384671643188245	0.220321721608303	0.185089177932581	0.0596475769988965	-0.0340673334551657	0.106758209541579	0.076167093224049	-0.119007547059453	0.0903074488129839	0.0492670577032303	-0.147026739020338	-0.13472346890007	0.119564812128517	0.218577895721172	0.160500342277968	-0.0493342982114332	-0.012542369845959	-0.0643716991856709	0.0539712310574618	0.174840960221552	-0.00915837039108968	0.199114579967701	0.0669179362569914	-0.0920041622134788	0.0657661078079103	-0.0581313810326638	-0.194194437494985	0.00507282749739273	0.151401938266962	-0.0322397740915535	0.0657745892487767	-0.0966115953940302	0.0852419537224735	0.0347442821738155	0.016518094446118	-0.114038764304352	-0.047193154758211	0.0996903328370615	0.114619812731689	0.0636362981962348	0.140903299235065	0.030926895945379	0.190018567511765	-0.0249962465169902	0.478474678940489	0.130537115779793	-0.255120238782311	-0.0633435608782315	0.102243904326401	-2.09078189268228e-06	2.30503505874585e-05	4.96063149904337e-05	4.04771324103992e-05	6.95700873447024e-05
AAT	-0.165123782014545	-2.69994544011148e-05	-0.0419498415970707	-0.0679136807113582	-0.0405014488393702	0.158757302980827	-0.0918558331785693	0.114291516790044	0.264646015352393	-0.0831715143705523	0.011967231490035	0.104774208579987	-0.0198892987880337	0.309573085313242	0.213334108534297	-0.195541779798401	0.0520833386011556	-0.162506626394965	0.0312120659535073	0.00543448302314199	0.11463753144336	0.00633863355256765	-0.032584762704206	0.105551708691507	0.0854028771445037	-0.00645188178569506	0.10594582849586	-0.217598631305682	-0.22338997357766	0.0277858280373272	0.0335588801106085	-0.0595303882116278	-0.21166233116031	0.0762867171935096	-0.15971410475359	0.042603066664556	-0.170170757450009	0.200276971908824	0.0697218517045997	0.157071320208677	0.104078690375415	0.0132950484980708	-0.148873959913595	-0.0504083442036432	-0.245493189840652	0.174813315740181	0.187401618032286	0.241484029108874	0.104637248979152	-0.1578253340081	-0.172326275231173	-0.043552098886461	-0.0677872515645997	-0.0164274569963733	-0.030684462251927	-0.058495619633335	-2.49129234957124e-05	-3.34281132836067e-05	-5.68005468053329e-05	-2.92784842515492e-05	1.19352513475307e-05
AAC	0.122518767299702	-0.125809336212512	0.120679445701338	0.0205546511327462	0.138585838629356	-0.130220175369746	-0.0194671058415733	-0.205915296674281	0.0234107573121505	-0.0652411416292495	-0.0635365318663271	-0.233193954596109	0.0442502459147435	-0.199288095099117	0.0518881043900356	0.267329120658889	-0.168347839554839	0.038980897200577	-0.090169959395697	-0.146189835198788	-0.230229328362291	0.0679789593722579	-0.0252648689900403	-0.110985664011516	-0.284420915831359	-0.0943098912373377	-0.125874619741213	-0.117362548141221	-0.145782762412733	0.0657397921066707	-0.0787157060115741	0.036989705639629	-0.205652451959288	0.0991811001788137	-0.294473791481305	-0.0480585832708791	-0.0971192474222435	-0.0198225299714684	0.00223407370842599	0.0311839084196299	-0.23877153646434	-0.0294837500361531	-0.116962645036548	0.0819645215984418	-0.0753463682824201	0.113902696089542	0.120397849049798	0.0431293453907994	-0.108716751743913	-0.288458885803533	-0.128345669277906	0.109325028151681	-0.0138139652632046	-0.137550058451554	-0.0760338014716138	0.0100145465267509	-1.92262372749217e-05	-3.39015704985193e-05	-7.23719703043559e-06	9.12822407847513e-06	3.85020541972553e-05
AAA	-0.0897697831462902	-0.214823138180646	-0.0209132291122201	0.0227047177551498	-0.0672546952631108	-0.00336147329048015	0.172245544232565	-0.125633965063282	0.110702743099258	0.0755810848930406	-0.180706771447461	-0.109952693587972	0.361221878253139	-0.0833201444285465	0.0422274200360993	0.0808112197033493	-0.115261757846918	-0.00582888972177858	-0.0553914080126778	-0.021925405629978	0.0846382097802915	-0.0757946538744912	-0.0203634719206282	0.189806355665273	0.15969249164519	-0.261634910021555	-0.164642902422524	-0.00435287476474406	0.14832603701305	0.0506595359936322	-0.115886000821665	-0.18649937975495	-0.105041224293457	-0.0209634683618274	-0.0232643967670904	0.147072016881214	-0.141518202609245	-0.0399237238780865	-2.07446614744339e-05	-0.0310990883241429	-0.0258801773311534	-0.107277866263545	0.328585785468088	-0.21695424051489	-0.307440211598969	0.00817611812843688	0.066106680205781	-0.0966624528791934	0.14986024661323	0.219750080391112	0.0341259720636237	-0.0683498231672454	-0.0339046004773411	-0.00567985583324386	0.108804318851623	-0.0705160977368178	-6.85025579551992e-05	6.45230348832182e-06	-4.92849020395716e-05	-4.02574517170684e-06	-1.12289243896918e-05
AAG	0.0133030084705504	0.269009854093059	0.0349915648317175	0.0050530035306289	0.078213704758461	0.131569751694729	-0.154887459982007	0.0526249816626645	0.167151907766126	0.117890582257426	0.0569025197046315	0.0882891612803955	-0.314265797585254	-0.0542935324881295	-0.0445768043829177	0.02753253741848	-0.0765563971833583	0.0678940169047232	-0.0314719227488885	0.00482217361495007	-0.0277691447371328	0.0867125039297572	-0.0350164977152002	-0.109063075363515	-0.19500905681361	-0.0557522208887101	0.0964654326294999	0.0203261113398017	-0.198306652769744	0.162317100775066	0.0426775996510427	-0.0529488098252915	-0.140724288315952	-0.00467590754800326	0.185196478393024	0.0604187691621949	0.19395529497909	-0.0215620897869389	-0.13459539221997	0.0503534529410228	-0.0882183981804942	0.0190735344765616	0.195474568770725	-0.224830435585021	-0.293629091177892	-0.0138340842362152	0.22963405704027	-0.41971987988588	-0.0163631769162473	0.136782738897203	-0.0436027242433054	0.0832907809850885	-0.0764785905113911	-0.00293686358825531	-0.034286588477388	0.0327980232426301	2.83253947909803e-08	6.44617251634419e-05	3.06665734411135e-06	-7.19578324571458e-06	-5.60054536703444e-06
GAT	-0.193041518254804	-0.014190429409051	0.0769211187109966	0.183872131077631	-0.0717034252672654	-0.0776035770941347	-0.00259886820192802	-0.220541347540914	0.141584793074344	-0.0173982884769358	0.00594639938055563	0.0954213655867468	0.0108247326167314	0.0917013670970384	-0.19235494785481	-0.023226394660209	-0.0716752639551684	-0.0233697071096146	-0.00972015730695843	0.203205018445086	0.14174136133986	0.110326286402143	-0.143282846359474	0.0516582968075204	-0.127477269800373	-0.171429108775551	-0.0244780386399768	-0.235032034626627	-0.194947474114579	-0.0858875952117234	0.0548638752578427	0.0357273720414965	0.190895769706833	0.0464437191406461	0.222101690440013	0.00513434400075596	-0.054253817674962	0.0125806625327838	0.175530930985594	0.0140507914311936	0.00725905905632513	0.0335198310276183	0.206768461103311	-0.109225339998036	0.169894057013232	-0.077722653072361	-0.0914562689830186	-0.0456134294696855	-0.171761914418132	-0.26366158598614	-0.0630037775788219	-0.0890354102514292	0.188922861869531	-0.345642340069822	0.2093845085228	0.0239670123519606	-0.000175141086852791	-1.98661445473605e-05	1.06471228410437e-05	0.000103014700916563	4.04473528397477e-05
GAC	0.113422945530952	-0.0164276643785673	-0.0511993733650981	-0.306047110408053	0.137353309291245	0.0835959077004722	0.0162910620057336	0.070965085056327	-0.0187100259024615	0.00667788037878356	-0.0388637084429995	0.130098700740268	0.00931798476937392	-0.204535655894809	0.307428885920934	0.066556973871273	0.0486752239694912	0.261276881171921	-0.131202594597863	-0.102496714920863	-0.0204653170629339	0.205934311467637	0.0293529996654898	0.0540410137214466	0.160438155006206	0.0543284796382083	-0.0621127006419841	-0.14127435883779	0.198370407657232	-0.00703217318212429	0.0981456712499169	0.0643190265898744	-0.18236754942083	0.162493750787836	0.379509435386111	-0.0259607254827673	0.106634276212421	0.137843015793055	-0.0365615183649641	-0.0496136521916207	0.00819154774671778	-0.0116187302643881	0.0210428079021396	0.072608099895645	0.090733391316113	0.127425128868172	-0.00198809232110393	0.034321417121349	0.0722489069022465	-0.0594099876663743	-0.13562452412539	-0.081345161223794	0.0474707111305585	-0.287469494729321	0.23211877426705	-0.0803276949482584	-0.000214431975633256	-6.91697605357811e-05	-8.3460497508181e-05	6.90916060427232e-05	3.85448534502841e-05
GAA	-0.121404158017839	-0.100304558385062	0.0342753539056536	0.203117223930249	0.102960006279509	-0.17766515502763	-0.193022042846952	-0.00802475200021263	0.080132480020795	-0.102643959286727	0.0234050128813795	0.0132855873388264	0.11570522425493	-0.231843045365917	0.0630686913981313	-0.127096617905234	-0.0233680727787482	0.11539795076508	-0.103976092703095	-0.426204404213797	0.170635658655479	0.0434218727076678	0.00759942512407679	0.0708889904493114	-0.0975590946441499	-0.0522804098354737	0.182531806949346	0.0757522243492722	-0.0559719189290392	0.0753931971058976	-0.095406861822611	0.0219194954295428	-0.101076731250133	-0.0727520660792898	0.330227351575079	0.0611637862985006	-0.210114294086911	0.16911571943227	0.0503902937941264	0.176123355344831	0.149377088344853	0.0248462248571187	0.00762049591561785	0.0217502251177012	0.134039592126722	-0.017074657029049	0.0451240554169119	0.0308194973208712	-0.11562901847365	-0.0181743639399282	0.242602238380466	-0.0197619660046727	-0.0246380046002736	0.195616250266307	-0.189130185602979	0.0964898128120108	0.000163776952686713	4.97702260621735e-05	8.85635450360855e-05	-5.68677217910735e-05	-3.09675557493908e-05
GAG	0.0421803507229869	0.175367644371427	-0.0279159397924306	-0.297997492317176	0.0499605284748974	0.122058482902929	0.08688276032046	-0.0839835436034176	-0.0737180135829524	0.0327585218031423	-0.139684409220632	-0.00170391097376198	0.119933298026598	0.0673461234919201	0.0108874078744493	0.241938629907325	0.0160473017466201	0.0425589573412734	0.243724762075681	0.260632712135842	-0.0779223454045583	0.192672248730145	-0.128068766830757	0.15595233173778	0.055941514472581	-0.0902364439785621	-0.0498826136884502	-0.182539993470952	-0.228987360046444	0.0223937427262554	-0.245396545019118	0.0549234622154162	-0.129234632693661	-0.0299977206109651	0.246041066745422	0.170718104946238	-0.0677354121410945	-0.0810815657818578	0.026915525809726	-0.100903223245861	-0.000553995526590967	0.0172700679909604	-0.120191078609334	-0.0336434419294838	0.0710212685513936	-0.0606487736466099	-0.000377590257576194	0.0817205749948659	-0.153711318751532	-0.0224652941652116	0.171672957197013	-0.0246394797799338	0.0266506253396208	0.302652818690696	-0.229482417525782	0.0769032233865856	0.000216728227287659	4.9061102995962e-05	9.24976746777134e-05	-8.70676738446291e-05	-4.09069409489857e-05
TGT	-0.0410456379761344	0.0437043390359108	-0.252479884389378	-0.000729410196071308	-0.0114767493998299	-0.260501443468447	-0.0750623920677378	0.178651903720816	0.14830435081027	-0.0285781404762485	0.0325784473548819	-0.21072491464706	-0.0497446785862746	0.0572137558963669	0.0467063706371899	-0.0834055735438371	0.13613561473129	0.16609881820438	-0.20127376406583	0.149718666797869	0.035598490968863	0.0717243463612653	0.0642685346667434	0.151908398439221	0.0242033848900399	-0.147567913884565	0.0584965914008188	0.264404044211114	-0.115538360900891	-0.0670739804080839	0.136865831498291	-0.178199298072268	-0.131906541604752	0.0943510996310604	-0.0544841568498017	0.326769933108871	0.119243576961262	-0.216286169403109	0.0816693416432168	-0.168363449281437	-0.176152979706411	-0.175521940700813	-0.00715453449470073	0.174857392240357	0.126876385331688	-0.179594054067237	0.182981840154319	0.0619790828882002	0.00407783276131645	-0.107548095985083	0.000449794820060918	-0.0997554544505994	0.0589423263713464	-0.0157932759580207	-0.00528662178898065	0.0420381956469751	3.31721819005109e-05	7.7380040547359e-07	3.78480663563597e-05	-2.71186141342916e-05	-8.52036899128168e-06
TGC	0.0190799306425847	-0.110874679572626	0.203710040595693	-0.0134373222562045	0.0332740847934646	0.199639002936985	-0.0253953468348367	-0.26197756805488	0.102206221555186	0.058410862075525	-0.00843174376162586	0.297477400257355	-0.0813874987201104	0.0477407409032611	0.0170517850817505	0.052931189690964	0.0434473276115137	-0.302812427627589	0.081264328117759	-0.0950470742889843	-0.151220862473957	0.100307905897608	0.0103505219603952	-0.160748063174788	-0.12757159484895	0.0601677455299266	0.119103268747068	0.104313553460338	0.322414273125609	-0.00232844884425491	0.0381492841064955	-0.180315568005051	-0.201280586123607	-0.0649655754030957	0.0541244089308279	0.148330146703639	-0.0821172899973351	-0.271481288972126	0.162681362766723	0.00693600046032843	0.0657720686653902	-0.233760073753783	-0.0723247256889811	0.0326027583194843	0.119202237067794	-0.224084351181593	0.168911885269392	0.0605928752140662	0.0295119579016777	-0.0216384601412295	-0.00254874956912772	-0.161351284550596	0.0445145053265047	-0.018231499487359	0.0382659292990439	0.0187301272789619	5.33967863426861e-06	1.31795220737752e-05	1.65719085675753e-05	-3.9617859266261e-06	-1.9736904679539e-05
TGG	-0.10277940148986	0.125186896395054	0.09789743850374	-0.161263729030132	0.234420560151043	0.0411818783408456	-0.188470073029012	-0.0209660145782965	-0.0125264619050031	-0.0469263684654296	-0.113192493786278	0.0238113500159528	0.132663855744571	-0.0214790987052168	0.0246780347964528	0.104944226313512	-0.127959162373483	-0.0683253941609499	0.0842317884279897	-0.00560430128618052	0.341851764867553	0.0435955432235876	-0.115544475687725	-0.33431064259979	0.0589163761977186	-0.155704737983239	-0.278285222453692	0.282247540577824	-0.208715283900934	0.128924960248693	0.187384733071225	0.0283742494881201	-0.0109300457614229	-0.216800875681253	-0.114036632113852	0.113429747213131	-0.0316286762459217	0.147435273948071	-0.13244020086077	-0.0040723529035586	0.0732261802006914	0.0318674680912227	-0.0693902505798958	0.167373562682103	0.0729570830095992	-0.152568607416109	-0.0854120981967394	0.0361672443245205	0.0988768383664937	0.0824648735575717	-0.0891764197433667	-0.0746098788172494	0.0604988116450726	-0.0194121485772276	0.146627507308108	-0.04295013671587	-8.59134140252333e-05	-1.52715854148666e-05	-2.47719080911386e-05	4.13218930208521e-05	-6.66255623862216e-06
CGT	0.080604553229605	-0.00592639673452664	-0.206053038054573	-0.0976648470990329	0.0860063839990464	0.0451801492239151	-0.043622429235041	-0.245925172716161	-0.0214592100975564	0.242603882178843	-0.138174165967108	-0.0861547004743283	-0.00393773434351535	-0.0438684692329164	0.195668817681193	-0.296149856882639	-0.333698140583041	-0.0565915221142244	-0.0867619415723635	0.0747255245520593	0.0244566876520945	0.0588527569913516	-0.0292736676226105	0.220137721221729	-0.0961556131533297	0.0873157652792412	-0.0399182344794493	0.115224420378027	-0.0522022844266814	-0.077902212954348	0.010865944066233	-0.00192799189975583	0.117273184072244	-0.159626293479447	0.0179038481417005	-0.255531389807618	0.0310308146307085	-0.160933170706129	-0.0397638082319393	0.0838336949667135	0.105060221325665	0.0434387659887261	0.00670169433613018	0.0385205508517263	0.0276396667350084	0.0511586182244255	0.0805167228695234	0.00984782210585121	0.108308397483423	0.032496885950552	-0.222815235352608	-0.168953085706666	0.11900346763045	-0.0245362747685072	-0.197746224818421	0.352990221592785	0.000141882613533874	0.000206256662835885	0.000172087877032635	-6.40312121555978e-05	6.42506029604334e-06
CGC	0.184805545900198	-0.131042966747006	0.0495622258243524	0.157331309587877	-0.104461203981803	0.0134961033275242	-0.0599097014738983	0.16064019101375	0.0144949097343821	-0.0434665764391619	-0.102842922399583	0.198010321997318	0.137952176401785	0.0210482346655639	-0.152056708782051	-0.0876943900754864	-0.0275015474692763	0.185857684924417	0.0826611716361687	0.133756388076536	0.0055868953130237	-0.0608656773609989	0.163520179079776	-0.0642579088405857	-0.0570547468690283	-0.0591700965800455	-0.0528477465131112	-0.117954415867235	-0.160279963422676	0.0782665028756128	0.105201832435233	-0.163629865174191	-0.257360350411828	0.0689088047994487	0.1345015771116	-0.0993033897853636	-0.131851422104582	-0.0741876223495983	-0.0176469691578099	0.0225691921974307	-0.0415857127554956	-0.260629527381708	-0.0686254936202723	0.0505855414313853	0.0965971619682582	-0.0664652595045472	-0.372492108335775	-0.0460222977088154	0.165480237690165	0.146723192033038	-0.278603621657479	0.127887321111487	-0.119166031042708	-0.065820730433321	-0.224740053917054	0.157942747260949	4.62830987766061e-05	8.8901442212172e-05	3.15808362472553e-05	-3.46643616270584e-05	2.07388983684692e-05
CGA	0.0191770400397673	-0.199293080221543	0.0540202238820767	0.160567236365739	-0.0173625394765659	0.229546801120345	0.0580393759349002	-0.117091443704061	0.193367857007011	-0.00996096709409312	0.0904477598204366	-0.0614968343289755	0.0376480875484743	-0.00234560613484639	-0.0467736780513806	0.107494059566187	0.00856680099248631	0.380550577538652	-0.0655783675492062	0.242436106814281	0.0435752690428464	0.0622841635024087	0.0366616226752801	-0.213274426720612	0.251108630750663	-0.0562493633834958	0.144523266019399	0.0778308018802098	0.0876748571856467	-0.325249882862626	0.0723995065441891	0.110927203815297	-0.191095570607091	-0.126558011387558	-0.149623134026811	-0.0791154951808151	-0.0256333911692746	0.142998930879306	0.0252321457676345	-0.0535875238817585	0.168980711913558	0.128035398526024	-0.165865233817602	-0.0165691214002387	-0.032558145364086	0.0195147738503755	0.109735330180884	-0.236906427994322	-0.0981197258875171	-0.0330779497136162	0.0352404346897533	-0.101392357110238	0.0905968895611648	0.0496400083279401	-0.0778613038017662	0.156999089358608	9.34929783349501e-05	0.000121449048655645	0.000108288614239928	-1.80825266165585e-05	-2.36790853035962e-05
CGG	0.0620508557839551	0.143679502633616	0.257621464751217	-0.127910649002533	0.0187652629908188	-0.0815487032455139	0.121198521156317	-0.158112493229083	0.0622071274911218	0.109581775874943	0.104454889355768	0.110171373521047	0.0136928712783176	0.0500500179819216	0.0916915982741893	0.0329296106424378	-0.0232921268669625	0.00749166861995316	-0.0151467657449667	-0.0619688041828723	0.123447802428577	-0.131349707596112	0.48671460376897	0.0339904355698812	-0.0225196460447856	-0.175591602302829	0.134291975625456	-0.0409496067304426	-0.033869354229666	0.00487453698409072	0.0849413654953833	0.126739399767802	-0.00161992847640042	0.247442583843221	-0.118401649411571	0.230941470271519	0.0508829976064363	-0.180596543740386	-0.208225801078398	0.0712742052798762	0.11136714972581	0.211107711837445	0.0997797528154341	0.093812031835545	-0.111812371079404	0.051262419521453	-0.232899680576681	0.0682025252482249	-0.0421184847136556	-0.0386788075705827	0.11577228379955	-0.165145797939944	0.0232739419455423	-0.0469187914909086	-0.0650207039254077	0.17713219677686	4.7816004333498e-05	6.12638388101036e-05	8.869402804456e-05	-1.78429345738459e-05	-6.10564112507594e-06
AGA	-0.200622638538606	-0.066858460506279	-0.0339581602662875	-0.0774036436404074	0.145861640904896	-0.0526357738091296	0.0151553565803324	0.12043338085939	-0.107352520720481	-0.0262252462243492	-0.115398324248127	0.111334843803172	0.0750157538272185	0.0805876463109671	-0.147164318406526	0.194161141170682	0.272223348724601	-0.101192338263742	-0.146334259128585	-0.109555023777457	0.162595513761201	0.20854910937424	-0.0566171186989467	-0.0608431182010016	-0.0744914958064819	0.160506358250235	0.0114095103680428	-0.0274028696007713	0.10507416617435	-0.0890353349734837	0.0107193615658755	0.0494907650606441	0.233160948876035	0.250498171913658	-0.0652876343022117	0.0228081069407629	-0.147330612283389	0.0989705186479488	-0.17784911479391	-0.120295574557579	-0.130539110872899	-0.170548237380978	0.0196678000671478	-0.0940942288332203	-0.10401844217885	0.0574640256285476	0.0183473247744209	-0.204311078817752	0.101035467625414	-0.0792456473196498	-0.144746678401456	-0.217128244225576	0.109219733513371	0.0669604318491949	-0.262130037228109	0.266182471746752	0.000148704785447793	0.000198730317857707	0.000162425179735783	-8.70764695290599e-05	-9.4447936177175e-07
AGG	-0.0866132878130308	0.166413173226254	0.0768747224362467	-0.0643133171369514	-0.139001036949373	-0.118466562268648	-0.0924711273625218	0.0626075235518826	0.276443928950724	-0.225616063298457	0.204430596431438	0.0833184056858779	-0.0770678948806873	-0.187496070364209	0.0847371607371911	0.0541122417187772	-0.0514920059980032	-0.021294307787804	0.130477128970708	0.00499177242502193	-0.118348414022133	-0.0419166486662715	-0.127993939145168	0.0148744836008597	0.101434792971146	-0.106565758669269	-0.12681824836012	0.0129394015693223	0.225206535804873	0.0921096729301196	-0.280010999919345	-0.0269775548068338	0.0942193009578113	-0.11417078801003	-0.103475340554672	0.140636655478061	0.229640088191716	0.15799237171719	0.291861390117154	0.00383150446373865	-0.0614623789847978	-0.00786402175607401	0.011206068758225	0.0543111065461216	0.00147023773216206	0.128972949134479	-0.197299802326756	-0.0374333548771685	0.0548892609497944	0.0467421271678581	-0.166090979212034	-0.141726400330916	0.0215693890148053	-0.0540928298992666	-0.179480774545789	0.292015579544157	0.000110204861940705	0.000162540833031966	0.000123698253678316	-5.0654124470171e-05	2.10048727158872e-05
GGT	-0.0758739049595478	0.0964242313874136	-0.0512048376838287	0.237145974968814	0.0758071396094516	0.180619730147131	-0.226228117660978	0.0245459322053838	-0.0322515687170679	0.177983593853928	0.254659819111301	-0.05249479200954	0.0707722085034001	-0.151944678553318	0.00389185899847216	0.076413817166084	0.0237487955671791	-0.150146017030873	-0.119901374400371	-0.0691873038474582	0.0344836716930742	0.286864295661437	0.0841128669844923	0.183358592755722	0.0171556380967572	-0.0339717785450696	0.0581090167196416	-0.108320954097147	-0.175806878306748	-0.0410857034842839	-0.318063631253325	0.121708576198689	-0.0470121352004362	0.128890823899755	-0.184079021756334	-0.0692217742087777	0.00600226513211851	-0.114013145579127	0.0501220511461528	-0.210722629358338	0.191523237096766	-0.140411809581749	-0.157039602237718	0.110961686118002	0.00552363761639778	-0.0343240765179328	-0.156107161126107	-0.0742573947786881	0.0505417841339756	0.26555008285722	-0.0360085260602769	-0.0559992025203735	0.0251234494867365	-0.0525644752695768	0.19394303871659	-0.098251025781441	-0.000117006013925452	-3.83700004506216e-05	-6.41486877055314e-05	4.75712282687127e-05	-1.52845549555147e-05
GGC	0.137212334902426	-0.00754494388995208	-0.0909256965452893	-0.109875020270459	0.0267309923499376	-0.0473235489149259	-0.121341292383844	0.176726566624456	0.203293653271141	-0.0986401907270994	-0.301353520597507	-0.0741341391200411	0.190542785936597	0.0971885257386076	-0.117528452725944	-0.0778043217729761	-0.0420320337643412	0.197629758487237	0.0689117342193724	-0.0887398925421674	-0.276669817243076	-0.108993141897691	0.0301611394658124	-0.0592283598097984	-0.243236681334789	0.0594511711056436	0.266333044135203	-0.219921224094329	0.0372134693199721	0.0806246772829858	-0.146438052567106	0.086864072129715	0.163277194869106	-0.133306743482603	-0.0977251724005163	0.165604771572936	-0.012278402750597	0.0298198339183206	-0.135075577631306	-0.0282794178493635	0.153264983353226	0.0821641868203269	-0.0929020844800548	-0.0260094494084016	0.0224776244527326	-0.179008710566619	0.0293359580412282	-0.060372695325444	0.039461299214379	0.1081087992632	-0.0850953756300029	-0.237739500646319	0.142098053397307	-0.033157218831395	0.238832531548425	-0.0168610296265632	-0.00010351074893056	2.52509087808328e-05	8.28099388868256e-06	5.46806445182318e-05	-1.34159492311409e-05
GGA	-0.181831756984355	-0.0514641118932597	0.0981936504651109	-0.259022723877407	0.0421735784465085	-0.0912919640319364	0.0137360488400722	0.0606637289389376	0.0211080747085753	-0.137198217826052	-0.0877024569377211	-0.00195442657646751	-0.0124020243324457	-0.0913083845049884	-0.157077057378121	0.0323913214596687	0.0127636126096619	-0.0385099855431992	0.0209381511727849	-0.164083623979892	0.109790605849933	-0.0447960278295888	-0.0738711723409343	0.0475532356128925	0.370831303503124	0.0403752240455254	0.319914951478946	0.012636730535237	-0.15242528380437	0.030287840632349	-0.0615685454289803	-0.131468498143278	-0.104211672419209	-0.14369306084893	-0.0530743980295619	-0.243210339266827	0.0317912850836488	-0.414367296539833	-0.0406652411301728	0.155138082738872	-0.20526338088251	0.00985184477321788	-0.135674276698949	-0.0939277185702732	0.042026853889617	0.129389768452949	-0.0918272202332154	-0.109270968721556	-0.174620902988907	0.0252976243204048	-0.0419124902893322	-0.0262479941601149	0.0562772831065953	-0.0858894438739741	0.160281142538329	0.068337425879679	-4.4007863799266e-05	1.82159213624675e-05	2.19427513989349e-05	5.75486885086782e-05	5.40862509526042e-06
GGG	-0.0232821090251957	0.12445833813077	0.158779820399858	0.0460903644082217	-0.00813463049942375	-0.179575349787837	0.337451617965532	0.0127470071151243	0.0123674376984915	0.0770394063105982	-0.00673366435588116	0.275223298916872	-0.139192625550924	-0.112477971129392	0.0796859571926721	0.00205555144111122	-0.185715722302399	0.192911929158993	0.0476769812986187	0.0365417905902222	0.046037699017761	-0.000429798171931364	-0.201207969996036	0.179234775459214	-0.178641138518974	-0.124884711193429	0.115527609143399	0.0519797201872626	-0.017876502448053	0.0604658282217941	0.145237087761665	-0.203793402469077	0.140589191789163	0.0977652419366186	-0.0907391333836408	-0.0544194329674106	-0.234797780707354	0.0619431895753097	0.0489689717154724	-0.209899569420826	-0.0251402820558936	0.0301450607111543	-0.355521005300789	0.0548465232959201	0.0396782496597363	0.166208593896189	0.062185096902927	-0.107058635178369	0.14293964466213	0.115858305432002	0.0672212689085499	-0.0853736941929475	-0.0181122640060582	0.121218505372175	0.153017791360227	-0.0656358548711964	-2.07820288770991e-05	-2.00451795464157e-05	-1.84039625753564e-05	1.96943917253403e-05	-3.83053106783882e-06
