codon	PC1	PC2	PC3	PC4	PC5	PC6	PC7	PC8	PC9	PC10	PC11	PC12	PC13	PC14	PC15	PC16	PC17	PC18	PC19	PC20	PC21	PC22	PC23	PC24	PC25	PC26	PC27	PC28	PC29	PC30	PC31	PC32	PC33
TTT	-0.0126969172009374	0.0285346714020245	0.171697496045135	-0.103563707584427	0.109903385292421	-0.0361954544817065	0.348172004758809	-0.283773100426864	0.0253746687280306	-0.101159590800783	0.0361461351581767	-0.107999933817877	0.0708694625305706	-0.0524393422120875	-0.332644364057237	-0.420098558976554	0.318448406444877	0.221858003438006	0.16526565912179	0.165148114031352	0.1377767602896	0.00953443295749296	-0.0965127850358113	-0.157361692298108	-0.0107324798908949	-0.243832653302206	0.115815342583315	0.108413976086413	0.26629579088172	0.0283162969083849	-0.0983693938862123	-0.0104603846231151	-0.00241726715942941
TTC	-0.178584848448391	-0.125521345660263	-0.0834186928737633	0.126259083534274	0.115767711381186	0.0994809262263762	-0.0129583589811441	-0.00443157635405814	-0.00343048307342257	0.0162468258707689	0.0135902311873539	0.000273585991873797	-0.00376084269422125	-0.0260792821423429	-0.0435154651245278	-0.0427606641049354	0.0078265361026841	0.0516248142153143	0.199279804140495	0.100874103944255	0.00780225600919462	-0.00809652384225051	-0.0950628337307364	-0.187768625857867	0.184859870537148	-0.345628024957178	0.246483289358156	-0.442635759708252	-0.538823107592459	-0.000805020382482154	0.314555876339787	0.00520233928395107	0.0047778809327278
TTA	0.0715082451944368	0.000811036329523422	0.292463910676215	-0.0199397853345238	0.144719081049932	0.0990920986091743	-0.221608804415864	-0.00938312760668758	-0.0151511687941491	0.0239191224019861	-0.0088710092683695	-0.00937543434607654	-0.185564356429668	-0.0390533509431554	-0.0247559238176171	0.0293573488112497	-0.00864289477801712	0.173846705279445	-0.250320584676536	-0.0465257541662925	-0.0153009724650239	0.409142102029468	-0.0789866411619454	0.116302466810066	0.253243806620894	-0.0550058749717388	0.210526434408288	0.108660915049511	-4.08989614562156e-05	-0.0497280598654724	0.0208680454997402	-0.617612357808259	-0.0028087871114517
TTG	-0.137100188799799	0.22372295326984	0.125189232255514	-0.0956195578287415	-0.00112935933003099	-0.168460886284727	-0.0307959526152929	-0.0233092796589613	0.048239027667649	0.0381032387149889	0.00192785001900776	0.0560537282937831	0.0328829171134326	-0.00149010311879172	0.0414446715175081	0.0148653785068356	-0.0268395202643735	-0.00227693914054499	-0.00206326357786905	0.011788147862215	-0.0013611808182501	-0.0590078867174012	-0.0217008228032173	0.0319929849283999	0.0309357416618328	-0.0263229593852813	0.00703031718678348	-0.00368550009129286	-0.0264643880790922	0.0209978054833892	0.0461484546835332	0.0066774616573701	0.0637497296065766
CTT	-0.161998313967884	-0.143220498198799	-0.062504278197958	0.190845821535639	0.118269983534447	-0.0418086282984102	0.0242230001392263	-0.0101486889473396	0.00633096446649353	-0.0235421040526398	-0.00277522427180019	0.160477753938644	-0.0624331322828837	-0.0201498150280712	0.00247157304541005	0.00875086618289345	-0.0442456226025127	-0.0242041346417836	0.00849094744847902	0.099033680648952	-0.00238499278057652	-0.0371093262394575	0.0128582286561078	-0.168778291695815	0.0688755953175122	0.114296508324335	0.0168670598597982	0.144468041997062	0.0369032925433284	0.0870363804915101	-0.0412972532353687	-0.0585417267134954	0.523748867466584
CTC	-0.114074456804575	0.0765394170136725	-0.104741537636712	0.122348167218592	0.0139637918388029	0.330056636188464	0.00632322275065292	0.0803061114612417	-0.082870444898	0.0558088688229534	0.045567967562124	-0.116856371741015	0.158299429976332	-0.0687411781954564	0.0459600382866679	-0.0223901482130864	0.129076418322365	0.0810494412470758	-0.0768025890419815	0.0396371177253653	0.160006276842879	0.0203834588546824	-0.276567121533812	0.174569407462833	-0.112844503576244	0.0668570891087458	-0.0682959395363924	-0.0213733329002846	-0.0824160481834249	-0.0986740089856697	-0.180797064045908	-0.00448686364692218	0.0544343179634992
CTA	0.0853433476632467	0.124205503316137	-0.276875674394588	-0.039108099268168	-0.0304581322339298	-0.122252587471728	0.0439422952468901	0.109141762652835	0.0514839393284223	0.0434121424290571	-0.114507186176501	0.0228529223737341	0.014960777521892	0.203883482447168	0.157749708166445	-0.120854720479768	-0.151078828815184	0.314052428077355	0.115668078029637	-0.0268473228565736	-0.0491707717964361	0.284929056023492	-0.127301616076005	-0.171318953269223	0.0117640882558726	0.0135926702419646	-0.0698609790696247	-0.0720263043680179	0.136977282338399	-0.194232257536405	0.0355501277683948	0.00651373383946939	-0.107736377273551
CTG	-0.145841201231049	-0.146760328266158	-0.0502417630551598	-0.233974406055433	0.06776506218909	0.03073717785569	-0.0687520089418075	-0.0106142651433722	-0.0128087515729697	0.0987166291722518	0.0586967761624489	-0.200336606809662	0.0946309978199749	0.039141254119908	-0.0128939146677337	0.0238801186664624	-0.0409651580523726	-0.000884090292323075	0.0219714302931513	-0.0234159699926212	0.0516772700220219	0.0749235931909697	-0.0357693750797185	0.0346663141418985	-0.0252447959574903	-0.0440695756304914	-0.0976011615417486	0.0212014206505422	-0.0336736782355764	-0.00292419247546791	0.101131288737242	0.0360226431864162	-0.13670551616035
ATT	-0.176232646601445	-0.125165830647007	-0.0857137715279288	-0.103299548512101	0.0756638635110402	0.165242652922871	0.0291632366003068	0.067359766309352	-0.0755640803835731	0.0344340553829345	-0.0830269548362423	-0.0541338317789026	-0.117462003149345	-0.0102399364026948	-0.0418264360550047	0.0868629048291146	0.0161272979296522	-0.0151617611367585	0.0375245167039635	-0.0109412045920961	-0.0203710691648799	-0.0345005585429089	-0.0520203779737448	-0.182247307883016	0.0173998945392024	0.0751242107957225	-0.00244595330131247	0.0699971826005441	0.0657042403082034	-0.167289091388322	-0.0747112394702604	-0.0260567889207403	-0.222672463976089
ATC	-0.0870974497213378	-0.0608041909764668	0.0729470652802853	0.204161643959383	-0.274171948717742	-0.0934111164999614	-0.0373166603838852	-0.0576220199632976	0.191353507885874	-0.00938278934106436	0.135598443062657	0.129508635102912	0.175773084254351	0.0209398568866518	0.0470581678145154	-0.0655098413127795	-0.0202256406743769	0.015704483757315	0.0186426640072484	0.0672455600786341	-0.00159294284171708	0.0452708688989165	0.0258974899658304	0.0556606700555549	-0.0247699301327484	-0.0518024559777499	-0.0465950539479054	-0.0101090590591711	-0.0297591815565336	0.198639237586562	-0.0640059615407962	-0.125869052886879	-0.0309584398349079
ATA	-0.205464685071648	-0.0303097605762803	0.00970579119745454	-0.119781553779633	0.0727633208722128	-0.0888844539497643	-0.0214410509655873	0.00263642660317579	-0.109007211560832	0.0171308733231978	-0.0498040099169832	-0.140445994952496	-0.0556424144283883	0.040790912456961	-0.0427997320989202	0.108469847518523	-0.0582702102315991	0.0162426673851982	-0.019006328218222	0.0275222795018207	0.0207978215707602	-0.0163401973555085	-0.0551489396249132	-0.0713820609906278	0.0129098088429284	0.0222422352431241	-0.003548568879362	0.0634755390444319	0.0339942208506558	-0.0647797577955151	0.0210833843695672	0.0315368625890346	0.415369817449925
ATG	-0.191190114817536	-0.106448375534867	0.012377084451589	-0.0495621652893055	-0.134706767187952	0.0541147453287618	-0.0166954038305766	0.0142809080092722	0.207073341594359	0.073003694255135	0.0513243038921338	0.177642908706913	0.0743418946170993	-0.0186636001301907	0.0673245787154602	-0.0245227864849861	0.0287982948093484	-0.031135830867669	0.0723675942971554	0.0405137066714077	-0.026336815558161	-0.0545058062995293	-0.0355552621143	-0.101158683887021	0.0136159500920183	0.0204160532058153	-0.0304278144450361	0.0593194731803159	0.00212181940384205	-0.0128090768993622	-0.0965434666888414	-0.152357964207909	-0.297510566013472
GTT	-0.0338691270508707	-0.153423201371758	0.222153663606471	0.0848697576389621	0.218472713437305	0.0980372931486518	0.0847890372601909	-0.0534239696162374	-0.123546127532	-0.0533427801696069	0.020862694719499	0.0117992125273678	-0.000398981536953542	0.0457384514439931	0.168343643727698	-0.120132917207097	-0.214581298005243	0.277768944098457	0.0653482454293851	0.0104081296928409	-0.273806411123325	-0.263199024492748	0.0137095743001363	0.0440841896891346	0.109445017956599	0.124207814925073	-0.109337497345671	0.0290463755909348	-0.0259415716009987	0.0171378972064758	-0.0514879901991391	0.0138885135647068	-0.148894712400479
GTC	-0.155219873183819	0.248512166395662	0.0579479241637262	-0.0286025307879193	-0.010720067735806	0.0905956812282076	-0.0285384904649841	0.00184485362296505	0.0253373753832259	0.0899641924275557	0.0591944381604262	-0.085470366097556	0.112867901212338	-0.0274241384260237	0.0371835278820241	-0.0156675111597915	0.0586953339076707	0.00519675645214699	0.0489196880407688	-0.0764535525340877	-0.0486681903521769	0.0703139822917694	0.0108561126771062	0.0544286654464906	-0.04486128252229	-0.0206638446075423	0.00939175956826914	-0.0726088734748353	-0.0863778211027697	-0.0754931384472239	-0.202290820935527	0.00556606798485718	0.0989446002823518
GTA	-0.1283507088836	0.135880021331602	-0.0451227582432421	0.0282464367420811	0.00224697721119502	0.337987319769067	-0.0113165793290685	0.0460618923318291	0.0305795568290434	0.110719605650615	0.0655303787653906	-0.0870043995708292	0.104312507642824	-0.051923171462427	0.0215410864494739	-0.0120033559381439	0.111728535440183	0.00286434627760746	0.122581384067378	-0.0971759595767608	-0.0926887163111853	0.0665792527133637	0.0249686809715936	-0.0269640762205479	-0.111842248317081	0.109761265173097	-0.0380316133758224	0.235431653523433	0.227344808208046	0.330333750486783	0.698701830884303	-0.0442491326459999	0.00591927428010675
GTG	-0.176111140177177	-0.0245612193470395	0.0232740139514845	-0.236439717778916	0.0544310562989619	-0.0800148279761047	-0.058307604044758	-0.019940194866667	0.00182317528988273	0.0819278054357165	0.0374135423828462	-0.0576006346369391	0.054262354246612	0.00423205840997922	-0.0248398043594988	0.00618184808003312	-0.131046960667938	-0.020961334847412	0.0201574280480706	-0.0213347000010782	0.0965426444377938	0.0422269816589816	-0.0406554692258073	0.136786991459072	0.0462236078503886	-0.100481603616204	-0.135738642738677	-0.0812015033895984	0.066344270968257	0.0592743559062146	-0.0111343839129214	0.0115135272120524	0.216076774640596
TCT	-0.184172551276192	-0.0737082856217094	0.00954897257831596	-0.194156415732613	0.0760382124020034	-0.102346348564897	-0.060480993601878	-0.0172603918154917	0.00891307900157223	0.0732749812216709	0.0297320234778973	-0.0807337563791748	0.0517196999220189	0.0283425012866648	0.0197724005052944	0.0171213745172333	-0.0529415141538818	-0.0203387178958135	0.0122958994499049	0.0135714349471884	0.0462215833817607	0.0160039366887221	-0.051898104257309	0.0384953165297057	0.0153377706849232	-0.027563241612993	-0.0681101196242266	0.0329734574482522	0.00590471636547548	-0.000382546079331183	-0.0108501125972506	-0.00189295443034774	-0.113620018009852
TCC	-0.181353681858005	-0.142458230343915	-0.0806027469962872	0.137836266820249	0.1146829135314	0.0371780972862416	0.00731598310487769	-0.00255502113450912	-0.00735671345202166	0.0150169234678927	0.0240954624036136	0.0595820421222662	-0.0142164257864458	-0.0159114684411224	-0.00369048973783084	0.00804897502877275	-0.0246090521075508	-0.0203009327165847	0.025035582030635	0.0567275393247975	-0.00421949196014832	0.0143585058013502	0.0110503546234042	-0.137603235831363	0.0285849939055067	0.0992401688663356	-0.00900009310176084	0.117781748505749	0.0174532921933749	0.0404032151986192	-0.107543621780077	-0.0530485124291371	-0.094276055923371
TCA	0.0284904815538151	0.0597221013907779	0.0451111881570304	-0.0134708201266445	0.0612806501528279	0.107026213719776	-0.435867722170988	-0.163641646603377	0.113928612938861	-0.464636841970018	-0.203166380034654	-0.00989269886849185	0.00195880884703095	0.100952373190069	-0.0280295247139033	0.116088532369349	-0.0288515933800027	-0.00576281489652052	0.601915665026382	0.106908639610099	0.164698140561042	0.0234121319286343	-0.043408986973482	0.155811794246068	-0.0314353566375861	0.16387597048148	0.0671678521761008	0.0469984300700872	0.0213615976435627	-0.0205669792453611	-0.0510827128633856	-0.00526303801192528	-0.00195905831328404
TCG	-0.0180996645784714	-0.0757453428005484	0.0667876592613964	0.0465264171826256	-0.37861856892508	0.00590076437369296	-0.0310235420827277	-0.230204088860794	-0.0472057756489737	0.151319132856386	-0.180379040791061	0.114130521325925	0.0562209213537722	0.0776076672443191	0.0588781104383874	0.0408085580990489	0.0638477524001377	0.0209027436574321	0.0262352744863077	0.00405682657338549	0.0124958842999236	-0.028178443385161	-0.0186281332648391	-0.00137910884355592	0.0251732066243877	-0.0620558592042827	-0.00305259907256888	-0.0467847705588854	0.0472529938633065	0.0159624152581381	0.0254427670096475	-0.0751714224859096	0.0301947235518693
AGT	0.038545698450846	-0.0181498431658657	0.179116297687018	-0.00808075637912428	0.0284816149950889	0.0587991465636212	0.338147149447545	0.117842433720655	-0.132192980050407	-0.0981166150413646	0.188532596200356	0.116964683573932	0.290217163912691	0.556872163968302	-0.0172796697263297	0.150001490202469	0.014266648087927	-0.242686385964688	0.0940680593287617	-0.288968976368526	0.191546367106037	0.0554749598693615	-0.132616847376244	-0.0199890158615767	0.299107948040915	0.126375894760066	0.158353896419822	0.0120940033724154	0.00996247071577434	0.00116838621669415	0.00536392932385856	-0.00920954083966548	-8.26568631252015e-17
AGC	-0.0643373722407029	0.0474409631042191	0.112844700499356	-0.0177192859591703	-0.244242980878666	-0.0777007965072018	0.0476811047667218	0.34341108704452	0.282045365563217	-0.312083106933363	0.248758447401288	-0.0912741356936749	-0.0200617030329114	-0.0205672140046947	-0.110107086278562	0.0404535321718791	-0.0807561728597695	0.0652815903221833	-0.0390093224817266	0.0630515457312982	-0.0663314492247967	-0.0417867497264203	-0.0517283715353666	-0.0342469648591523	-0.0986225457176297	-0.0634283881099751	0.00620795109333514	-0.0366944702827564	0.00182295188173951	-0.00718099406046848	0.0406178359634801	-0.0842398184357279	0.143826979955038
CCT	-0.0446434657001619	-0.0104693804929535	-0.311700204005429	-0.100495061461555	0.0422876858378063	-0.163001437179073	0.0186897669143337	-0.018456656799652	-0.159077365476726	-0.0599996825738882	0.173737465734917	0.104056367265051	0.0770527342827257	-0.138651631738343	0.0426360469664111	0.0496819467916342	0.212006569679632	0.0792292438266448	0.0796017372202534	0.0365848213408194	-0.145163009166121	-0.170169692788789	0.0660009724939906	0.050786566386141	0.126392715051637	0.277171834977777	0.186054738847124	-0.228615822374408	0.143954481327957	0.123643206385559	-0.0444306296714727	-0.272095547240585	0.112111734558302
CCC	-0.063340868054641	0.0547711109858251	-0.125847850389632	0.179269538586391	0.0489663916093322	0.0554544105309071	0.090531429803667	0.127012274550605	0.286918406338629	0.237650422252338	-0.331379839553863	-0.153684768436519	-0.0526273444729205	0.277997924860263	-0.210182307403704	-0.287298809099438	-0.267606000083832	-0.216210858896728	0.0113496665193379	0.109042150969901	-0.0569520820584588	-0.213240562676368	0.0735169803378477	0.265860562816304	0.0331836781944581	-0.04824906278167	0.198788898321109	0.175375546720088	-0.0124301032726368	-0.0599509730209396	-0.00798496543397362	-0.131893083511414	0.0552450254467578
CCA	-0.144814578388385	0.262308562739575	0.100765000363313	-0.0639015937176561	-0.0129999430137945	-0.0400188865825673	-0.0253107184595434	-0.00621109365482798	0.0416361600788017	0.0639131246534568	0.0223314702844667	0.00522053999308674	0.0643289043122782	-0.0154788719166352	0.0383440604939076	0.00796155623341322	0.0201271724893021	0.00209867729075398	0.022108114405758	-0.0312457402978809	-0.0305075051157154	-0.0184863277357951	-0.00489827534500998	0.0172891702420393	-0.00950764939418603	-0.0109075849438471	0.00682872168136976	-0.0192003266911961	-0.0548479693238648	-0.028845581116639	-0.0380605669352211	-7.15661972143705e-05	0.072230517049135
CCG	-0.138101345438556	0.254345250590389	0.114652492267637	-0.0614917935027076	-0.00825530371290472	-0.114750940683863	-0.0194701349845599	-0.0213195341979992	0.0516961816710539	0.0439197652285112	0.0186974448682417	0.0619760701361995	0.0145351271992896	-0.00178511258657872	0.0563989217127205	0.0154320152617339	-0.0052181651749207	0.00250126951556077	0.00771162012355924	0.0103967821702498	-0.00958125927490372	-0.0641866887017363	-0.0041407724804134	0.00396663531132908	0.019763860073045	-0.0109423788641155	0.0274208428178662	0.0044500689335287	-0.035625137048722	-0.000266033727037157	0.0176831110897105	-0.00127695648950139	-0.212971474863202
ACT	-0.106096243182936	-0.030156789292507	-0.0112654954169302	0.304517625357324	0.0859126602242081	-0.146895080803283	-0.048224675852441	-0.0831039446487032	0.0647450631404816	0.0111959337875194	0.167614298547034	0.0882084989750033	0.173276488408651	-0.0123078009971027	0.0644339734266804	-0.115924338958416	-0.0475741288823219	-0.0167706760567409	0.0202907932119839	0.0616687825625069	0.0215042259870486	0.144434529083517	0.0969874458101861	0.0769419427266396	0.0207032741442685	0.0458115527791487	-0.0998239113051688	-0.1628350623568	0.306454855079466	-0.645567036571292	0.277708249064253	0.00929686002239676	0.0511550483348033
ACC	0.0635939624682039	0.152792359484748	-0.27884037118472	-0.0411685882732701	-0.0291421612431858	-0.104842434409601	0.0547692475807307	0.124976238514821	0.0533281198336625	0.0393954732217175	-0.138047912561413	0.0602044598245649	0.00394511035968478	0.19468803451414	0.170856503387746	-0.113465131067439	-0.137405344918463	0.329510413106817	0.0874306045928788	0.000103351219392152	-0.0175053403521569	0.22705031049367	-0.201413675037776	-0.165946250639085	0.0134242083296784	0.0158243185065808	-0.0481425280091204	0.049336085219629	-0.0492154140655586	0.243677070916782	-0.0760933088677511	-0.00872564141688221	0.106583056965787
ACA	-0.180493996500102	0.126443168646754	-0.0289481871473402	0.041589442677902	0.0217837645442815	0.219964746901538	0.0522689328031452	0.0693435996264674	-0.0993339581748384	0.0204972637409035	-0.0743691349630157	-0.0330078729375389	-0.100257385772356	-0.0439789012971582	-0.0553465119725249	0.0756968906700209	0.0350579166798835	0.00464138275385158	0.0419522229215285	-0.0577310708513214	-0.0521914697814177	-0.00837126197713345	-0.00850069275652189	-0.145518639172815	0.0032532351624941	0.0619318113638842	0.00925043493482041	-0.00918395881399979	0.0436470008827358	-0.135465039809445	-0.124456527140299	-0.00769639300905852	0.0309229094940373
ACG	-0.0949238323941907	-0.236272247005269	0.0164403411072683	-0.151253742977084	-0.228199852674427	-0.0302353836806258	-0.0275623112599746	0.00887172857839101	0.0691459569075645	0.00481124416169528	-0.00681952178624694	-0.058871901756735	0.0197905294124662	0.0644692458751379	-0.0193877350896568	0.0721922091418067	-0.0258590429908115	0.0262259696743959	0.00259973883786442	0.0496278349995084	0.019301042057172	-0.0313030099878701	-0.0776982232983535	-0.0494137604591707	-0.0243766109141907	-0.0448251764483138	-0.0275195368221726	0.0224311779440126	0.0496716545725706	-0.05545693398371	0.0336031357406478	-0.0804806045914682	-0.0792289134904554
GCT	-0.169790551438538	0.170363330009778	0.00138921678119909	0.0437454084755786	0.0213914194724147	0.192213347845638	0.00295148852817355	0.0305557979097555	0.122670326079145	0.10579656418169	0.0612519961878185	0.122603746656256	0.0849174383319617	-0.073967607992868	0.074885579664125	-0.0629462992511445	0.0977865128991877	-0.0414627476189968	0.0934138693634215	-0.0562650877123762	-0.0740125777930997	0.00715618053457518	0.0252047817216042	-0.0702957860806435	-0.0133049646234371	0.0566521871042369	-0.0118586348555742	0.0141265491007704	-0.0655360710076235	-0.0531249479448637	-0.200219156195333	-0.0815889164578994	-0.0187996108304861
GCC	-0.123826573876808	-0.0497887545269748	-0.0295517987947952	0.307235536652856	0.0853350103227268	-0.111815315277665	-0.00559302814857118	-0.0571544982336852	-0.113528124534208	-0.0592593031856718	0.0540697287522545	-0.0433839768277328	0.0149422238484743	0.017716961712678	-0.0528689158234378	0.00748744467640445	-0.0988367621358752	0.0203279339952149	-0.0352091574173561	0.0624947029520606	0.0340018082136417	0.100742483374279	0.0549753373861697	0.00593859251074322	0.0170564343159948	0.0347079606096504	-0.0294087848027713	0.0441857589071743	0.0169899279863138	0.200512490211087	-0.0549230811676081	0.0235506143908642	-0.139549738611402
GCA	-0.116030047866575	-0.22319918598712	0.0141904371395256	-0.169902134210236	-0.166868786847534	-0.0424593746908484	-0.000356202460389512	0.125734420179659	0.120696887878733	-0.0853919418010015	0.0434240795455231	-0.0542332956693702	-0.0387319476655642	0.035061649583206	-0.046455792687315	0.0709462448689525	-0.0516771181148328	0.0185289256096388	-0.0041728443968948	0.0631760223739838	0.00391799610404453	-0.0566445664143614	-0.0908532050971217	-0.0787277602388579	-0.0189566143705233	-0.033953858108714	-0.0271649502135109	0.0340230100377516	0.0637247276914613	-0.0658468664859617	0.0453045315882662	-0.083210142652055	0.121494532461567
GCG	-0.0251452573812263	-0.0959302700262568	0.0371267704887356	-0.00927673268885057	-0.296663605989811	0.0171322731903084	-0.0676522539596236	-0.371246512038057	-0.134453456569276	0.298370502149046	-0.261686469770969	0.111079919970014	0.0990313705717177	0.101240653811789	0.10362901162677	0.055002520989165	0.0942433754751855	0.012444572864401	0.0374179446974572	-0.00549144227199234	0.034658926857237	-0.0276727766059308	-0.0115137498016519	-0.0202102024924848	0.038004092971338	-0.0211931623533488	0.0187820590547813	0.00197124907857889	0.0183810464961133	-0.024967036944068	0.0124775793166037	-0.050325075868042	0.13869359969213
TAT	-0.132040402413527	-0.0521536769278482	0.0618570120160978	-0.12634734426816	0.10076370635945	0.0364337748050051	0.148641647910171	0.0876207905501495	-0.0518714949982437	0.0368698445713944	-0.0547760687029167	0.365428630800778	-0.125193031700349	0.347178082299976	-0.265053158334324	0.128071736319271	0.245419343493948	0.191299112205513	-0.0252405913778119	0.286774805247428	-0.114256936671444	0.202591099996247	0.245201042284415	0.263463198022054	-0.331109617422151	0.105678984737016	-0.158797101621236	-0.0798174400580536	-0.186955505611736	-0.0199518897784787	0.0639357768513803	0.00749191251187024	0.0015605057910829
TAC	-0.135766329462839	0.0150826645349437	-0.10180134867949	-0.165313712031788	0.0369516943360074	0.130261288274777	-0.149796705001099	-0.0840181646326148	0.0031126881677056	-0.314479182034744	-0.119395477063756	-0.0246616850691316	0.18906696321483	0.192431817335861	0.0813016729525767	-0.131562181649212	-0.0117371548997201	-0.0635518364752761	-0.194074273200192	-0.190645240013147	-0.199387756272007	0.0885392203477622	0.586894942235393	-0.244073965870224	0.0117347256624627	-0.247486920359184	0.0646112351302337	-0.0241124001258649	0.0656346210120807	0.0244434389070382	-0.0835562249255373	-0.00468518885494262	0.0296705121250795
CAT	-0.182432955668934	-0.137139299081388	-0.0156453891039379	0.0341706515915346	0.11722629992599	-0.173080565238472	-0.0596742439179487	-0.0591253633664066	0.0160675652983213	0.0348266519832661	0.0774067846565067	-0.0440343084834422	0.0865369004621483	0.0430081830754586	0.03334383117464	0.0116791074304145	-0.0482864085987358	-0.00124401006213779	-0.0148844332429221	0.0934650638348481	0.0238615642426629	0.0259206874608348	-0.00952561851440533	-0.0488160430758237	-0.00452239689148671	0.0640055600996291	-0.00123888056151594	0.153450077627705	-0.0509075660319407	0.0781161946547334	-0.0293108673624336	-0.0204996485990737	-0.13588675487453
CAC	-0.123377128260258	0.055812280139417	-0.146549279921351	-0.01768260159732	0.0375943311673321	0.160544159933959	-0.0780792548302383	0.0283618129493732	-0.0766166236161046	-0.325949720832181	-0.176796190223788	0.175019222699505	0.251320867593216	0.0552860548541371	0.163331800093351	-0.0730162992300883	0.0348937063205937	0.140869956345199	-0.487403973311196	0.206109299244983	0.308604452415751	-0.252612189276099	-0.200732742033485	0.127015277630997	-0.0121055466812392	-0.0783329891687686	0.0466476744317575	0.0412330072863445	0.0255986323019454	-0.00954006816260832	0.106052538658934	0.00371664619011547	-0.0343381787991542
CAA	-0.111792465746702	0.00766490291347013	0.0190403055715034	0.282778819595268	0.0160629027669097	-0.18524970388663	-0.053660581519689	-0.138757982972376	-0.185124207505156	-0.0143395922506896	0.049407260876622	-0.19479194161023	0.0990168072576505	0.074345820304898	-0.0400385415694953	0.0225654675986186	-0.0826670216901938	0.0489772836363822	-0.0574655452284394	0.0372899338020762	0.0472490953743995	0.161751807890383	0.0544353234566247	0.107529511039354	-0.0296760181498373	-0.0177115539793527	-0.0372450100406283	0.010074425272999	-0.0294567028479756	0.211121257742167	-0.0358157031603119	0.0704087510333159	-0.013874390760788
CAG	-0.166095343703212	-0.133289586415353	0.0238713257207329	-0.0877614687992259	-0.117683019734182	0.107443963672051	0.117615334489713	-0.0420062702249243	0.235596310397116	-0.021440411696601	-0.0429939984868992	0.0295190997250156	-0.0396506823849273	-0.166696525113074	0.104886687697557	0.0555268306534205	-0.00356418477143445	0.0982412388091607	-0.101310678857695	0.0866466944953266	-0.154346865155831	0.306973525246429	0.0012824327254806	0.249962105103426	0.26844425197541	0.159311867444226	0.456128057098497	0.0165627981277163	0.104840391506419	0.037323557878257	-0.043646578892018	0.523816679987475	-0.00419640344891029
AAT	-0.153323132637834	-0.0218373222278717	0.040092029698689	-0.00502069267484458	0.047607007759796	-0.158673124137059	0.0172263428797275	0.140934236535077	-0.160066978838646	-0.121240385186275	-0.243615071990587	-0.0593459603565349	-0.283598129654341	0.055609550682861	0.289266759009206	-0.192409061492172	0.389836246690351	-0.223660818129208	0.0605303914882539	-0.129867011919692	-0.148791695912191	0.0312647112005892	-0.159413266731271	0.174921792183484	0.121273856218873	-0.130510609000584	-0.158660684002229	0.00484356599952988	0.0381036945490237	-0.0253196797932614	0.0563989528389359	0.0501920332884959	0.0213355298712521
AAC	-0.0047072200676221	0.0854275677219349	-0.271717314683828	-0.0437801131804665	-0.225489785850057	-0.0177624113119258	0.0740331474518742	0.0149472727650809	-0.202589517954832	-0.0991014504669884	0.128192103096507	0.106533676798833	0.0490003632046673	-0.168630523932846	-0.180651117048231	0.0183981524591372	-0.0177987194718098	0.142129083320893	0.144696740875819	-0.0334672692470322	-0.0157476739642686	-0.00931543481812342	0.165626958664845	0.210751755997974	0.404221745356763	-0.174915287274508	-0.186524717039588	0.505954022194174	-0.276911911003064	-0.195201828319167	0.0516937803933048	0.0119207863389207	0.00297423671514034
AAA	-0.0389482379039051	0.0473619040679461	-0.159244481324184	0.0839643213329949	0.0811215245528239	0.00324116200685846	0.0439445872667579	-0.382136247266744	0.485573906337697	-0.0948752903322792	-0.00958967857843676	-0.160579136288641	-0.164947204491829	0.149604790992902	-0.174464608486287	0.153712377578632	0.203597427067463	0.146961367114054	-0.225849947003735	-0.279720245869292	-0.00268524550457688	-0.111898130794851	-0.0707576190736183	-0.00464340938126194	0.244524986878613	0.186811883845443	-0.321516836627926	-0.111096593039907	-0.108079039694816	0.0103718020895502	0.0490627940372474	0.00824012741660805	0.00282950838913642
AAG	-0.12196101443411	-0.116580418497385	0.0883035887490743	-0.0805209604604155	-0.211567295391334	-0.0311080674978746	-0.016196408140725	0.063302885876777	-0.114208383193844	-0.0544037861518317	-0.0452896425024741	-0.0129349546648042	-0.160486546466006	-0.0928669553208729	-0.0677678244728337	-0.511358757434202	-0.07638282068127	0.069000152257776	-0.0333598131092492	-0.274946799213271	0.384915432293116	0.0562040299643544	0.182363504493188	-0.0310676750211603	-0.0533015213434398	0.468546847153683	0.0204560000060034	-0.0899530444976611	-0.223095694979631	-0.0159671373973038	0.0887260951246378	-0.00137804417071371	0.0149848420809496
GAT	-0.152987546059443	-0.100493718298993	0.0310434684057999	0.187802097031406	-0.120410752797267	-0.0898663970774574	0.00704848287481007	0.153607638125454	0.0784453970906627	-0.157364224106988	0.0274902286265297	0.00900191839036071	-0.0635883651131676	0.0227329655783142	0.182965271711038	-0.188574008858282	0.227861185230919	-0.131594232267174	0.0564811939868238	-0.0392590402271775	-0.114617806427814	0.0870274300598293	-0.0724471872241915	0.131440986740103	0.0273044933445084	-0.101746738811868	-0.146613964849708	0.000432309682659667	-0.00303626401308844	0.119821089717439	-0.0655723050375446	-0.0698050175179665	-0.0416461253133747
GAC	-0.0503849977611224	0.0762849557805618	-0.159378360391712	-0.116730801653021	-0.0875505410452514	0.0762364036993531	-0.0392892152121016	-0.390610193844108	-0.155477908290028	-0.184743943105554	0.247797453017456	0.178836140716985	-0.15185023048756	0.0904889408006956	-0.150826887830574	-0.228801499773934	-0.253918439543987	-0.294128983295684	-0.112592077460264	-0.0434988613636284	-0.363598125548849	0.103773097546711	-0.391884560071833	0.0202809599938989	-0.218677214163894	0.0383696044881081	0.0678206713688482	0.034995527180052	-0.0795846696648679	-0.0433906930397126	0.033655080751233	0.00196041005909286	-2.53161207275439e-17
GAA	-0.111048498023615	-0.030358863412047	0.0367877378463155	0.156278303997432	-0.300535103799706	0.0792859592360749	0.0802390612024037	0.0610710402039271	-0.0768979577899751	-0.118464888253825	-0.128465518210395	0.0146459004629258	-0.171866340273451	0.0231433244194441	-0.112698824292425	0.151697566233029	-0.0167698400894437	0.0635773402618904	-0.0149564748324338	0.0377320088067801	-0.048172444950471	-0.0728905889043348	-0.034670333384264	-0.195636002886825	0.00863568910807854	0.01368903909383	0.0489382215435932	-0.0155191247327432	0.124108583104643	-0.0681082856420761	0.0245042154266165	-0.0603912927550232	-0.0815797718904775
GAG	-0.18159858135336	0.191036153429014	0.0526562384994892	0.0689374701163295	-0.053257902942253	0.0541136701240492	0.0431851336431562	0.0345417293179676	-0.0901569535929432	-0.0155965297442945	-0.0903387285181032	-0.00180256274251058	-0.103731629342568	-0.0146697512716701	-0.0486661041285004	0.100459452142971	0.00740069657063711	0.0256525176248987	0.00798840497106647	-0.0139436288611691	-0.0518840928499131	-0.0494007471316145	-0.0120656582570542	-0.134424170127723	0.0167853650328643	0.0417399596719614	0.0424613807926711	0.000388950344745939	0.0391358045997288	-0.0815789468004163	-0.0334175322323533	-0.000392619688041621	0.0319464800246862
TGT	-0.190429678778491	0.0340550403070382	0.0448385392276749	0.0677839339066182	0.0730078676114696	-0.19541870647723	0.0237261777412289	-0.00162305300562718	-0.131911156451358	-0.0718239844320404	-0.108803772810248	0.0136733992776933	-0.159169827559991	0.0274239131996688	-0.0411306343307233	0.11191165674871	-0.0701850588711499	0.0133080915012141	-0.0474810081913459	0.0826981361544567	0.000278622735408663	-0.082345971560483	-0.0364864620067627	-0.132450459166083	0.0756894739852591	0.0576973898479695	0.0476056343320678	0.0965435833998608	0.0670484059018191	0.0187472137504375	0.0932353581342676	0.0321659425895116	-0.144752175886492
TGC	-0.185211616303096	-0.13119715226191	-0.0861289205514075	-0.00232702748943275	0.100118118769567	0.127361124166868	-0.0406062900614502	-0.00562016144133621	0.0861528298100454	0.112703817380796	0.113759214525217	0.00484495311610482	0.128184707960364	-0.0264538754532705	0.0439874599879956	-0.059689752557796	0.0131646834157641	-0.0414471697815157	0.0724671819253354	-0.00809292758960782	0.00365203964240755	0.0808549306701183	0.010424930807616	-0.0276353182544326	-0.0190782796261416	0.0459777272879318	-0.0756210001200037	0.0614412891490399	-0.0381235242377444	0.0160508329610503	-0.198083559943458	-0.0749539675714266	0.0863876088330413
TGG	-0.173078735225721	0.089951822622977	-0.0131319143924463	-0.0761993468460739	0.0230492066335058	0.151163349025123	0.0656550809080745	0.0351326281382444	-0.0446950224612569	0.020246446551998	-0.050422557654026	0.284578050815782	-0.147895755940767	-0.144098825405109	-0.190189308235559	-0.00873710028314049	-0.334338626346683	-0.047417071604969	0.0690249976151351	-0.0839395043520662	0.18267640319928	0.0220983128819259	0.0257556551607907	0.178743939518101	0.225368637720943	-0.184784836552691	-0.267384093993794	-0.351370808985025	0.339150783456602	0.227650122306935	-0.0567697708227424	-0.0132983530184691	-0.0620618267414287
CGT	-0.13511488896141	-0.149153772701763	-0.0857967447245498	0.114934017341619	0.1141118354131	-0.135219827104702	0.0251000148323315	-0.00858254108866215	0.0511169861062657	0.00596484483684511	-0.00195329345282047	0.195893945128555	-0.0634924401960472	-0.0590973899998933	-0.0110153809763889	0.144696849279891	-0.0158329639798492	0.264798647866229	0.0825832890070738	-0.612269533598349	0.0725629321194576	-0.126936041223846	-0.0523203310183448	0.194295690385493	-0.384907234253317	-0.261607092225435	0.293189988030941	0.124940396517615	0.0522237062930218	-0.0440583710846336	-0.0178411646592905	-0.00221602726790409	-0.00257811722184891
CGC	-0.140861327101818	0.225914348823145	0.118380105280455	-0.00514353465676214	0.00338219711185451	-0.191303507760206	-0.0233220343107779	-0.0356280586631545	-0.0522541150728327	-0.00231286584229606	-0.0135854968977666	-0.0553684681804486	0.00851161447305711	0.0275691555504507	-0.0125245836488589	0.0787900791083266	-0.0486520212737761	0.0408254589731934	-0.0402787401362203	0.0321918757856653	-0.00556711388632212	-0.0371974295973412	-0.0093967479895349	-0.0140196741932011	0.000714050304262726	0.00670962006120133	0.0497733262479388	0.0269048191996663	-0.0326760619787874	0.0118417203049456	0.059430565777639	0.044780683153891	-0.0740993717275281
CGA	-0.162126085826737	0.221242502291346	0.111201742445111	0.0253404275234026	-0.0582993040330199	-0.109179090081462	-0.0159224863277646	-0.0227229711282179	-0.00817282134423298	0.0131512551590709	-0.00156757745299258	-0.0038627010660656	0.0263416205697854	0.00808406382048668	0.00393561820468681	0.0441254193722787	-0.0204354255236608	0.02356738899861	-0.00645168265711797	0.00697756452641117	-0.018749421435505	-0.0199042369875558	-0.00459436171780226	-0.00230563149350846	0.00323120648066934	-0.0114671112574984	0.0154289728142038	-0.00853009301960973	-0.0212698492774256	0.0222593536284188	0.000749817786663819	0.00518701091548514	0.0345398382675006
CGG	-0.126761341141245	0.248033143719762	0.135608381985575	-0.0734827100930688	-0.012494563274629	-0.143449681083852	-0.0279824966733025	-0.0269613438143886	0.0443787454414437	0.0474632213735172	0.00118190893206972	0.0605744488327906	0.0276774928279236	-0.0209910832069494	0.0331126206447985	-0.046106688668209	-0.00769466180582302	0.0389118550584664	-0.0180188294854503	-0.0130924225555105	0.0328152573895468	-0.0869535021186929	0.0326034896645516	-0.0826286320052542	-0.0183847234236738	0.144467079829627	0.10482675822243	0.0598387504985016	-0.132377049700939	-0.0522950737007706	0.0521631690726937	0.00122913273002768	-0.0658617503756558
AGA	-0.0323177372787616	0.0986588894151583	-0.108830979182208	-0.0116442679287125	-0.0701241958686852	0.153927033732367	0.0337478488787937	-0.15973536322819	0.000970397428362733	0.075721641137328	0.441357274544534	-0.0971377323897612	-0.502648832084685	0.2747817824318	0.393102617663153	0.00243307130569884	-0.00958876804396942	0.0569558332130033	0.0468502094075475	0.176797114616121	0.298412944984456	-0.116769518694126	0.207685732692109	0.0542648053187154	-0.0193201479890728	-0.140221025344636	0.117718758888708	0.0511313448042254	0.0730838521770395	-0.00649541949151584	-0.0263340963411981	-0.00398216350169985	0.00685939091775924
AGG	0.0340013579719033	-0.0915790816828283	0.306657315173754	-0.045191614302468	-0.0441102613234798	0.167608599198337	0.0668491505111213	-0.0407735326577829	-0.0716169016830709	-0.040334956286679	0.0368567744681543	-0.108975815782692	0.080451950159437	0.0805787980460777	0.166674491158806	-0.101243225729436	-0.177885382817308	0.330980418844175	0.0778394054600571	-0.0483004855255716	-0.303801614414264	-0.251499374027585	-0.01512076602514	0.144271438773521	0.032782493597771	0.0237775391024356	-0.124490084995225	-0.0712073687554529	-0.0205688902213306	-0.0275254705962806	0.0302682234248903	0.000102520195336357	0.14355175633023
GGT	-0.0164108879272702	-0.00497706537388094	0.107826974792361	-0.0143675092027664	0.0790988737825976	0.0479124472738299	0.515383659020648	-0.21174216234953	0.121744752337099	-0.206699173092202	-0.195888465669559	0.0174183402755043	0.00148564002790292	-0.252897366287322	0.321303060089781	0.168481387782476	-0.209872789696823	-0.151624548187442	0.0383654963242272	0.0385424114664887	0.139356018230609	0.222282980272783	0.0532236160296243	-0.0541811628616271	-0.180062229625961	-0.0284281887425097	-0.1555503036426	0.0972887337432119	-0.185742758436217	-0.0472760280127035	0.0630793950057384	-0.136413504696979	0.0644944972374982
GGC	-0.135279416006626	-0.151229923767367	-0.00772706793085231	-0.251195421390704	0.0714721998014107	-0.107054934227458	-0.0713228195920632	-0.0141226433264114	0.00795157267341484	0.0735618429708271	0.0242528958320533	-0.141190086710543	0.0572567320579394	0.0535096662142775	0.0353995212713267	0.0209955393886221	-0.0181525944237696	-0.0189819790580979	0.00377217745150957	0.0170659065636226	0.0396617249906798	0.0146950069497759	-0.0705116708362747	0.032808643928887	-0.0104574302741657	-0.0231015383431414	-0.0524188449704927	0.0636268333001419	-0.0159781496897882	-0.0484410218277372	0.0133470125082533	0.00357820004664329	-0.015185025920868
GGA	-0.10779854574335	0.00948034593073109	-0.0019942942552454	0.188526147933158	-0.216485618441865	0.12057240475888	-0.00155213867523246	0.00886751205248408	-0.22190654083745	-0.0626547607558664	0.0142694480056547	-0.39506005353608	0.0286155888594932	0.0736042679915558	-0.143661854872182	0.115485539101734	-0.0196128944176412	0.0968072676107107	-0.0295421911278675	-0.0605447437592299	-0.0111241320115771	0.184705123037435	0.0140048182521035	0.038512036971509	-0.12152812496567	-0.0573700111877381	-0.0444564653713324	-0.0994057760897594	0.0191042144459898	-0.0152452447043433	-0.113457647270071	0.0490414087602956	-0.0217210312032845
GGG	0.0481646472871348	-0.0479103154069429	0.263095054123358	0.108339753352449	0.0727671842421693	0.117699324777943	-0.314101835840546	0.0726420317801141	0.0674240253463659	0.0809184732105363	0.100314442207126	0.285431932083398	-0.0970015924729288	0.061255903608604	-0.0499720058892285	-0.0738095782886564	0.0327163900217966	0.0438091301341797	-0.0666938080287873	-0.0518228023968919	0.086604076814202	0.0617467348561756	-0.103549365600548	-0.274888550136926	0.0536792703652335	-0.132153609724535	-0.173467048071378	0.19396867028483	-0.0242154690277513	-0.0052101504375369	-0.0182592190128508	0.345030487194	0.117358420805664
