SCFR_NC_073249_2_124017631_124017686_frame2_fft	1	1	0.327273	33.436	3
SCFR_NC_073249_2_133670789_133670943_frame3_fft	1	1	0.324675	52.789	3
SCFR_NC_073249_2_21858427_21858694_frame_3_fft	1	1	0.310861	71.219	3
SCFR_NC_073249_2_21858382_21858694_frame_3_fft	1	1	0.310897	78.314	3
SCFR_NC_073249_2_227298091_227299144_frame_3_fft	6	3	0.394112;0.364672;0.029440	251.386;199.198;178.505	3;3;34
SCFR_NC_073249_2_24013960_24014775_frame2_fft	1	1	0.333742	161.662	3
SCFR_NC_073249_2_25612638_25612954_frame_3_fft	1	1	0.300633	107.602	3
SCFR_NC_073249_2_42038606_42039270_frame_1_fft	1	1	0.332831	156.432	3
SCFR_NC_073249_2_5084960_5085345_frame_1_fft	1	1	0.332468	91.065	3
SCFR_NC_073249_2_93710041_93710301_frame_1_fft	1	1	0.334615	73.553	3
SCFR_NC_073252_2_5033168_5033220_frame3_fft	1	1	0.346154	33.686	3
SCFR_NC_073252_2_6125352_6125560_frame_1_fft	2	2	0.336538;0.326923	89.285;64.589	3;3
SCFR_NC_073253_2_133714465_133714622_frame2_fft	1	1	0.337580	56.406	3
SCFR_NC_073253_2_168743143_168743488_frame_1_fft	1	1	0.333333	90.467	3
SCFR_NC_073253_2_171325191_171325360_frame1_fft	1	1	0.331361	67.953	3
SCFR_NC_073253_2_171672910_171673186_frame2_fft	1	1	0.336957	107.142	3
SCFR_NC_073253_2_172761879_172762134_frame_2_fft	1	1	0.333333	115.231	3
SCFR_NC_073253_2_1773680_1774013_frame_3_fft	2	2	0.300300;0.198198	105.179;92.066	3;5
SCFR_NC_073253_2_1873601_1873941_frame3_fft	2	2	0.320588;0.358824	103.067;83.606	3;3
SCFR_NC_073253_2_507364_507544_frame_1_fft	1	1	0.361111	66.065	3
SCFR_NC_073253_2_54203474_54206739_frame_2_fft	1	1	0.333231	276.545	3
SCFR_NC_073254_2_127508466_127508647_frame1_fft	1	1	0.331492	64.404	3
SCFR_NC_073254_2_156008401_156008660_frame2_fft	1	1	0.335907	78.745	3
SCFR_NC_073254_2_56183903_56184266_frame_3_fft	1	1	0.333333	96.536	3
SCFR_NC_073254_2_78434902_78435035_frame2_fft	1	1	0.338346	54.389	3
SCFR_NC_073254_2_90512341_90513912_frame2_fft	1	1	0.333546	180.977	3
SCFR_NC_073255_2_119046512_119047140_frame3_fft	4	3	0.332803;0.265924;0.401274	183.130;159.628;150.372	3;4;2
SCFR_NC_073255_2_12573045_12573103_frame1_fft	1	1	0.327586	35.361	3
SCFR_NC_073255_2_119046512_119050857_frame3_fft	48	3	0.333257;0.265593;0.401151	1201.695;1016.017;1010.692	3;4;2
SCFR_NC_073255_2_150730744_150731512_frame_3_fft	1	1	0.333333	125.771	3
SCFR_NC_073255_2_119022050_119043954_frame3_fft	110	3	0.333318;0.401160;0.367239	6131.505;4633.896;4173.925	3;2;3
SCFR_NC_073255_2_119022050_119028384_frame3_fft	48	3	0.333281;0.401168;0.265551	1712.712;1328.297;1124.824	3;2;4
SCFR_NC_073255_2_119022050_119025717_frame3_fft	34	3	0.333242;0.401145;0.299427	991.642;802.105;774.423	3;2;3
SCFR_NC_073255_2_119022050_119030685_frame3_fft	71	3	0.333295;0.401158;0.367226	2343.000;1854.567;1545.639	3;2;3
SCFR_NC_073255_2_119022050_119032794_frame3_fft	77	3	0.333302;0.401154;0.299423	2948.340;2309.182;2197.981	3;2;3
SCFR_NC_073255_2_175730809_175733249_frame_2_fft	1	1	0.333197	277.885	3
SCFR_NC_073255_2_118884714_118940821_frame1_fft	90	3	0.333327;0.392144;0.078457	14551.787;8055.806;7914.170	3;3;13
SCFR_NC_073255_2_187439844_187440696_frame_1_fft	1	1	0.333333	189.749	3
SCFR_NC_073255_2_35279242_35280727_frame_3_fft	1	1	0.333333	352.912	3
SCFR_NC_073255_2_118884714_118932727_frame1_fft	77	3	0.333326;0.411784;0.392144	12493.024;7057.215;7025.564	3;2;3
SCFR_NC_073255_2_5097218_5098157_frame_2_fft	1	1	0.333333	137.745	3
SCFR_NC_073256_2_122668498_122668670_frame2_fft	1	1	0.331395	55.907	3
SCFR_NC_073256_2_48656824_48656930_frame2_fft	1	1	0.330189	47.542	3
SCFR_NC_073257_2_108497220_108497421_frame_1_fft	1	1	0.338308	63.288	3
SCFR_NC_073257_2_125927274_125927817_frame_1_fft	1	1	0.333333	115.561	3
SCFR_NC_073257_2_126189833_126190536_frame_1_fft	7	3	0.332859;0.277383;0.166430	266.605;187.577;176.726	3;4;6
SCFR_NC_073257_2_13876489_13877701_frame_3_fft	15	3	0.309406;0.333333;0.047855	354.664;306.584;278.745	3;3;21
SCFR_NC_073257_2_144196114_144196315_frame_3_fft	1	1	0.398010	62.942	3
SCFR_NC_073257_2_144196081_144196315_frame_3_fft	1	1	0.397436	68.670	3
SCFR_NC_073257_2_145304378_145304853_frame3_fft	1	1	0.332632	100.017	3
SCFR_NC_073257_2_145403968_145405233_frame_1_fft	22	3	0.381028;0.015810;0.047431	446.281;352.968;286.507	3;63;21
SCFR_NC_073257_2_27351620_27352397_frame_2_fft	2	2	0.335907;0.332046	176.874;156.704	3;3
SCFR_NC_073257_2_38846236_38846321_frame2_fft	1	1	0.329412	39.293	3
SCFR_NC_073258_2_112971268_112971512_frame2_fft	1	1	0.331967	74.594	3
SCFR_NC_073258_2_117883354_117883409_frame2_fft	1	1	0.327273	35.126	3
SCFR_NC_073258_2_119175572_119178103_frame3_fft	1	1	0.333465	258.762	3
SCFR_NC_073258_2_2605566_2606358_frame_3_fft	3	3	0.359848;0.154040;0.308081	138.714;134.447;132.039	3;6;3
SCFR_NC_073258_2_33531772_33531829_frame2_fft	1	1	0.333333	31.683	3
SCFR_NC_073258_2_63378471_63378861_frame1_fft	1	1	0.333333	95.267	3
SCFR_NC_073258_2_64946108_64948288_frame3_fft	1	1	0.333486	319.409	3
SCFR_NC_073258_2_69213293_69214451_frame_1_fft	1	1	0.333333	253.843	3
SCFR_NC_073258_2_84123964_84124958_frame2_fft	1	1	0.332998	193.257	3
SCFR_NC_073259_2_118943696_118944113_frame3_fft	1	1	0.333333	155.777	3
SCFR_NC_073259_2_132998527_132998986_frame_3_fft	1	1	0.333333	120.684	3
SCFR_NC_073259_2_27082365_27082530_frame_1_fft	1	1	0.327273	61.567	3
SCFR_NC_073259_2_38371204_38371929_frame2_fft	1	1	0.333793	121.830	3
SCFR_NC_073260_2_11173139_11173686_frame3_fft	1	1	0.332724	181.046	3
SCFR_NC_073260_2_118559184_118560445_frame1_fft	1	1	0.333069	196.846	3
SCFR_NC_073260_2_13609675_13610032_frame_1_fft	1	1	0.333333	82.696	3
SCFR_NC_073260_2_14167819_14167964_frame2_fft	1	1	0.331034	54.797	3
SCFR_NC_073260_2_2382026_2382422_frame3_fft	1	1	0.333333	89.068	3
SCFR_NC_073260_2_2904447_2907667_frame1_fft	1	1	0.333230	353.607	3
SCFR_NC_073260_2_2904447_2907670_frame1_fft	1	1	0.333230	354.535	3
SCFR_NC_073260_2_3335905_3336680_frame2_fft	1	1	0.332903	184.634	3
SCFR_NC_073260_2_5969122_5969353_frame_1_fft	1	1	0.333333	112.419	3
SCFR_NC_073261_2_29156833_29157412_frame2_fft	1	1	0.333333	110.844	3
SCFR_NC_073261_2_65900959_65901631_frame_3_fft	1	1	0.333333	452.026	3
SCFR_NC_073261_2_20891918_20894847_frame3_fft	1	1	0.333220	416.811	3
SCFR_NC_073261_2_79448500_79449022_frame_3_fft	1	1	0.331418	104.522	3
SCFR_NC_073262_2_132483179_132483930_frame_1_fft	1	1	0.332889	130.154	3
SCFR_NC_073262_2_134200464_134200701_frame_1_fft	1	1	0.333333	84.426	3
SCFR_NC_073262_2_134200482_134200701_frame_1_fft	1	1	0.333333	85.738	3
SCFR_NC_073262_2_140509915_140510127_frame2_fft	1	1	0.363208	99.350	3
SCFR_NC_073262_2_23225847_23226534_frame_1_fft	7	3	0.342067;0.487627;0.097525	202.765;182.625;171.948	3;2;10
SCFR_NC_073262_2_42241002_42241141_frame1_fft	1	1	0.330935	52.403	3
SCFR_NC_073262_2_63185515_63185923_frame_3_fft	1	1	0.333333	89.049	3
SCFR_NC_073263_2_114581260_114581691_frame2_fft	2	2	0.315545;0.104408	105.199;104.466	3;10
SCFR_NC_073263_2_115305923_115306731_frame_1_fft	3	3	0.383663;0.024752;0.049505	175.797;165.124;138.103	3;40;20
SCFR_NC_073263_2_24766762_24767993_frame_2_fft	1	1	0.333063	184.529	3
SCFR_NC_073263_2_26356080_26356629_frame_1_fft	1	1	0.333333	116.860	3
SCFR_NC_073264_2_75975528_75975724_frame1_fft	1	1	0.331633	62.296	3
SCFR_NC_073265_2_51253726_51253825_frame_1_fft	1	1	0.333333	45.613	3
SCFR_NC_073265_2_6857785_6858879_frame_2_fft	3	3	0.333638;0.381170;0.383912	407.047;202.749;168.307	3;3;3
SCFR_NC_073265_2_6857971_6858879_frame_2_fft	3	3	0.333700;0.383260;0.049559	339.524;179.608;153.636	3;3;20
SCFR_NC_073265_2_78078292_78079192_frame_1_fft	1	1	0.333333	139.390	3
SCFR_NC_073265_2_88253764_88254065_frame2_fft	1	1	0.332226	78.190	3
SCFR_NC_073266_2_23261992_23262205_frame_3_fft	1	1	0.380282	66.741	3
SCFR_NC_073267_2_15658496_15658958_frame_1_fft	1	1	0.337662	140.134	3
SCFR_NC_073267_2_1609616_1609946_frame3_fft	2	2	0.333333;0.221212	103.410;101.767	3;5
SCFR_NC_073267_2_16570476_16570756_frame1_fft	1	1	0.310714	88.896	3
SCFR_NC_073267_2_17475965_17476212_frame3_fft	1	1	0.311741	94.402	3
SCFR_NC_073267_2_19545513_19545789_frame_3_fft	1	1	0.311594	91.026	3
SCFR_NC_073267_2_19545534_19545820_frame1_fft	1	1	0.311189	92.822	3
SCFR_NC_073265_2_54872461_54874268_frame2_fft	1	1	0.333149	286.631	3
SCFR_NC_073266_2_96551136_96554246_frame1_fft	1	1	0.333441	571.766	3
SCFR_NC_073265_2_88676997_88680388_frame1_fft	1	1	0.333235	385.082	3
SCFR_NC_073267_2_84101794_84102405_frame2_fft	7	3	0.378069;0.310966;0.022913	195.750;172.319;164.536	3;3;44
SCFR_NC_073267_2_926137_926526_frame_3_fft	1	1	0.334190	87.245	3
SCFR_NC_073267_2_98508902_98509550_frame_1_fft	8	3	0.393519;0.361111;0.081790	214.463;182.324;161.102	3;3;12
SCFR_NC_073267_2_98977258_98977986_frame2_fft	2	2	0.350275;0.052198	157.206;150.681	3;19
SCFR_NC_073267_2_98709751_98710544_frame2_fft	12	3	0.305170;0.138714;0.194199	222.755;192.108;189.707	3;7;5
SCFR_NC_073267_2_98499784_98500600_frame_2_fft	1	1	0.334559	132.298	3
SCFR_NC_073268_2_23773880_23774255_frame3_fft	2	2	0.333333;0.266667	137.228;104.275	3;4
SCFR_NC_073268_2_23773880_23774300_frame3_fft	2	2	0.333333;0.266667	165.484;121.679	3;4
SCFR_NC_073268_2_23803298_23803616_frame3_fft	1	1	0.333333	91.875	3
SCFR_NC_073268_2_23813581_23813869_frame2_fft	1	1	0.333333	91.091	3
SCFR_NC_073268_2_23803298_23803811_frame3_fft	2	2	0.333333;0.267057	201.120;141.522	3;4
SCFR_NC_073268_2_23803298_23803851_frame3_fft	3	3	0.332731;0.267631;0.399638	192.512;128.365;114.920	3;4;3
SCFR_NC_073268_2_23803298_23803776_frame3_fft	2	2	0.332636;0.267782	154.273;115.412	3;4
SCFR_NC_073268_2_23803298_23803762_frame3_fft	2	2	0.334052;0.267241	168.020;124.819	3;4
SCFR_NC_073268_2_23803298_23803796_frame3_fft	2	2	0.333333;0.267068	190.916;135.916	3;4
SCFR_NC_073268_2_23803298_23803646_frame3_fft	2	2	0.333333;0.267241	105.192;83.874	3;4
SCFR_NC_073268_2_23835602_23836025_frame3_fft	1	1	0.333333	115.724	3
SCFR_NC_073268_2_23813581_23813893_frame2_fft	1	1	0.333333	105.051	3
SCFR_NC_073268_2_23813581_23813970_frame2_fft	2	2	0.334190;0.264781	122.420;95.974	3;4
SCFR_NC_073268_2_23835602_23836234_frame3_fft	4	3	0.333861;0.267405;0.400316	207.276;140.641;123.165	3;4;3
SCFR_NC_073268_2_23855742_23856210_frame1_fft	1	1	0.333333	145.979	3
SCFR_NC_073268_2_23855742_23856165_frame1_fft	1	1	0.333333	118.827	3
SCFR_NC_073268_2_23848284_23848640_frame_1_fft	1	1	0.334270	119.830	3
SCFR_NC_073268_2_23869591_23869947_frame_3_fft	1	1	0.334270	118.667	3
SCFR_NC_073268_2_23855742_23856384_frame1_fft	4	3	0.333333;0.266355;0.066978	227.060;130.666;128.989	3;4;15
SCFR_NC_073268_2_23835602_23836070_frame3_fft	2	2	0.333333;0.267094	143.871;99.113	3;4
SCFR_NC_073268_2_23803298_23803721_frame3_fft	2	2	0.333333;0.267139	154.353;113.150	3;4
SCFR_NC_073268_2_34848198_34848708_frame_3_fft	1	1	0.333333	109.595	3
SCFR_NC_073267_2_91418881_91420424_frame2_fft	1	1	0.302657	183.511	3
SCFR_NC_073268_2_66374310_66374730_frame_3_fft	1	1	0.333333	102.213	3
SCFR_NC_073268_2_95074955_95075052_frame3_fft	1	1	0.329897	50.459	3
SCFR_NC_073268_2_96099228_96099715_frame1_fft	1	1	0.332649	113.783	3
SCFR_NC_073268_2_98589622_98590085_frame2_fft	1	1	0.332613	110.845	3
SCFR_NC_073268_2_9296021_9299439_frame3_fft	1	1	0.333236	492.448	3
SCFR_NC_073269_2_12198052_12198608_frame2_fft	4	3	0.332734;0.223022;0.278777	187.641;129.866;127.245	3;4;4
SCFR_NC_073268_2_8634475_8636873_frame_1_fft	27	3	0.394078;0.090909;0.212260	541.927;441.631;437.754	3;11;5
SCFR_NC_073269_2_15791396_15791568_frame3_fft	1	1	0.337209	56.310	3
SCFR_NC_073269_2_18438095_18438205_frame_1_fft	1	1	0.336364	47.736	3
SCFR_NC_073269_2_20338922_20339094_frame_2_fft	1	1	0.331395	65.164	3
SCFR_NC_073269_2_50641712_50642432_frame_3_fft	1	1	0.333333	119.370	3
SCFR_NC_073269_2_61402225_61402670_frame_3_fft	1	1	0.332584	239.501	3
SCFR_NC_073269_2_63779281_63780020_frame2_fft	1	1	0.334235	201.551	3
SCFR_NC_073270_2_11544231_11544339_frame_1_fft	1	1	0.333333	47.724	3
SCFR_NC_073270_2_14107843_14108411_frame2_fft	1	1	0.332746	107.544	3
SCFR_NC_073270_2_39357965_39358461_frame3_fft	1	1	0.332661	97.060	3
SCFR_NC_073270_2_69036769_69036901_frame_3_fft	1	1	0.333333	51.078	3
SCFR_NC_073270_2_69148281_69148617_frame_1_fft	1	1	0.372024	83.276	3
SCFR_NC_073270_2_69375772_69376561_frame_3_fft	1	1	0.333333	129.163	3
SCFR_NC_073270_2_69239603_69239972_frame_2_fft	1	1	0.333333	191.520	3
SCFR_NC_073271_2_40582620_40583217_frame_1_fft	2	2	0.333333;0.269682	150.968;139.311	3;4
SCFR_NC_073271_2_40582336_40583217_frame_1_fft	3	3	0.333712;0.270148;0.262202	196.441;179.851;161.396	3;4;4
SCFR_NC_073271_2_40646590_40647464_frame2_fft	2	2	0.332952;0.268879	212.135;154.991	3;4
SCFR_NC_073271_2_40673223_40673689_frame1_fft	1	1	0.332618	111.454	3
SCFR_NC_073271_2_40673223_40673845_frame1_fft	1	1	0.332797	138.334	3
SCFR_NC_073271_2_40673223_40674070_frame1_fft	2	2	0.332940;0.269185	190.208;161.207	3;4
SCFR_NC_073271_2_40692429_40693201_frame1_fft	2	2	0.332902;0.269430	143.465;124.115	3;4
SCFR_NC_073271_2_40683386_40684008_frame3_fft	2	2	0.332797;0.263666	124.320;110.331	3;4
SCFR_NC_073271_2_40746938_40747491_frame3_fft	1	1	0.332731	105.488	3
SCFR_NC_073271_2_41608138_41608336_frame_3_fft	1	1	0.333333	71.754	3
SCFR_NC_073271_2_40582746_40583217_frame_1_fft	2	2	0.333333;0.269639	117.323;100.878	3;4
SCFR_NC_073272_2_139539456_139539517_frame1_fft	1	1	0.344262	34.244	3
SCFR_NC_073272_2_147227298_147227557_frame1_fft	1	1	0.332046	75.560	3
SCFR_NC_073272_2_19599759_19600188_frame_3_fft	1	1	0.333333	111.900	3
SCFR_NC_073272_2_22070604_22071000_frame_3_fft	1	1	0.333333	98.809	3
SCFR_NC_073272_2_39935207_39936033_frame_3_fft	1	1	0.332930	141.180	3
SCFR_NC_073272_2_53284029_53284636_frame1_fft	2	2	0.332784;0.097199	144.705;126.581	3;10
SCFR_NC_073272_2_72747295_72747545_frame2_fft	1	1	0.332000	78.467	3
SCFR_NC_073272_2_72673511_72673838_frame_1_fft	1	1	0.333333	128.965	3
SCFR_NC_073272_2_72747019_72747592_frame_2_fft	1	1	0.333333	205.867	3
SCFR_NC_073272_2_72673195_72673775_frame2_fft	1	1	0.332759	193.451	3
SCFR_NC_073272_2_72615444_72615837_frame_3_fft	1	1	0.333333	101.777	3
SCFR_NC_073272_2_75393127_75393298_frame_2_fft	1	1	0.333333	63.511	3
SCFR_NC_073272_2_77262535_77263694_frame_1_fft	1	1	0.333046	171.877	3
SCFR_NC_073273_2_7734999_7735090_frame1_fft	1	1	0.329670	43.037	3
SCFR_NC_085926_1_148593165_148593432_frame_1_fft	1	1	0.333333	110.142	3
SCFR_NC_085926_1_25742497_25743304_frame_3_fft	5	3	0.318463;0.044610;0.182156	171.343;170.905;135.325	3;22;5
SCFR_NC_085926_1_27581800_27582098_frame2_fft	1	1	0.372483	75.501	3
SCFR_NC_085926_1_193705099_193705456_frame_3_fft	1	1	0.333333	83.854	3
SCFR_NC_085926_1_42601514_42603661_frame3_fft	1	1	0.333489	322.276	3
SCFR_NC_085926_1_193783679_193785458_frame_2_fft	1	1	0.333333	192.818	3
SCFR_NC_085926_1_193783673_193785458_frame_2_fft	1	1	0.333333	196.756	3
SCFR_NC_085926_1_193783550_193785458_frame_2_fft	1	1	0.333333	214.630	3
SCFR_NC_085927_1_27435018_27436494_frame_3_fft	1	1	0.333333	246.715	3
SCFR_NC_085927_1_35950463_35951166_frame3_fft	2	2	0.399716;0.200569	171.560;146.812	3;5
SCFR_NC_085927_1_42741530_42741906_frame3_fft	1	1	0.332447	86.712	3
SCFR_NC_085927_1_57024710_57025152_frame3_fft	4	3	0.391403;0.101810;0.042986	122.098;118.334;107.306	3;10;23
