SCFR_Name	Num_Raw_Peaks	Top_Peak_Count	Frequencies	Magnitudes	Periods
SCFR_NC_072423_2_100910520_100910998_frame1_fft	1	1	0.121339	103.896	8
SCFR_NC_072423_2_100002170_100002745_frame_1_fft	2	2	0.333913;0.100870	175.380;125.377	3;10
SCFR_NC_072423_2_101038935_101039184_frame_2_fft	1	1	0.397590	80.994	3
SCFR_NC_072423_2_101914845_101915640_frame_2_fft	1	1	0.392453	127.013	3
SCFR_NC_072423_2_102050442_102051196_frame_1_fft	5	3	0.099469;0.449602;0.299735	195.478;187.975;145.251	10;2;3
SCFR_NC_072423_2_101554335_101554776_frame1_fft	2	2	0.224490;0.111111	103.606;97.135	4;9
SCFR_NC_072423_2_106634127_106634199_frame_2_fft	1	1	0.416667	36.709	2
SCFR_NC_072423_2_112412911_112413443_frame2_fft	1	1	0.496241	112.796	2
SCFR_NC_072423_2_103438886_103440592_frame3_fft	1	1	0.333529	193.450	3
SCFR_NC_072423_2_122951158_122951343_frame_2_fft	1	1	0.491892	64.158	2
SCFR_NC_072423_2_124141955_124142104_frame3_fft	1	1	0.248322	64.516	4
SCFR_NC_072423_2_124494671_124495010_frame_3_fft	1	1	0.005900	81.409	170
SCFR_NC_072423_2_149851204_149851778_frame2_fft	1	1	0.332753	136.386	3
SCFR_NC_072423_2_149851204_149851661_frame2_fft	1	1	0.332604	104.251	3
SCFR_NC_072423_2_150488526_150488673_frame_2_fft	2	2	0.428571;0.095238	58.807;54.458	2;11
SCFR_NC_072423_2_156670224_156670481_frame1_fft	1	1	0.490272	93.816	2
SCFR_NC_072423_2_158999779_159000146_frame2_fft	1	1	0.430518	88.337	2
SCFR_NC_072423_2_39705351_39705496_frame1_fft	1	1	0.337931	51.337	3
SCFR_NC_072423_2_49457184_49457963_frame1_fft	1	1	0.002567	126.676	390
SCFR_NC_072423_2_66412725_66413029_frame1_fft	1	1	0.253289	74.748	4
SCFR_NC_072423_2_78459510_78459929_frame1_fft	1	1	0.334129	113.050	3
SCFR_NC_072423_2_118276155_118278301_frame_1_fft	1	1	0.333644	271.992	3
SCFR_NC_072423_2_87142252_87142453_frame2_fft	1	1	0.492537	61.831	2
SCFR_NC_072423_2_89775785_89776116_frame_2_fft	1	1	0.492447	126.711	2
SCFR_NC_072423_2_90741418_90741921_frame2_fft	1	1	0.453280	101.572	2
SCFR_NC_072423_2_90734945_90735182_frame3_fft	1	1	0.333333	71.400	3
SCFR_NC_072423_2_93075673_93075931_frame2_fft	1	1	0.437984	73.078	2
SCFR_NC_072423_2_93401533_93401791_frame_1_fft	1	1	0.337209	69.951	3
SCFR_NC_072423_2_94407591_94408131_frame1_fft	1	1	0.003704	109.287	270
SCFR_NC_072423_2_94471628_94471863_frame_2_fft	1	1	0.165957	72.305	6
SCFR_NC_072423_2_95131417_95131781_frame_3_fft	1	1	0.483516	121.944	2
SCFR_NC_072423_2_96788053_96788370_frame_2_fft	1	1	0.334385	85.358	3
SCFR_NC_072423_2_96918011_96918380_frame3_fft	2	2	0.311653;0.186992	125.898;98.125	3;5
SCFR_NC_072423_2_96787188_96788370_frame_2_fft	1	1	0.333333	269.212	3
SCFR_NC_072423_2_112311284_112313943_frame3_fft	1	1	0.333208	276.798	3
SCFR_NC_072423_2_94397097_94399201_frame1_fft	2	2	0.133080;0.333175	307.399;300.375	8;3
SCFR_NC_072423_2_8000369_8003496_frame_2_fft	1	1	0.333227	543.970	3
SCFR_NC_072424_2_10315458_10318546_frame1_fft	3	3	0.303109;0.333225;0.011010	317.026;276.686;264.080	3;3;91
SCFR_NC_072424_2_112994176_112994846_frame2_fft	1	1	0.004478	123.972	224
SCFR_NC_072424_2_113863209_113863459_frame1_fft	1	1	0.336000	74.184	3
SCFR_NC_072423_2_91337577_91338382_frame1_fft	1	1	0.332919	125.418	3
SCFR_NC_072424_2_109514575_109514667_frame2_fft	1	1	0.032609	43.955	31
SCFR_NC_072424_2_147449777_147450166_frame_3_fft	1	1	0.334190	93.044	3
SCFR_NC_072424_2_24153488_24154132_frame3_fft	5	3	0.332298;0.276398;0.166149	243.295;146.090;137.975	3;4;6
SCFR_NC_072424_2_49502375_49502907_frame3_fft	1	1	0.048872	107.497	20
SCFR_NC_072424_2_5154369_5154708_frame_1_fft	1	1	0.091445	96.609	11
SCFR_NC_072424_2_52479901_52481471_frame_2_fft	1	1	0.333121	195.139	3
SCFR_NC_072424_2_5277833_5278332_frame3_fft	1	1	0.098196	137.906	10
SCFR_NC_072424_2_6301043_6301343_frame_2_fft	1	1	0.256667	84.382	4
SCFR_NC_072424_2_6385056_6385242_frame_1_fft	1	1	0.021505	62.939	47
SCFR_NC_072424_2_85302793_85303007_frame2_fft	1	1	0.331776	66.815	3
SCFR_NC_072424_2_96141298_96141404_frame2_fft	1	1	0.254717	44.151	4
SCFR_NC_072425_2_10947225_10947997_frame1_fft	2	2	0.489637;0.444301	222.135;123.252	2;2
SCFR_NC_072425_2_11644397_11645552_frame_1_fft	10	3	0.090909;0.454545;0.181818	362.368;239.481;216.927	11;2;6
SCFR_NC_072425_2_125380767_125382825_frame_3_fft	1	1	0.333333	222.419	3
SCFR_NC_072425_2_133852089_133852458_frame_3_fft	1	1	0.333333	87.239	3
SCFR_NC_072425_2_136422213_136422788_frame_1_fft	1	1	0.005217	126.145	192
SCFR_NC_072425_2_135581565_135582376_frame1_fft	1	1	0.483354	165.632	2
SCFR_NC_072425_2_135581565_135582070_frame1_fft	1	1	0.483168	130.286	2
SCFR_NC_072425_2_135520585_135523116_frame2_fft	1	1	0.333465	255.924	3
SCFR_NC_072425_2_140496721_140497307_frame2_fft	1	1	0.003413	118.934	294
SCFR_NC_072425_2_140496721_140497439_frame2_fft	1	1	0.002786	132.223	360
SCFR_NC_072425_2_15971122_15971508_frame2_fft	1	1	0.248705	109.829	4
SCFR_NC_072425_2_16646133_16646668_frame1_fft	1	1	0.332710	173.393	3
SCFR_NC_072425_2_17633245_17634102_frame_3_fft	1	1	0.249708	160.227	4
SCFR_NC_072425_2_22715170_22715496_frame_3_fft	1	1	0.447853	83.583	2
SCFR_NC_072425_2_31706342_31706484_frame3_fft	1	1	0.014085	52.097	72
SCFR_NC_072425_2_32549457_32549890_frame_2_fft	2	2	0.496536;0.004619	133.668;103.904	2;217
SCFR_NC_072425_2_45733317_45733449_frame_3_fft	1	1	0.477273	50.606	2
SCFR_NC_072425_2_49569149_49569335_frame_1_fft	1	1	0.446237	69.017	2
SCFR_NC_072425_2_51538465_51539442_frame2_fft	11	3	0.466735;0.432958;0.033777	323.587;271.783;261.657	2;2;30
SCFR_NC_072425_2_53856260_53857071_frame_3_fft	1	1	0.332922	129.711	3
SCFR_NC_072425_2_59568766_59569749_frame2_fft	1	1	0.332655	180.601	3
SCFR_NC_072425_2_6672397_6673366_frame_2_fft	1	1	0.333333	182.262	3
SCFR_NC_072425_2_6672370_6673366_frame_2_fft	1	1	0.333333	192.405	3
SCFR_NC_072425_2_6672500_6673366_frame_2_fft	1	1	0.333718	133.102	3
SCFR_NC_072425_2_6672546_6673366_frame_2_fft	1	1	0.332927	139.815	3
SCFR_NC_072425_2_6672474_6673366_frame_2_fft	1	1	0.332960	146.996	3
SCFR_NC_072425_2_6887620_6887957_frame2_fft	2	2	0.468843;0.462908	93.188;87.736	2;2
SCFR_NC_072425_2_7126726_7126967_frame_1_fft	1	1	0.037344	70.197	27
SCFR_NC_072425_2_7278878_7279457_frame3_fft	8	3	0.124352;0.041451;0.291883	201.725;164.354;151.672	8;24;3
SCFR_NC_072425_2_7278266_7278805_frame3_fft	2	2	0.068646;0.465677	203.544;139.126	15;2
SCFR_NC_072425_2_7398713_7399215_frame3_fft	5	3	0.153386;0.462151;0.019920	138.554;110.835;108.480	7;2;50
SCFR_NC_072425_2_7481294_7482204_frame3_fft	3	3	0.221978;0.110989;0.259341	206.938;174.599;164.286	5;9;4
SCFR_NC_072425_2_6672625_6673366_frame_2_fft	1	1	0.333333	133.573	3
SCFR_NC_072425_2_7593386_7594225_frame_2_fft	1	1	0.333731	153.412	3
SCFR_NC_072425_2_7593256_7594225_frame_2_fft	1	1	0.333333	222.595	3
SCFR_NC_072425_2_7593360_7594225_frame_2_fft	1	1	0.332948	149.551	3
SCFR_NC_072425_2_7593437_7594225_frame_2_fft	1	1	0.333756	143.383	3
SCFR_NC_072425_2_7593271_7594225_frame_2_fft	1	1	0.333333	214.978	3
SCFR_NC_072425_2_7604098_7604768_frame_1_fft	1	1	0.002985	115.262	336
SCFR_NC_072425_2_7593511_7594225_frame_2_fft	1	1	0.333333	146.932	3
SCFR_NC_072425_2_7593391_7594225_frame_2_fft	1	1	0.333333	173.171	3
SCFR_NC_072425_2_6672505_6673366_frame_2_fft	1	1	0.333333	157.584	3
SCFR_NC_072425_2_8772953_8773722_frame3_fft	1	1	0.332900	179.672	3
SCFR_NC_072425_2_88281950_88282424_frame_1_fft	1	1	0.004219	125.110	238
SCFR_NC_072425_2_88940143_88940888_frame2_fft	1	1	0.332886	150.778	3
SCFR_NC_072425_2_9048399_9048803_frame_1_fft	1	1	0.250000	131.422	4
SCFR_NC_072425_2_9059324_9060005_frame_1_fft	2	2	0.107195;0.214391	134.624;128.825	9;5
SCFR_NC_072425_2_9137598_9138144_frame_3_fft	1	1	0.102564	146.907	10
SCFR_NC_072425_2_9180406_9181360_frame_2_fft	1	1	0.004193	149.650	239
SCFR_NC_072425_2_9641043_9642234_frame_3_fft	6	3	0.097397;0.146935;0.048699	327.795;287.578;240.714	10;7;21
SCFR_NC_072426_2_119894479_119894752_frame2_fft	1	1	0.333333	73.163	3
SCFR_NC_072426_2_129115592_129115674_frame3_fft	1	1	0.024390	42.241	42
SCFR_NC_072426_2_14422852_14423475_frame2_fft	5	3	0.027287;0.052970;0.378812	152.822;144.117;127.722	37;19;3
SCFR_NC_072426_2_157864084_157865097_frame2_fft	3	3	0.178677;0.181639;0.183613	194.224;150.234;131.069	6;6;5
SCFR_NC_072425_2_7724061_7725184_frame1_fft	1	1	0.001781	157.962	562
SCFR_NC_072426_2_127944907_127945127_frame_3_fft	1	1	0.250000	71.615	4
SCFR_NC_072426_2_27302415_27304135_frame_1_fft	1	1	0.333140	255.749	3
SCFR_NC_072426_2_67262883_67262971_frame1_fft	1	1	0.329545	40.432	3
SCFR_NC_072426_2_157335946_157337342_frame2_fft	2	2	0.002149;0.114613	280.773;174.247	466;9
SCFR_NC_072425_2_8350426_8353649_frame2_fft	1	1	0.333230	356.323	3
SCFR_NC_072426_2_76772438_76773222_frame_2_fft	1	1	0.334184	129.846	3
SCFR_NC_072426_2_76771914_76773222_frame_2_fft	1	1	0.333333	254.934	3
SCFR_NC_072426_2_80744981_80745963_frame_2_fft	1	1	0.332994	208.796	3
SCFR_NC_072426_2_86427543_86427719_frame_3_fft	1	1	0.335227	60.833	3
SCFR_NC_072426_2_86427516_86427719_frame_3_fft	1	1	0.334975	71.296	3
SCFR_NC_072426_2_86427272_86427719_frame_3_fft	1	1	0.333333	136.016	3
SCFR_NC_072427_2_104551624_104552296_frame_1_fft	1	1	0.005952	126.869	168
SCFR_NC_072427_2_128792033_128792560_frame3_fft	1	1	0.022770	109.338	44
SCFR_NC_072427_2_146832417_146832889_frame1_fft	1	1	0.004237	95.630	236
SCFR_NC_072427_2_147010503_147010885_frame_1_fft	2	2	0.180628;0.185864	154.818;96.274	6;5
SCFR_NC_072427_2_149588650_149589445_frame_1_fft	1	1	0.006289	128.991	159
SCFR_NC_072427_2_148192191_148193095_frame_1_fft	2	2	0.492257;0.494469	162.422;144.507	2;2
SCFR_NC_072427_2_148607269_148608016_frame_1_fft	1	1	0.002677	128.903	374
SCFR_NC_072427_2_150664621_150664735_frame_1_fft	1	1	0.026316	46.191	38
SCFR_NC_072427_2_151623562_151623685_frame_1_fft	1	1	0.178862	62.843	6
SCFR_NC_072427_2_154768622_154769423_frame_3_fft	1	1	0.033708	212.971	30
SCFR_NC_072427_2_32036346_32036763_frame_2_fft	2	2	0.496403;0.479616	105.995;101.431	2;2
SCFR_NC_072427_2_32033561_32033882_frame_3_fft	1	1	0.333333	107.567	3
SCFR_NC_072427_2_37687018_37687476_frame2_fft	1	1	0.004367	103.076	230
SCFR_NC_072427_2_41470099_41470228_frame_1_fft	1	1	0.488372	48.592	2
SCFR_NC_072427_2_47025551_47025683_frame3_fft	1	1	0.015152	51.094	66
SCFR_NC_072427_2_17614257_17616360_frame_2_fft	5	3	0.333333;0.368046;0.069425	451.362;282.868;255.326	3;3;14
SCFR_NC_072427_2_47417562_47417801_frame1_fft	1	1	0.334728	68.339	3
SCFR_NC_072427_2_49189890_49190936_frame_3_fft	5	3	0.333652;0.095602;0.429254	443.990;213.214;199.191	3;10;2
SCFR_NC_072427_2_30223102_30224563_frame_1_fft	1	1	0.333333	273.384	3
SCFR_NC_072427_2_54441330_54441375_frame_2_fft	1	1	0.333333	27.583	3
SCFR_NC_072427_2_54440841_54441443_frame_3_fft	2	2	0.332226;0.335548	253.788;122.532	3;3
SCFR_NC_072427_2_7795040_7795340_frame_3_fft	1	1	0.333333	84.799	3
SCFR_NC_072427_2_7348350_7351731_frame_2_fft	1	1	0.333333	426.355	3
SCFR_NC_072427_2_84284550_84285102_frame_2_fft	1	1	0.333333	157.488	3
SCFR_NC_072427_2_84566057_84566750_frame3_fft	7	3	0.466089;0.222222;0.399711	146.827;140.284;128.837	2;5;3
SCFR_NC_072427_2_85133531_85133730_frame3_fft	1	1	0.331658	62.794	3
SCFR_NC_072427_2_85134066_85134914_frame1_fft	2	2	0.068396;0.045991	151.659;131.922	15;22
SCFR_NC_072427_2_85241143_85241350_frame_1_fft	1	1	0.212560	64.544	5
SCFR_NC_072427_2_85195061_85195676_frame_3_fft	1	1	0.333333	110.698	3
SCFR_NC_072427_2_85772460_85772986_frame1_fft	1	1	0.496198	107.133	2
SCFR_NC_072427_2_86011572_86012028_frame_2_fft	1	1	0.333333	126.949	3
SCFR_NC_072427_2_86011446_86012028_frame_2_fft	2	2	0.333333;0.269759	158.776;125.099	3;4
SCFR_NC_072427_2_85992084_85992429_frame_2_fft	1	1	0.333333	92.462	3
SCFR_NC_072427_2_86046884_86047552_frame3_fft	1	1	0.333832	140.381	3
SCFR_NC_072427_2_86046884_86047677_frame3_fft	2	2	0.332913;0.269861	169.598;148.456	3;4
SCFR_NC_072427_2_86011230_86012028_frame_2_fft	2	2	0.333333;0.269424	217.609;165.623	3;4
SCFR_NC_072427_2_86046884_86047551_frame3_fft	1	1	0.332834	142.939	3
SCFR_NC_072427_2_86046884_86047871_frame3_fft	2	2	0.333333;0.269504	250.616;150.725	3;4
SCFR_NC_072427_2_86080720_86081309_frame2_fft	1	1	0.332767	125.640	3
SCFR_NC_072427_2_86038090_86039050_frame_1_fft	2	2	0.333333;0.268750	260.774;143.651	3;4
SCFR_NC_072427_2_86000808_86001858_frame_2_fft	1	1	0.333333	163.412	3
SCFR_NC_072427_2_86080720_86081443_frame2_fft	5	3	0.333333;0.269710;0.262794	171.385;155.059;138.578	3;4;4
SCFR_NC_072427_2_86088851_86091440_frame3_fft	2	2	0.499034;0.333333	258.230;231.070	2;3
SCFR_NC_072427_2_86080720_86081378_frame2_fft	1	1	0.332827	142.268	3
SCFR_NC_072427_2_97840743_97841216_frame1_fft	3	3	0.249471;0.006342;0.253700	130.458;102.267;98.674	4;158;4
SCFR_NC_072428_2_118707082_118707755_frame_2_fft	2	2	0.497771;0.488856	172.600;123.773	2;2
SCFR_NC_072428_2_131887086_131887235_frame_2_fft	1	1	0.328859	61.855	3
SCFR_NC_072428_2_12530994_12531490_frame1_fft	1	1	0.004032	158.431	248
SCFR_NC_072428_2_140411396_140412444_frame3_fft	1	1	0.122137	137.096	8
SCFR_NC_072428_2_140617647_140618381_frame_2_fft	1	1	0.250681	234.144	4
SCFR_NC_072428_2_148050611_148050772_frame3_fft	1	1	0.329193	59.013	3
SCFR_NC_072428_2_148050657_148050772_frame1_fft	1	1	0.330435	50.638	3
SCFR_NC_072428_2_22245154_22246096_frame_3_fft	1	1	0.003185	134.715	314
SCFR_NC_072428_2_147903838_147903938_frame2_fft	1	1	0.340000	53.849	3
SCFR_NC_072428_2_34069331_34070231_frame_2_fft	1	1	0.333333	183.508	3
SCFR_NC_072428_2_38547948_38548137_frame_1_fft	1	1	0.248677	94.624	4
SCFR_NC_072428_2_44000834_44000918_frame_2_fft	1	1	0.142857	42.592	7
SCFR_NC_072428_2_49780550_49780701_frame_1_fft	1	1	0.417219	59.630	2
SCFR_NC_072428_2_51665929_51666366_frame_1_fft	1	1	0.025172	112.267	40
SCFR_NC_072428_2_51667674_51668170_frame_3_fft	1	1	0.026210	128.335	38
SCFR_NC_072428_2_51675540_51675985_frame_3_fft	1	1	0.024719	112.327	41
SCFR_NC_072428_2_51664609_51665443_frame_3_fft	2	2	0.026379;0.050360	214.892;134.458	38;20
SCFR_NC_072428_2_51671563_51672307_frame_3_fft	2	2	0.025538;0.051075	235.875;159.157	39;20
SCFR_NC_072428_2_49659518_49659918_frame3_fft	1	1	0.302500	87.037	3
SCFR_NC_072428_2_55917849_55918305_frame_1_fft	1	1	0.495614	103.710	2
SCFR_NC_072428_2_63980478_63981592_frame1_fft	2	2	0.333034;0.022442	199.198;157.424	3;45
SCFR_NC_072428_2_72156766_72157609_frame_3_fft	1	1	0.333333	130.933	3
SCFR_NC_072428_2_72163529_72164372_frame_2_fft	1	1	0.333333	130.933	3
SCFR_NC_072428_2_75765497_75766340_frame_2_fft	1	1	0.333333	133.071	3
SCFR_NC_072428_2_81324561_81325503_frame1_fft	1	1	0.333333	165.419	3
SCFR_NC_072428_2_81294578_81295544_frame3_fft	1	1	0.333333	154.314	3
SCFR_NC_072428_2_8577815_8578556_frame_2_fft	1	1	0.333333	128.689	3
SCFR_NC_072428_2_98165479_98165602_frame_3_fft	1	1	0.016260	51.594	62
SCFR_NC_072429_2_104084028_104084200_frame1_fft	1	1	0.331395	55.622	3
SCFR_NC_072429_2_10462938_10463135_frame_2_fft	1	1	0.248731	69.059	4
SCFR_NC_072429_2_123673032_123673532_frame_2_fft	1	1	0.334000	105.129	3
SCFR_NC_072429_2_141401587_141401955_frame2_fft	1	1	0.271739	89.569	4
SCFR_NC_072429_2_141434426_141435032_frame3_fft	1	1	0.004950	109.828	202
SCFR_NC_072429_2_137703353_137703560_frame_2_fft	1	1	0.492754	63.057	2
SCFR_NC_072429_2_142001010_142001846_frame_2_fft	1	1	0.003589	162.538	279
SCFR_NC_072429_2_142271687_142272767_frame_2_fft	1	1	0.333333	184.586	3
SCFR_NC_072429_2_143048299_143048712_frame_1_fft	1	1	0.305085	94.990	3
SCFR_NC_072429_2_143047828_143048712_frame_1_fft	1	1	0.055430	190.321	18
SCFR_NC_072429_2_143047792_143048712_frame_1_fft	1	1	0.055435	199.890	18
SCFR_NC_072429_2_143048046_143048712_frame_1_fft	2	2	0.055556;0.304805	127.440;115.683	18;3
SCFR_NC_072429_2_35484156_35484399_frame1_fft	1	1	0.008230	76.202	122
SCFR_NC_072429_2_36290407_36290887_frame_3_fft	1	1	0.333333	143.499	3
SCFR_NC_072429_2_36141096_36141523_frame_3_fft	1	1	0.009368	93.380	107
SCFR_NC_072429_2_40398224_40398530_frame_2_fft	2	2	0.166667;0.333333	153.025;112.651	6;3
SCFR_NC_072429_2_40398278_40398530_frame_2_fft	2	2	0.166667;0.333333	112.357;87.794	6;3
SCFR_NC_072429_2_40398332_40398530_frame_2_fft	2	2	0.166667;0.333333	72.282;68.181	6;3
SCFR_NC_072429_2_44988906_44989798_frame1_fft	1	1	0.332960	143.940	3
SCFR_NC_072429_2_48504617_48504773_frame_2_fft	1	1	0.333333	62.103	3
SCFR_NC_072429_2_7154126_7154952_frame3_fft	13	3	0.237288;0.394673;0.289346	236.851;215.509;200.461	4;3;3
SCFR_NC_072429_2_7154126_7154946_frame3_fft	12	3	0.236585;0.131707;0.315854	289.862;207.146;195.435	4;8;3
SCFR_NC_072429_2_9261453_9261546_frame1_fft	1	1	0.021505	43.340	47
SCFR_NC_072429_2_9539232_9539490_frame1_fft	1	1	0.337209	104.715	3
SCFR_NC_072430_2_110822061_110827628_frame1_fft	3	3	0.333393;0.008083;0.341297	1018.312;532.226;438.386	3;124;3
SCFR_NC_072430_2_120730978_120731165_frame2_fft	1	1	0.475936	72.483	2
SCFR_NC_072430_2_122654689_122655145_frame_2_fft	1	1	0.004386	94.002	228
SCFR_NC_072430_2_123631558_123631872_frame_3_fft	1	1	0.493631	86.361	2
SCFR_NC_072430_2_123636270_123637701_frame_3_fft	4	3	0.201258;0.403215;0.400419	633.918;222.095;208.862	5;2;2
SCFR_NC_072430_2_134562655_134563406_frame_1_fft	1	1	0.332889	132.154	3
SCFR_NC_072430_2_142100906_142101099_frame3_fft	1	1	0.492228	82.085	2
SCFR_NC_072430_2_145155462_145156133_frame_1_fft	1	1	0.002981	126.032	336
SCFR_NC_072430_2_145210525_145211042_frame2_fft	3	3	0.423598;0.077369;0.152805	199.786;137.049;117.472	2;13;7
SCFR_NC_072430_2_146414364_146415226_frame1_fft	1	1	0.332947	138.183	3
SCFR_NC_072430_2_146414364_146415231_frame1_fft	1	1	0.333333	157.400	3
SCFR_NC_072430_2_16331528_16332122_frame_1_fft	1	1	0.333333	113.752	3
SCFR_NC_072430_2_16827747_16828929_frame_3_fft	1	1	0.004230	151.784	237
SCFR_NC_072430_2_14583535_14584154_frame_1_fft	1	1	0.415186	219.605	2
SCFR_NC_072430_2_42836664_42836845_frame1_fft	1	1	0.016575	62.041	61
SCFR_NC_072430_2_49350926_49350989_frame_1_fft	1	1	0.333333	38.171	3
SCFR_NC_072430_2_71300257_71301235_frame_2_fft	1	1	0.333333	174.770	3
SCFR_NC_072430_2_68890339_68892068_frame_1_fft	5	3	0.413534;0.333141;0.359746	234.803;228.415;195.629	2;3;3
SCFR_NC_072430_2_72375786_72376032_frame_3_fft	1	1	0.487805	69.518	2
SCFR_NC_072430_2_89908106_89914645_frame3_fft	1	1	0.333384	751.593	3
SCFR_NC_072431_2_104087599_104088062_frame_3_fft	1	1	0.004320	94.558	232
SCFR_NC_072431_2_110751040_110752015_frame_1_fft	5	3	0.025641;0.224615;0.350769	311.879;158.808;158.102	39;4;3
SCFR_NC_072431_2_118906583_118906893_frame3_fft	1	1	0.025806	110.071	39
SCFR_NC_072431_2_133706875_133708136_frame2_fft	1	1	0.333069	197.321	3
SCFR_NC_072431_2_137202403_137202460_frame_1_fft	1	1	0.333333	34.706	3
SCFR_NC_072431_2_137201553_137202003_frame_2_fft	1	1	0.004444	110.374	226
SCFR_NC_072431_2_137201626_137202003_frame_2_fft	1	1	0.005305	98.388	189
SCFR_NC_072431_2_41529709_41530020_frame2_fft	1	1	0.334405	150.244	3
SCFR_NC_072431_2_52077122_52077689_frame_3_fft	1	1	0.490300	107.764	2
SCFR_NC_072431_2_52077352_52077880_frame_1_fft	2	2	0.429924;0.490530	122.509;108.944	2;2
SCFR_NC_072431_2_59212723_59212898_frame2_fft	1	1	0.102857	63.231	10
SCFR_NC_072431_2_59352425_59352629_frame3_fft	1	1	0.333333	65.239	3
SCFR_NC_072431_2_60731214_60731927_frame1_fft	1	1	0.497896	136.572	2
SCFR_NC_072431_2_61173479_61174265_frame_3_fft	1	1	0.466921	123.919	2
SCFR_NC_072431_2_61808397_61809064_frame1_fft	1	1	0.005997	116.046	167
SCFR_NC_072431_2_61815448_61815939_frame2_fft	4	3	0.034623;0.103870;0.378819	112.657;105.019;101.380	29;10;3
SCFR_NC_072431_2_72895801_72896591_frame_3_fft	1	1	0.107595	162.114	9
SCFR_NC_072431_2_72716603_72717660_frame3_fft	5	3	0.106906;0.440870;0.428571	184.463;178.712;158.812	9;2;2
SCFR_NC_072431_2_82592817_82593044_frame_3_fft	1	1	0.493392	71.633	2
SCFR_NC_072431_2_68783545_68787323_frame2_fft	7	3	0.498941;0.497353;0.497882	725.387;703.134;486.642	2;2;2
SCFR_NC_072431_2_86342265_86343344_frame1_fft	2	2	0.106580;0.053753	260.660;216.031	9;19
SCFR_NC_072431_2_99795142_99795557_frame2_fft	1	1	0.004819	90.677	208
SCFR_NC_072431_2_59331933_59354674_frame1_fft	48	3	0.333319;0.392111;0.019612	5732.148;1562.996;1559.226	3;3;51
SCFR_NC_072432_2_115175033_115175895_frame3_fft	1	1	0.002320	189.057	432
SCFR_NC_072432_2_11551864_11552345_frame2_fft	1	1	0.014553	100.285	69
SCFR_NC_072432_2_123065030_123065130_frame3_fft	1	1	0.330000	42.461	3
SCFR_NC_072432_2_134800932_134801106_frame_3_fft	1	1	0.241379	57.621	4
SCFR_NC_072432_2_43657241_43657568_frame_1_fft	1	1	0.333333	83.301	3
SCFR_NC_072432_2_57046397_57046631_frame3_fft	1	1	0.256410	73.367	4
SCFR_NC_072432_2_82487864_82488152_frame_1_fft	1	1	0.180556	82.840	6
SCFR_NC_072432_2_82487776_82488152_frame_1_fft	1	1	0.180851	86.932	6
SCFR_NC_072432_2_89197226_89198135_frame_1_fft	2	2	0.025303;0.382838	273.848;151.261	40;3
SCFR_NC_072432_2_82084613_82085939_frame_1_fft	1	1	0.333333	276.920	3
SCFR_NC_072432_2_92963988_92964220_frame_2_fft	1	1	0.250000	99.724	4
SCFR_NC_072433_2_119473628_119473983_frame_2_fft	1	1	0.011268	88.968	89
SCFR_NC_072433_2_130272273_130272639_frame1_fft	1	1	0.322404	87.140	3
SCFR_NC_072433_2_131972354_131972690_frame_3_fft	2	2	0.386905;0.065476	89.973;89.145	3;15
SCFR_NC_072433_2_134201732_134202098_frame_3_fft	1	1	0.169399	105.092	6
SCFR_NC_072433_2_130604242_130605443_frame2_fft	1	1	0.333056	167.548	3
SCFR_NC_072433_2_135350020_135350690_frame2_fft	1	1	0.019403	173.535	52
SCFR_NC_072433_2_20925325_20925442_frame2_fft	1	1	0.025641	48.938	39
SCFR_NC_072433_2_21483575_21483968_frame_3_fft	1	1	0.198473	88.714	5
SCFR_NC_072433_2_24316282_24316632_frame_2_fft	1	1	0.005714	82.460	176
SCFR_NC_072433_2_36235710_36236022_frame_2_fft	1	1	0.243590	83.661	4
SCFR_NC_072433_2_36235785_36236022_frame_2_fft	1	1	0.240506	79.986	4
SCFR_NC_072433_2_36384248_36384522_frame_2_fft	1	1	0.489051	78.506	2
SCFR_NC_072433_2_36772147_36772864_frame_1_fft	3	3	0.128312;0.369596;0.253835	166.800;123.056;118.332	8;3;4
SCFR_NC_072433_2_43650124_43650379_frame_1_fft	1	1	0.337255	67.402	3
SCFR_NC_072433_2_43650002_43650379_frame_1_fft	1	1	0.336870	87.469	3
SCFR_NC_072433_2_43649999_43650379_frame_1_fft	1	1	0.336842	90.434	3
SCFR_NC_072433_2_36235733_36236022_frame_2_fft	1	1	0.242215	88.694	4
SCFR_NC_072433_2_47682856_47683637_frame2_fft	1	1	0.332907	126.465	3
SCFR_NC_072433_2_38331428_38331736_frame_1_fft	1	1	0.493506	108.376	2
SCFR_NC_072433_2_54108788_54109514_frame3_fft	1	1	0.428375	120.418	2
SCFR_NC_072433_2_54826579_54827154_frame2_fft	1	1	0.488696	110.417	2
SCFR_NC_072433_2_55205606_55205977_frame3_fft	1	1	0.005391	85.540	186
SCFR_NC_072433_2_61751929_61752545_frame_3_fft	2	2	0.167208;0.332792	206.004;158.779	6;3
SCFR_NC_072433_2_55282493_55282668_frame_2_fft	1	1	0.017143	62.212	59
SCFR_NC_072433_2_83298654_83298747_frame_2_fft	1	1	0.333333	46.269	3
SCFR_NC_072434_2_15769106_15769851_frame_3_fft	1	1	0.332886	172.654	3
SCFR_NC_072434_2_22645913_22646440_frame3_fft	1	1	0.003795	110.537	264
SCFR_NC_072434_2_22843986_22844841_frame_3_fft	1	1	0.333333	186.584	3
SCFR_NC_072434_2_25653646_25654592_frame_1_fft	1	1	0.332981	140.029	3
SCFR_NC_072434_2_37524964_37525205_frame2_fft	2	2	0.165975;0.331950	76.708;70.435	6;3
SCFR_NC_072434_2_70035754_70036568_frame_1_fft	1	1	0.332924	137.809	3
SCFR_NC_072434_2_72276189_72276758_frame1_fft	1	1	0.045694	184.746	22
SCFR_NC_072434_2_72742891_72743581_frame2_fft	1	1	0.489855	124.810	2
SCFR_NC_072434_2_72805551_72805806_frame_3_fft	1	1	0.172549	70.921	6
SCFR_NC_072434_2_75685539_75686601_frame1_fft	1	1	0.328625	158.567	3
SCFR_NC_072434_2_78814042_78814321_frame_2_fft	1	1	0.333333	76.444	3
SCFR_NC_072434_2_80533529_80533868_frame_1_fft	1	1	0.011799	81.818	85
SCFR_NC_072434_2_88396516_88396902_frame2_fft	1	1	0.334197	100.703	3
SCFR_NC_072434_2_92217857_92218391_frame3_fft	1	1	0.333333	140.320	3
SCFR_NC_072435_2_105123709_105123859_frame2_fft	1	1	0.013333	53.479	76
SCFR_NC_072435_2_106907687_106908232_frame3_fft	1	1	0.495413	115.659	2
SCFR_NC_072435_2_113249156_113249344_frame_2_fft	1	1	0.250000	81.477	4
SCFR_NC_072435_2_113849560_113849755_frame_2_fft	1	1	0.482051	60.676	2
SCFR_NC_072435_2_117568415_117568851_frame3_fft	1	1	0.009174	102.117	109
SCFR_NC_072435_2_117955734_117956047_frame1_fft	1	1	0.006390	81.577	157
SCFR_NC_072435_2_118598405_118599300_frame3_fft	4	3	0.087151;0.115084;0.173184	187.316;165.353;160.164	11;9;6
SCFR_NC_072435_2_124139223_124139610_frame_3_fft	3	3	0.291990;0.333333;0.167959	140.504;111.083;101.389	3;3;6
SCFR_NC_072435_2_125849320_125850379_frame_2_fft	1	1	0.333333	174.071	3
SCFR_NC_072435_2_126308409_126308476_frame1_fft	1	1	0.328358	34.354	3
SCFR_NC_072435_2_127887811_127888031_frame2_fft	1	1	0.331818	74.481	3
SCFR_NC_072435_2_128271966_128272556_frame1_fft	3	3	0.045763;0.318644;0.272881	138.274;132.598;108.391	22;3;4
SCFR_NC_072435_2_20678186_20679172_frame3_fft	1	1	0.047667	151.852	21
SCFR_NC_072435_2_23192793_23193028_frame1_fft	1	1	0.140426	75.104	7
SCFR_NC_072435_2_23383769_23384347_frame3_fft	1	1	0.333910	313.386	3
SCFR_NC_072435_2_23441875_23442395_frame2_fft	1	1	0.136538	107.908	7
SCFR_NC_072435_2_23524105_23525182_frame2_fft	2	2	0.428969;0.142990	238.904;190.116	2;7
SCFR_NC_072435_2_23536776_23537836_frame1_fft	2	2	0.135849;0.027358	296.181;190.077	7;37
SCFR_NC_072435_2_128179559_128180774_frame3_fft	1	1	0.002469	174.138	405
SCFR_NC_072435_2_24296719_24296923_frame2_fft	1	1	0.137255	79.599	7
SCFR_NC_072435_2_24959453_24960648_frame_3_fft	3	3	0.071130;0.440167;0.107113	181.419;162.993;162.098	14;2;9
SCFR_NC_072435_2_20664136_20665524_frame2_fft	2	2	0.428674;0.071326	207.701;197.536	2;14
SCFR_NC_072435_2_23528131_23529578_frame2_fft	4	3	0.026952;0.136835;0.133379	287.731;252.635;215.099	37;7;8
SCFR_NC_072435_2_25929322_25930489_frame_2_fft	5	3	0.428449;0.107112;0.333333	203.752;182.607;171.694	2;9;3
SCFR_NC_072435_2_25484362_25485815_frame2_fft	6	3	0.440468;0.428768;0.107364	225.982;215.414;204.408	2;2;9
SCFR_NC_072435_2_25484362_25485563_frame2_fft	2	2	0.440466;0.428809	167.311;156.536	2;2
SCFR_NC_072435_2_27010549_27010926_frame2_fft	2	2	0.026525;0.132626	116.516;95.630	38;8
SCFR_NC_072435_2_27453309_27453676_frame1_fft	1	1	0.005450	85.514	184
SCFR_NC_072435_2_27646084_27646816_frame_2_fft	2	2	0.136612;0.027322	234.385;165.321	7;37
SCFR_NC_072435_2_27779044_27779481_frame2_fft	1	1	0.491991	92.822	2
SCFR_NC_072435_2_24497516_24498608_frame_1_fft	1	1	0.489011	146.780	2
SCFR_NC_072435_2_28041738_28042320_frame_3_fft	3	3	0.481100;0.496564;0.474227	123.564;111.374;109.557	2;2;2
SCFR_NC_072435_2_28521159_28521489_frame_3_fft	1	1	0.133333	97.480	8
SCFR_NC_072435_2_28576140_28576472_frame1_fft	1	1	0.012048	95.996	83
SCFR_NC_072435_2_28621935_28622372_frame_1_fft	3	3	0.169336;0.041190;0.125858	102.308;98.077;94.811	6;24;8
SCFR_NC_072435_2_28647627_28648359_frame_3_fft	2	2	0.006831;0.009563	174.686;134.299	147;105
SCFR_NC_072435_2_28784068_28784270_frame_1_fft	1	1	0.138614	74.734	7
SCFR_NC_072435_2_28812215_28812442_frame3_fft	1	1	0.026432	72.221	38
SCFR_NC_072435_2_28917190_28917577_frame_2_fft	1	1	0.005168	89.768	194
SCFR_NC_072435_2_28891866_28892251_frame1_fft	1	1	0.137662	88.040	7
SCFR_NC_072435_2_29086681_29086858_frame_2_fft	1	1	0.135593	61.683	7
SCFR_NC_072435_2_29421916_29422359_frame2_fft	4	3	0.027088;0.133183;0.406321	140.467;103.390;101.132	37;8;2
SCFR_NC_072435_2_29553822_29554027_frame_2_fft	1	1	0.482927	64.257	2
SCFR_NC_072435_2_23167530_23170098_frame_3_fft	3	3	0.333333;0.334112;0.332555	415.878;243.386;238.852	3;3;3
SCFR_NC_072435_2_29860471_29861080_frame_2_fft	1	1	0.489327	127.597	2
SCFR_NC_072435_2_24958970_24960648_frame_3_fft	11	3	0.107271;0.071514;0.440405	280.721;273.028;266.040	9;14;2
SCFR_NC_072435_2_29956752_29956904_frame1_fft	1	1	0.486842	56.243	2
SCFR_NC_072435_2_25484362_25485935_frame2_fft	8	3	0.440559;0.428481;0.071202	244.501;233.766;221.108	2;2;14
SCFR_NC_072435_2_25484362_25485881_frame2_fft	6	3	0.440421;0.428571;0.107307	240.307;237.152;217.308	2;2;9
SCFR_NC_072435_2_29386190_29387687_frame_1_fft	1	1	0.333333	272.397	3
SCFR_NC_072435_2_32417386_32417807_frame_1_fft	1	1	0.004751	102.742	211
SCFR_NC_072435_2_32517846_32518235_frame_1_fft	1	1	0.496144	101.435	2
SCFR_NC_072435_2_32531998_32532820_frame_2_fft	1	1	0.333333	191.756	3
SCFR_NC_072435_2_33474239_33474556_frame3_fft	1	1	0.047319	92.063	21
SCFR_NC_072435_2_32245955_32246444_frame_1_fft	1	1	0.094070	98.721	11
SCFR_NC_072435_2_37426537_37426894_frame_2_fft	1	1	0.487395	102.122	2
SCFR_NC_072435_2_37638859_37639088_frame2_fft	1	1	0.331878	68.848	3
SCFR_NC_072435_2_38179573_38180499_frame_3_fft	5	3	0.071274;0.011879;0.106911	231.815;200.844;200.673	14;84;9
SCFR_NC_072435_2_39722603_39722717_frame_1_fft	1	1	0.333333	51.544	3
SCFR_NC_072435_2_40146463_40146687_frame2_fft	1	1	0.165179	66.645	6
SCFR_NC_072435_2_40276279_40277521_frame_2_fft	1	1	0.333333	201.244	3
SCFR_NC_072435_2_40377577_40377835_frame_2_fft	1	1	0.333333	71.013	3
SCFR_NC_072435_2_40727203_40727545_frame_2_fft	1	1	0.333333	81.686	3
SCFR_NC_072435_2_42933735_42934206_frame1_fft	1	1	0.333333	102.236	3
SCFR_NC_072435_2_43344488_43344668_frame3_fft	1	1	0.011111	60.243	90
SCFR_NC_072435_2_40151013_40151351_frame_1_fft	1	1	0.491124	83.671	2
SCFR_NC_072435_2_44795581_44795807_frame2_fft	1	1	0.008850	76.983	114
SCFR_NC_072435_2_44846543_44847072_frame3_fft	1	1	0.332703	117.984	3
SCFR_NC_072435_2_53115288_53116165_frame1_fft	1	1	0.003421	134.676	293
SCFR_NC_072435_2_46925601_46926935_frame1_fft	10	3	0.107196;0.428786;0.440780	302.339;222.302;201.924	9;2;2
SCFR_NC_072435_2_48705456_48708118_frame_2_fft	33	3	0.107062;0.428625;0.047708	663.298;460.163;427.485	9;2;21
SCFR_NC_072435_2_58605145_58605803_frame2_fft	1	1	0.004559	125.083	220
SCFR_NC_072435_2_59114353_59114645_frame_1_fft	1	1	0.332192	160.333	3
SCFR_NC_072435_2_62655342_62655475_frame1_fft	1	1	0.323308	51.630	3
SCFR_NC_072435_2_91605190_91605862_frame2_fft	1	1	0.333333	133.197	3
SCFR_NC_072435_2_99215324_99215622_frame3_fft	1	1	0.489933	79.373	2
SCFR_NC_072436_2_10377490_10378783_frame2_fft	13	3	0.341841;0.447796;0.157773	316.483;300.105;297.609	3;2;6
SCFR_NC_072436_2_11226506_11227191_frame3_fft	6	3	0.054015;0.243796;0.027737	156.283;154.898;149.924	19;4;36
SCFR_NC_072436_2_115903480_115903931_frame_2_fft	1	1	0.006652	94.039	151
SCFR_NC_072436_2_116148106_116148314_frame_2_fft	1	1	0.043269	65.918	23
SCFR_NC_072436_2_116775704_116776972_frame3_fft	5	3	0.154574;0.115931;0.309148	290.599;181.950;157.790	6;9;3
SCFR_NC_072436_2_116689266_116689940_frame1_fft	2	2	0.020772;0.161721	150.884;124.417	48;6
SCFR_NC_072436_2_118321731_118322061_frame_1_fft	1	1	0.333333	80.930	3
SCFR_NC_072436_2_118443403_118443988_frame_3_fft	1	1	0.186325	108.575	5
SCFR_NC_072436_2_118558644_118559304_frame_1_fft	5	3	0.106061;0.078788;0.053030	185.692;168.199;160.339	9;13;19
SCFR_NC_072436_2_118863354_118864096_frame1_fft	1	1	0.332884	122.083	3
SCFR_NC_072436_2_12504583_12504964_frame_3_fft	3	3	0.249344;0.333333;0.417323	152.739;103.779;85.498	4;3;2
SCFR_NC_072436_2_13510053_13510339_frame1_fft	1	1	0.248252	137.447	4
SCFR_NC_072436_2_13566270_13566786_frame_1_fft	1	1	0.333333	323.267	3
SCFR_NC_072436_2_14201757_14202014_frame1_fft	3	3	0.252918;0.381323;0.128405	82.383;81.204;74.901	4;3;8
SCFR_NC_072436_2_15046676_15047616_frame3_fft	1	1	0.002128	143.617	470
SCFR_NC_072436_2_16000000_16000148_frame_2_fft	1	1	0.337838	60.122	3
SCFR_NC_072436_2_24476661_24477258_frame_1_fft	1	1	0.003350	133.001	299
SCFR_NC_072436_2_25800368_25800750_frame3_fft	1	1	0.005236	87.011	192
SCFR_NC_072436_2_104706541_104708005_frame_3_fft	1	1	0.001366	193.337	732
SCFR_NC_072436_2_117688210_117689572_frame_3_fft	1	1	0.001468	160.962	682
SCFR_NC_072436_2_24660173_24662085_frame3_fft	8	3	0.326360;0.333159;0.020921	261.090;251.219;234.582	3;3;48
SCFR_NC_072436_2_41514102_41514297_frame_1_fft	1	1	0.158974	60.723	6
SCFR_NC_072436_2_47061085_47061439_frame_3_fft	1	1	0.333333	97.415	3
SCFR_NC_072436_2_53582208_53582900_frame_2_fft	8	3	0.322254;0.290462;0.484104	207.078;204.688;195.274	3;3;2
SCFR_NC_072436_2_54808947_54809079_frame_1_fft	1	1	0.340909	48.505	3
SCFR_NC_072436_2_53786629_53786889_frame_1_fft	1	1	0.007692	72.976	130
SCFR_NC_072436_2_67150562_67151172_frame3_fft	1	1	0.003279	117.438	306
SCFR_NC_072436_2_70286887_70287592_frame_3_fft	1	1	0.333333	148.950	3
SCFR_NC_072436_2_93025107_93025768_frame1_fft	1	1	0.006051	123.173	166
SCFR_NC_072436_2_93133497_93135585_frame_1_fft	1	1	0.333333	248.584	3
SCFR_NC_072436_2_97120756_97120934_frame_2_fft	1	1	0.101124	59.969	10
SCFR_NC_072437_2_20965637_20968246_frame3_fft	2	2	0.001916;0.140284	306.346;234.633	522;7
SCFR_NC_072437_2_20965637_20968168_frame3_fft	2	2	0.001976;0.140261	314.786;231.620	506;7
SCFR_NC_072437_2_23713337_23714463_frame3_fft	2	2	0.001776;0.114565	167.755;157.711	564;9
SCFR_NC_072437_2_25961169_25962223_frame1_fft	1	1	0.001898	209.663	528
SCFR_NC_072437_2_43775039_43775470_frame_1_fft	1	1	0.343387	90.490	3
SCFR_NC_072437_2_26910034_26911027_frame2_fft	1	1	0.333333	168.214	3
SCFR_NC_072437_2_57450136_57450400_frame2_fft	2	2	0.166667;0.333333	124.723;122.619	6;3
SCFR_NC_072437_2_6441245_6441832_frame3_fft	1	1	0.068143	183.369	15
SCFR_NC_072437_2_6577537_6578169_frame2_fft	3	3	0.384494;0.025316;0.205696	149.369;120.862;117.999	3;40;5
SCFR_NC_072437_2_6456111_6457185_frame1_fft	1	1	0.053073	180.896	19
SCFR_NC_072437_2_6734056_6735111_frame_2_fft	2	2	0.095735;0.426540	262.047;150.977	10;2
SCFR_NC_072437_2_6734056_6734957_frame_3_fft	4	3	0.095450;0.438402;0.093230	297.014;177.836;167.767	10;2;11
SCFR_NC_072437_2_6734661_6735111_frame_2_fft	1	1	0.093333	112.787	11
SCFR_NC_072437_2_6734389_6734957_frame_3_fft	3	3	0.095070;0.426056;0.477113	209.132;148.224;137.564	11;2;2
SCFR_NC_072437_2_6734211_6734957_frame_3_fft	3	3	0.095174;0.426273;0.477212	283.531;143.085;130.403	11;2;2
SCFR_NC_072437_2_6734389_6735111_frame_2_fft	3	3	0.095568;0.426593;0.477839	207.923;152.949;145.671	10;2;2
SCFR_NC_072437_2_6733918_6735111_frame_2_fft	4	3	0.095557;0.426655;0.093043	310.464;199.328;184.347	10;2;11
SCFR_NC_072437_2_6733949_6734980_frame_1_fft	5	3	0.095053;0.426770;0.093113	260.082;179.906;179.770	11;2;11
SCFR_NC_072437_2_6733697_6734980_frame_1_fft	4	3	0.095869;0.427124;0.097428	302.085;202.263;189.240	10;2;10
SCFR_NC_072437_2_6734701_6734980_frame_1_fft	1	1	0.093190	97.907	11
SCFR_NC_072437_2_6733939_6734980_frame_1_fft	4	3	0.095101;0.093180;0.426513	262.914;192.194;183.080	11;11;2
SCFR_NC_072437_2_6734211_6734980_frame_1_fft	2	2	0.094928;0.426528	256.022;151.212	11;2
SCFR_NC_072437_2_6733867_6735111_frame_2_fft	4	3	0.095659;0.093248;0.426849	312.321;206.726;201.991	10;11;2
SCFR_NC_072437_2_6734193_6734980_frame_1_fft	2	2	0.095299;0.426938	299.747;150.611	11;2
SCFR_NC_072437_2_74102769_74103564_frame_2_fft	1	1	0.333333	135.252	3
SCFR_NC_072437_2_8237950_8238916_frame_1_fft	1	1	0.333333	235.208	3
SCFR_NC_072437_2_21042433_21043955_frame2_fft	1	1	0.001971	292.908	508
SCFR_NC_072437_2_25160954_25162364_frame_3_fft	2	2	0.002128;0.046809	298.784;193.302	470;21
SCFR_NC_072437_2_6733697_6735111_frame_2_fft	6	3	0.096181;0.094767;0.097595	255.585;251.117;199.730	10;11;10
SCFR_NC_072437_2_6733755_6735111_frame_2_fft	2	2	0.095870;0.426991	294.795;226.719	10;2
SCFR_NC_072437_2_21042433_21044961_frame2_fft	1	1	0.001978	311.258	506
SCFR_NC_072437_2_90419689_90421719_frame2_fft	1	1	0.333005	221.261	3
SCFR_NC_072437_2_90481836_90483062_frame1_fft	1	1	0.333605	156.111	3
SCFR_NC_072437_2_6733755_6734980_frame_1_fft	4	3	0.095510;0.426939;0.093061	268.513;227.069;178.124	10;2;11
SCFR_NC_072438_2_10227679_10228201_frame_1_fft	1	1	0.101533	103.407	10
SCFR_NC_072438_2_12077560_12078469_frame2_fft	7	3	0.249725;0.214521;0.178218	219.337;180.572;174.478	4;5;6
SCFR_NC_072438_2_14374434_14374839_frame_2_fft	3	3	0.019753;0.039506;0.459259	162.370;118.538;94.991	51;25;2
SCFR_NC_072438_2_16125804_16126013_frame1_fft	1	1	0.339713	76.043	3
SCFR_NC_072438_2_16196883_16197330_frame_2_fft	1	1	0.492170	136.850	2
SCFR_NC_072438_2_16362509_16362834_frame3_fft	1	1	0.492308	99.003	2
SCFR_NC_072438_2_33517997_33518309_frame_3_fft	1	1	0.246795	122.572	4
SCFR_NC_072438_2_61515360_61515622_frame_1_fft	1	1	0.015267	74.767	66
SCFR_NC_072438_2_33590520_33591540_frame_2_fft	1	1	0.002941	141.537	340
SCFR_NC_072438_2_85967489_85967927_frame_3_fft	1	1	0.333333	111.137	3
SCFR_NC_072439_2_100079500_100080367_frame2_fft	1	1	0.333333	153.599	3
SCFR_NC_072439_2_100079500_100080362_frame2_fft	1	1	0.332947	139.092	3
SCFR_NC_072439_2_10286897_10287019_frame3_fft	1	1	0.450820	48.554	2
SCFR_NC_072439_2_10496491_10497148_frame2_fft	2	2	0.060883;0.120244	125.489;118.601	16;8
SCFR_NC_072439_2_10564839_10565316_frame_1_fft	1	1	0.488470	100.336	2
SCFR_NC_072439_2_10824313_10824724_frame_3_fft	1	1	0.496350	145.438	2
SCFR_NC_072439_2_10916033_10916345_frame_2_fft	1	1	0.009615	78.034	104
SCFR_NC_072439_2_10738681_10739972_frame2_fft	2	2	0.051898;0.182029	237.101;226.686	19;5
SCFR_NC_072439_2_11493217_11493567_frame_1_fft	1	1	0.334286	83.342	3
SCFR_NC_072439_2_11142401_11142678_frame3_fft	1	1	0.180505	82.011	6
SCFR_NC_072439_2_12058774_12059858_frame2_fft	1	1	0.131919	155.029	8
SCFR_NC_072439_2_13657331_13658266_frame3_fft	8	3	0.088770;0.133690;0.066310	192.620;188.126;182.024	11;7;15
SCFR_NC_072439_2_14047227_14047520_frame1_fft	1	1	0.095563	86.009	10
SCFR_NC_072438_2_22785191_22786649_frame3_fft	1	1	0.333333	193.509	3
SCFR_NC_072439_2_13949844_13951246_frame1_fft	1	1	0.487874	235.509	2
SCFR_NC_072439_2_13949844_13951297_frame1_fft	2	2	0.487956;0.476944	228.156;174.955	2;2
SCFR_NC_072439_2_14527884_14528856_frame1_fft	1	1	0.333333	230.799	3
SCFR_NC_072439_2_14959654_14960108_frame_2_fft	1	1	0.006608	96.759	152
SCFR_NC_072439_2_14968936_14969285_frame_2_fft	1	1	0.005731	86.580	175
SCFR_NC_072439_2_18385970_18386208_frame3_fft	1	1	0.008403	68.150	120
SCFR_NC_072439_2_20517623_20517992_frame3_fft	1	1	0.495935	144.187	2
SCFR_NC_072439_2_20587931_20588359_frame_3_fft	2	2	0.177570;0.392523	122.186;118.695	6;3
SCFR_NC_072439_2_20882159_20882359_frame3_fft	1	1	0.490000	84.808	2
SCFR_NC_072439_2_20882173_20882359_frame2_fft	1	1	0.489247	85.090	2
SCFR_NC_072439_2_20882145_20882359_frame1_fft	1	1	0.490654	78.762	2
SCFR_NC_072439_2_21663845_21664624_frame_3_fft	3	3	0.496791;0.487805;0.002567	167.510;144.511;131.117	2;2;390
SCFR_NC_072439_2_22228736_22228909_frame3_fft	1	1	0.491329	60.348	2
SCFR_NC_072439_2_23010112_23011059_frame2_fft	2	2	0.498416;0.495248	297.594;160.539	2;2
SCFR_NC_072439_2_23216113_23216389_frame2_fft	1	1	0.105072	83.438	10
SCFR_NC_072439_2_23217308_23217672_frame3_fft	1	1	0.434066	91.092	2
SCFR_NC_072439_2_32294686_32294939_frame2_fft	1	1	0.007905	79.659	127
SCFR_NC_072439_2_32294686_32294957_frame2_fft	1	1	0.007380	89.638	136
SCFR_NC_072439_2_33857113_33857838_frame2_fft	1	1	0.333793	125.030	3
SCFR_NC_072439_2_36603910_36604522_frame2_fft	1	1	0.333333	159.663	3
SCFR_NC_072439_2_36603910_36604455_frame2_fft	1	1	0.333945	130.250	3
SCFR_NC_072439_2_36864863_36865273_frame3_fft	1	1	0.334146	112.737	3
SCFR_NC_072439_2_52525288_52525546_frame_3_fft	1	1	0.333333	102.802	3
SCFR_NC_072439_2_52525327_52525546_frame_3_fft	1	1	0.333333	91.820	3
SCFR_NC_072439_2_82990634_82990859_frame_2_fft	2	2	0.337778;0.328889	79.884;68.550	3;3
SCFR_NC_072439_2_83469137_83469558_frame3_fft	1	1	0.011876	92.173	84
SCFR_NC_072439_2_97359811_97360030_frame_3_fft	1	1	0.360731	73.375	3
SCFR_NC_072439_2_97360485_97360869_frame_1_fft	3	3	0.127604;0.148438;0.020833	100.662;93.777;93.168	8;7;48
SCFR_NC_072439_2_97471715_97472280_frame3_fft	3	3	0.026549;0.053097;0.458407	148.190;114.859;110.118	38;19;2
SCFR_NC_072439_2_97705367_97705676_frame3_fft	1	1	0.252427	102.392	4
SCFR_NC_072439_2_97699187_97699727_frame3_fft	3	3	0.064815;0.305556;0.318519	126.725;119.948;105.183	15;3;3
SCFR_NC_072439_2_97698937_97699681_frame2_fft	1	1	0.064516	127.767	16
SCFR_NC_072439_2_97949062_97949746_frame2_fft	4	3	0.361111;0.127193;0.106725	139.492;137.405;126.138	3;8;9
SCFR_NC_072439_2_98877016_98877464_frame_2_fft	1	1	0.223214	109.716	4
SCFR_NC_072439_2_99702395_99703106_frame_2_fft	1	1	0.209564	137.354	5
SCFR_NC_072440_2_105296718_105296862_frame_1_fft	1	1	0.250000	55.059	4
SCFR_NC_072440_2_13378881_13380264_frame1_fft	1	1	0.051338	194.727	19
SCFR_NC_072440_2_20705924_20706268_frame_3_fft	1	1	0.005814	83.112	172
SCFR_NC_072440_2_22474181_22474401_frame3_fft	1	1	0.009091	67.525	110
SCFR_NC_072440_2_22433593_22435137_frame2_fft	5	3	0.055699;0.111399;0.223446	392.718;340.736;278.377	18;9;4
SCFR_NC_072440_2_24544494_24544884_frame_1_fft	1	1	0.330769	94.681	3
SCFR_NC_072440_2_29937367_29938912_frame_3_fft	5	3	0.333333;0.060841;0.012298	291.859;235.953;191.339	3;16;81
SCFR_NC_072440_2_55042431_55042639_frame_3_fft	1	1	0.115385	69.484	9
SCFR_NC_072440_2_54952905_54954390_frame_1_fft	1	1	0.333333	219.628	3
SCFR_NC_072440_2_56462172_56462617_frame1_fft	2	2	0.166292;0.332584	119.804;109.873	6;3
SCFR_NC_072440_2_60954365_60954633_frame_1_fft	1	1	0.007463	73.242	134
SCFR_NC_072440_2_72192369_72193605_frame_1_fft	4	3	0.484628;0.393204;0.363269	392.054;245.778;197.672	2;3;3
SCFR_NC_072440_2_84629992_84645497_frame_2_fft	28	3	0.333312;0.143180;0.071783	1840.691;1105.162;951.583	3;7;14
SCFR_NC_072440_2_73700015_73700274_frame_1_fft	1	1	0.007722	70.675	130
SCFR_NC_072440_2_84629363_84645497_frame_2_fft	30	3	0.333333;0.143176;0.118817	1905.644;1118.004;964.516	3;7;8
SCFR_NC_072440_2_91838151_91838412_frame_1_fft	1	1	0.333333	87.913	3
SCFR_NC_072440_2_84636316_84645497_frame_2_fft	23	3	0.333297;0.143122;0.071779	1164.948;956.143;821.025	3;7;14
SCFR_NC_072440_2_91837932_91838412_frame_1_fft	1	1	0.333333	166.403	3
SCFR_NC_072440_2_9217005_9217221_frame_1_fft	2	2	0.037037;0.148148	74.507;67.749	27;7
SCFR_NC_072440_2_92077201_92077449_frame2_fft	1	1	0.024194	75.128	42
SCFR_NC_072440_2_9315123_9315733_frame1_fft	1	1	0.003279	108.254	306
SCFR_NC_072440_2_9379611_9380313_frame_1_fft	2	2	0.029915;0.091168	210.911;122.725	33;11
SCFR_NC_072440_2_9469009_9469495_frame_3_fft	6	3	0.174897;0.034979;0.209877	129.994;117.408;112.144	6;29;5
SCFR_NC_072440_2_9594946_9595105_frame2_fft	1	1	0.088050	57.196	11
SCFR_NC_072440_2_84635245_84645497_frame_2_fft	29	3	0.333301;0.143094;0.071791	1284.300;922.270;830.978	3;7;14
SCFR_NC_072440_2_9650397_9650906_frame1_fft	4	3	0.249509;0.049116;0.300589	118.057;108.107;101.333	4;20;3
SCFR_NC_072440_2_9873441_9873636_frame1_fft	2	2	0.364103;0.415385	69.866;66.431	3;2
SCFR_NC_072440_2_9990855_9991756_frame1_fft	1	1	0.467259	346.188	2
SCFR_NC_072440_2_9686462_9686783_frame3_fft	1	1	0.333333	91.804	3
SCFR_NC_072441_2_143821179_143821820_frame1_fft	2	2	0.299532;0.199688	146.115;132.226	3;5
SCFR_NC_072441_2_137830938_137832319_frame1_fft	1	1	0.333092	291.546	3
SCFR_NC_072441_2_29831605_29832140_frame2_fft	1	1	0.003738	100.250	268
SCFR_NC_072441_2_56504464_56504521_frame_2_fft	1	1	0.333333	39.761	3
SCFR_NC_072441_2_65320601_65320967_frame_1_fft	1	1	0.005464	93.270	184
SCFR_NC_072441_2_78452932_78453056_frame2_fft	1	1	0.483871	51.819	2
SCFR_NC_072441_2_81988259_81988472_frame_1_fft	1	1	0.009390	68.128	107
SCFR_NC_072441_2_80658315_80661518_frame_1_fft	4	3	0.483609;0.333437;0.198564	378.894;325.817;277.145	2;3;5
SCFR_NC_072441_2_83578353_83579457_frame_3_fft	5	3	0.333333;0.166667;0.117754	261.721;240.296;220.884	3;6;8
SCFR_NC_072441_2_83578426_83579797_frame_2_fft	4	3	0.333333;0.117433;0.167031	317.160;222.335;206.509	3;9;6
SCFR_NC_072441_2_83583613_83583972_frame_3_fft	1	1	0.008357	105.385	120
SCFR_NC_072441_2_83578817_83579797_frame_2_fft	4	3	0.118367;0.167347;0.333673	187.922;187.027;179.033	8;6;3
SCFR_NC_072441_2_89241157_89242157_frame_1_fft	1	1	0.333000	198.658	3
SCFR_NC_072441_2_93037891_93038246_frame2_fft	1	1	0.008451	85.591	119
SCFR_NC_072441_2_83578372_83579797_frame_2_fft	4	3	0.333333;0.117895;0.166316	316.953;241.803;204.722	3;8;6
SCFR_NC_072441_2_97597026_97599106_frame_2_fft	1	1	0.074038	219.982	14
SCFR_NC_072441_2_80645316_80661518_frame_1_fft	237	3	0.483521;0.333354;0.284965	2231.601;1904.568;1803.095	2;3;4
SCFR_NC_072442_2_14118983_14120549_frame3_fft	9	3	0.190294;0.380587;0.095147	265.329;260.716;236.576	5;3;11
SCFR_NC_072442_2_14268336_14268645_frame1_fft	1	1	0.006472	117.443	155
SCFR_NC_072441_2_80647623_80661518_frame_1_fft	194	3	0.483555;0.333357;0.284995	2026.716;1645.381;1491.638	2;3;4
SCFR_NC_072442_2_20480945_20481088_frame3_fft	1	1	0.489510	57.211	2
SCFR_NC_072442_2_24686530_24687059_frame2_fft	1	1	0.003781	106.774	265
SCFR_NC_072442_2_27025109_27025477_frame3_fft	1	1	0.334239	89.623	3
SCFR_NC_072442_2_35615339_35615676_frame3_fft	1	1	0.005935	87.081	169
SCFR_NC_072441_2_80656371_80661518_frame_1_fft	22	3	0.483583;0.333398;0.285020	673.292;563.815;461.742	2;3;4
SCFR_NC_072442_2_39934441_39935443_frame_1_fft	1	1	0.003992	151.131	251
SCFR_NC_072442_2_41709881_41710334_frame3_fft	2	2	0.333333;0.267108	163.841;112.117	3;4
SCFR_NC_072442_2_41718025_41718447_frame_2_fft	1	1	0.334123	115.471	3
SCFR_NC_072442_2_41717875_41718447_frame_2_fft	4	3	0.333916;0.267483;0.400350	190.212;123.892;116.078	3;4;3
SCFR_NC_072442_2_41709881_41710349_frame3_fft	2	2	0.333333;0.267094	172.632;117.052	3;4
SCFR_NC_072442_2_41709881_41710289_frame3_fft	2	2	0.333333;0.267157	139.935;96.035	3;4
SCFR_NC_072442_2_41709881_41710364_frame3_fft	2	2	0.333333;0.267081	184.012;119.858	3;4
SCFR_NC_072442_2_41717956_41718447_frame_2_fft	1	1	0.334012	159.199	3
SCFR_NC_072442_2_41717782_41718447_frame_2_fft	3	3	0.333835;0.266165;0.400000	232.493;144.120;137.174	3;4;3
SCFR_NC_072442_2_41741168_41741443_frame_1_fft	1	1	0.334545	75.332	3
SCFR_NC_072442_2_41717995_41718447_frame_2_fft	1	1	0.334071	135.012	3
SCFR_NC_072442_2_41718061_41718447_frame_2_fft	1	1	0.334197	111.539	3
SCFR_NC_072442_2_41741082_41741443_frame_1_fft	2	2	0.332410;0.265928	116.700;93.723	3;4
SCFR_NC_072442_2_41718030_41718447_frame_2_fft	1	1	0.333333	115.181	3
SCFR_NC_072442_2_41717755_41718447_frame_2_fft	4	3	0.333815;0.267341;0.066474	247.360;153.677;140.123	3;4;15
SCFR_NC_072442_2_41740869_41741443_frame_1_fft	3	3	0.332753;0.266551;0.066202	217.400;171.465;114.169	3;4;15
SCFR_NC_072442_2_41784969_41785083_frame_2_fft	1	1	0.333333	48.919	3
SCFR_NC_072442_2_41768019_41768378_frame_3_fft	1	1	0.334262	128.699	3
SCFR_NC_072442_2_41849879_41850291_frame3_fft	3	3	0.332524;0.070388;0.264563	128.746;108.673;107.955	3;14;4
SCFR_NC_072442_2_41778842_41779477_frame_1_fft	5	3	0.333858;0.266142;0.400000	203.287;162.994;140.415	3;4;3
SCFR_NC_072442_2_41849879_41850218_frame3_fft	3	3	0.333333;0.262537;0.070796	108.903;93.079;83.307	3;4;14
SCFR_NC_072442_2_41750861_41751319_frame_1_fft	2	2	0.334061;0.266376	151.060;109.243	3;4
SCFR_NC_072442_2_41849879_41850234_frame3_fft	3	3	0.332394;0.070423;0.264789	109.299;93.196;87.805	3;14;4
SCFR_NC_072442_2_41750706_41751319_frame_1_fft	4	3	0.332790;0.267537;0.066884	211.791;141.837;114.648	3;4;15
SCFR_NC_072442_2_43705001_43708386_frame_2_fft	1	1	0.333235	386.533	3
SCFR_NC_072442_2_43705637_43708386_frame_2_fft	1	1	0.333212	308.954	3
SCFR_NC_072442_2_51414847_51415399_frame_1_fft	1	1	0.230072	105.386	4
SCFR_NC_072442_2_58713429_58713781_frame_1_fft	1	1	0.011364	84.796	88
SCFR_NC_072442_2_60711901_60712391_frame2_fft	1	1	0.328571	96.693	3
SCFR_NC_072442_2_60779062_60779542_frame_1_fft	1	1	0.004167	101.252	240
SCFR_NC_072442_2_60779065_60779542_frame_1_fft	1	1	0.004193	101.727	239
SCFR_NC_072442_2_61953656_61953981_frame3_fft	1	1	0.200000	78.094	5
SCFR_NC_072442_2_63816430_63816604_frame_1_fft	1	1	0.011494	58.265	88
SCFR_NC_072442_2_64718660_64719044_frame3_fft	1	1	0.234375	102.984	4
SCFR_NC_072442_2_64798492_64798876_frame2_fft	1	1	0.234375	102.984	4
SCFR_NC_072442_2_68184163_68184451_frame2_fft	1	1	0.006944	81.482	144
SCFR_NC_072442_2_69017311_69018178_frame2_fft	1	1	0.333333	158.072	3
SCFR_NC_072442_2_69017311_69018173_frame2_fft	1	1	0.332947	138.169	3
SCFR_NC_072442_2_65824730_65827767_frame3_fft	1	1	0.333224	397.416	3
SCFR_NC_072442_2_65824730_65828418_frame3_fft	1	1	0.333243	515.205	3
SCFR_NC_072443_2_43015509_43016290_frame1_fft	3	3	0.458387;0.208707;0.249680	169.425;163.567;143.285	2;5;4
SCFR_NC_072443_2_53051686_53052068_frame_1_fft	1	1	0.494764	89.229	2
SCFR_NC_072443_2_53674315_53674529_frame_1_fft	1	1	0.014019	66.213	72
SCFR_NC_072443_2_54134839_54135410_frame_1_fft	1	1	0.248687	180.232	4
SCFR_NC_072442_2_61762477_61764671_frame2_fft	2	2	0.333181;0.053783	219.601;210.349	3;19
SCFR_NC_072443_2_55985458_55985611_frame_2_fft	1	1	0.248366	75.167	4
SCFR_NC_072443_2_79463900_79464165_frame3_fft	1	1	0.316981	73.117	3
SCFR_NC_072443_2_79790952_79791217_frame1_fft	1	1	0.316981	74.372	3
SCFR_NC_072443_2_79681925_79682509_frame3_fft	1	1	0.318493	125.715	3
SCFR_NC_072443_2_86073614_86073917_frame_1_fft	1	1	0.333333	75.942	3
SCFR_NC_072443_2_86320901_86321358_frame3_fft	3	3	0.223195;0.052516;0.301969	120.358;119.098;97.101	4;19;3
SCFR_NC_072443_2_85892640_85897337_frame1_fft	16	3	0.333404;0.285927;0.451778	784.568;448.697;440.624	3;3;2
SCFR_NC_072443_2_86646665_86647041_frame_3_fft	4	3	0.053191;0.106383;0.159574	140.503;116.056;115.905	19;9;6
SCFR_NC_072443_2_86766743_86767040_frame_1_fft	1	1	0.380471	81.243	3
SCFR_NC_072444_2_15655068_15655505_frame1_fft	1	1	0.004577	91.863	219
SCFR_NC_072444_2_17683425_17683632_frame_1_fft	1	1	0.169082	63.803	6
SCFR_NC_072443_2_85892640_85901627_frame1_fft	89	3	0.333370;0.285969;0.451764	1556.737;930.597;890.584	3;3;2
SCFR_NC_072444_2_21902884_21903091_frame_3_fft	1	1	0.014493	64.567	69
SCFR_NC_072443_2_85892640_85905756_frame1_fft	140	3	0.333333;0.285987;0.451738	2782.550;1264.767;1213.215	3;3;2
SCFR_NC_072444_2_25884061_25884297_frame2_fft	1	1	0.250000	71.994	4
SCFR_NC_072444_2_25884061_25884341_frame2_fft	1	1	0.246429	75.035	4
SCFR_NC_072443_2_86497292_86499132_frame3_fft	4	3	0.142391;0.190217;0.047826	247.375;228.839;211.182	7;5;21
SCFR_NC_072443_2_85892640_85906675_frame1_fft	141	3	0.333310;0.360955;0.451728	2532.665;1323.205;1226.129	3;3;2
SCFR_NC_072444_2_33188597_33188736_frame_1_fft	1	1	0.410072	52.740	2
SCFR_NC_072444_2_33502248_33502747_frame_3_fft	1	1	0.494990	110.471	2
SCFR_NC_072444_2_34413230_34413649_frame3_fft	2	2	0.310263;0.157518	99.792;95.998	3;6
SCFR_NC_072444_2_35204303_35204643_frame_1_fft	1	1	0.176471	98.430	6
SCFR_NC_072444_2_35696941_35697742_frame_3_fft	1	1	0.003745	138.639	267
SCFR_NC_072444_2_35744062_35744596_frame_3_fft	2	2	0.192884;0.258427	120.522;103.435	5;4
SCFR_NC_072444_2_39749225_39749669_frame_2_fft	1	1	0.369369	100.602	3
SCFR_NC_072444_2_41437184_41437286_frame3_fft	1	1	0.019608	43.278	52
SCFR_NC_072444_2_40486656_40487316_frame_1_fft	1	1	0.003030	124.375	330
SCFR_NC_072444_2_57488310_57488428_frame_3_fft	1	1	0.330508	51.025	3
SCFR_NC_072444_2_57488277_57488428_frame_3_fft	1	1	0.331126	53.713	3
SCFR_NC_072444_2_73612770_73613349_frame_1_fft	1	1	0.485320	148.334	2
SCFR_NC_072444_2_75399967_75400066_frame2_fft	1	1	0.252525	49.915	4
SCFR_NC_072444_2_75398784_75399400_frame1_fft	4	3	0.464286;0.154221;0.214286	128.324;126.829;126.280	2;6;5
SCFR_NC_072444_2_75821669_75822284_frame_2_fft	2	2	0.091057;0.045528	135.823;119.168	11;22
SCFR_NC_072444_2_75901709_75902857_frame3_fft	2	2	0.435540;0.128049	215.102;165.955	2;8
SCFR_NC_072444_2_76139564_76139777_frame_2_fft	1	1	0.333333	76.861	3
SCFR_NC_072444_2_8630092_8630441_frame2_fft	1	1	0.332378	103.203	3
SCFR_NC_072444_2_8630092_8630748_frame2_fft	1	1	0.333841	171.111	3
SCFR_NC_072445_2_11232237_11233084_frame1_fft	1	1	0.003542	141.256	283
SCFR_NC_072445_2_15515830_15516184_frame_1_fft	1	1	0.333333	87.716	3
SCFR_NC_072445_2_19242860_19243050_frame3_fft	1	1	0.331579	77.530	3
SCFR_NC_072445_2_25213314_25213470_frame_2_fft	1	1	0.250000	60.996	4
SCFR_NC_072445_2_34123157_34123422_frame3_fft	1	1	0.026415	83.837	38
SCFR_NC_072445_2_34123157_34123462_frame3_fft	2	2	0.026230;0.406557	93.952;79.286	38;2
SCFR_NC_072445_2_37790283_37790482_frame_1_fft	1	1	0.025126	66.695	40
SCFR_NC_072445_2_37786910_37787308_frame_1_fft	2	2	0.025126;0.384422	130.283;96.400	40;3
SCFR_NC_072445_2_37789041_37791744_frame_2_fft	8	3	0.025897;0.051424;0.379578	684.305;376.086;334.921	39;19;3
SCFR_NC_072445_2_37788105_37789138_frame_1_fft	3	3	0.025169;0.051307;0.377541	231.730;201.452;157.539	40;20;3
SCFR_NC_072445_2_38797438_38797740_frame2_fft	1	1	0.334437	95.033	3
SCFR_NC_072445_2_20523905_20526795_frame3_fft	1	1	0.333218	395.496	3
SCFR_NC_072445_2_39889166_39891251_frame_3_fft	1	1	0.333333	670.645	3
SCFR_NC_072445_2_37793313_37795161_frame_2_fft	5	3	0.025433;0.051407;0.076840	503.827;318.851;288.399	39;19;13
SCFR_NC_072445_2_39902013_39904098_frame_2_fft	1	1	0.333333	669.628	3
SCFR_NC_072445_2_37790090_37793309_frame_3_fft	10	3	0.025474;0.051258;0.076732	852.457;507.419;433.020	39;20;13
SCFR_NC_072445_2_40725207_40725646_frame_1_fft	1	1	0.266515	108.527	4
SCFR_NC_072445_2_40892641_40893607_frame_1_fft	1	1	0.333333	207.342	3
SCFR_NC_072445_2_40892635_40893607_frame_1_fft	1	1	0.333333	210.138	3
SCFR_NC_072445_2_40892763_40893607_frame_1_fft	1	1	0.332938	144.006	3
SCFR_NC_072445_2_40892802_40893607_frame_1_fft	1	1	0.332919	136.115	3
SCFR_NC_072445_2_40892730_40893607_frame_1_fft	1	1	0.332953	149.681	3
SCFR_NC_072445_2_40892881_40893607_frame_1_fft	1	1	0.333333	140.793	3
SCFR_NC_072445_2_44274934_44275043_frame_3_fft	1	1	0.155963	45.658	6
SCFR_NC_072445_2_37786664_37788050_frame_3_fft	3	3	0.025253;0.051227;0.377345	313.006;257.979;192.574	40;20;3
SCFR_NC_072445_2_54145394_54145940_frame_3_fft	1	1	0.003663	108.937	274
SCFR_NC_072444_2_30795419_30797962_frame3_fft	10	3	0.260322;0.258750;0.264648	443.225;327.321;321.896	4;4;4
SCFR_NC_072445_2_48314530_48315226_frame_1_fft	1	1	0.333333	176.098	3
SCFR_NC_072445_2_67598048_67598769_frame3_fft	1	1	0.332871	159.808	3
SCFR_NC_072445_2_67598048_67598440_frame3_fft	1	1	0.334184	89.350	3
SCFR_NC_072445_2_67598048_67598889_frame3_fft	1	1	0.332937	197.948	3
SCFR_NC_072445_2_67598048_67598524_frame3_fft	1	1	0.334034	116.138	3
SCFR_NC_072445_2_67598048_67598844_frame3_fft	1	1	0.332915	189.294	3
SCFR_NC_072445_2_67598048_67598920_frame3_fft	1	1	0.333716	235.476	3
SCFR_NC_072445_2_67598048_67599009_frame3_fft	1	1	0.332986	231.688	3
SCFR_NC_072445_2_67671081_67671564_frame1_fft	1	1	0.333333	125.441	3
SCFR_NC_072445_2_67598048_67599025_frame3_fft	1	1	0.333675	269.353	3
SCFR_NC_072445_2_67671081_67671808_frame1_fft	1	1	0.332875	164.279	3
SCFR_NC_072445_2_67671081_67672048_frame1_fft	1	1	0.332989	237.753	3
SCFR_NC_072445_2_67671081_67671883_frame1_fft	1	1	0.332918	194.348	3
SCFR_NC_072445_2_67671081_67672064_frame1_fft	1	1	0.333672	269.437	3
SCFR_NC_072445_2_67671081_67671959_frame1_fft	1	1	0.333713	233.886	3
SCFR_NC_072445_2_67671081_67671933_frame1_fft	1	1	0.333333	253.625	3
SCFR_NC_072445_2_67598048_67598894_frame3_fft	1	1	0.333333	251.509	3
SCFR_NC_072445_2_67671081_67671928_frame1_fft	1	1	0.332940	203.074	3
SCFR_NC_072446_2_10262837_10263191_frame3_fft	1	1	0.392655	102.861	3
SCFR_NC_072446_2_26516169_26516364_frame_2_fft	1	1	0.492308	61.467	2
SCFR_NC_072446_2_13653173_13654730_frame_3_fft	1	1	0.333333	293.475	3
SCFR_NC_072446_2_26919046_26919169_frame_1_fft	1	1	0.016260	48.079	62
SCFR_NC_072446_2_27181626_27181751_frame_3_fft	1	1	0.424000	49.524	2
SCFR_NC_072446_2_27234809_27235137_frame_2_fft	2	2	0.167683;0.332317	153.117;124.060	6;3
SCFR_NC_072446_2_27776573_27776822_frame_3_fft	1	1	0.240964	79.888	4
SCFR_NC_072446_2_37745216_37745320_frame3_fft	1	1	0.019231	43.652	52
SCFR_NC_072446_2_37836805_37837556_frame2_fft	1	1	0.332889	151.217	3
SCFR_NC_072446_2_41549447_41549715_frame3_fft	1	1	0.011194	72.620	90
SCFR_NC_072446_2_43142528_43143414_frame3_fft	1	1	0.002257	164.888	444
SCFR_NC_072446_2_9152980_9153239_frame2_fft	1	1	0.335907	120.706	3
SCFR_NC_072446_2_9180997_9181120_frame2_fft	1	1	0.487805	47.783	2
SCFR_NC_072447_2_124296063_124296777_frame_3_fft	1	1	0.333333	185.290	3
SCFR_NC_072447_2_133222659_133223014_frame1_fft	1	1	0.005634	88.048	178
SCFR_NC_072446_2_58369896_58371799_frame1_fft	10	3	0.333158;0.132948;0.166579	360.764;344.325;299.635	3;8;6
SCFR_NC_072447_2_105955740_105961795_frame1_fft	9	3	0.333278;0.166804;0.166474	1369.758;1158.763;838.200	3;6;6
SCFR_NC_072447_2_143024967_143025028_frame1_fft	1	1	0.344262	32.497	3
SCFR_NC_072447_2_14605455_14606089_frame_2_fft	1	1	0.493691	137.807	2
SCFR_NC_072447_2_14633325_14633886_frame_3_fft	3	3	0.024955;0.409982;0.434938	157.077;147.003;127.296	40;2;2
SCFR_NC_072447_2_153272455_153272651_frame2_fft	1	1	0.010204	61.149	98
SCFR_NC_072447_2_15538455_15538638_frame_3_fft	2	2	0.316940;0.054645	72.323;70.641	3;18
SCFR_NC_072447_2_155712828_155713725_frame_3_fft	1	1	0.332219	192.819	3
SCFR_NC_072447_2_157624785_157625595_frame_3_fft	1	1	0.333333	169.026	3
SCFR_NC_072447_2_155790595_155791393_frame_2_fft	1	1	0.332080	149.112	3
SCFR_NC_072447_2_17155011_17156049_frame1_fft	2	2	0.494220;0.497110	176.663;153.141	2;2
SCFR_NC_072447_2_18131861_18132815_frame_1_fft	1	1	0.344864	130.503	3
SCFR_NC_072447_2_31908423_31908711_frame_3_fft	1	1	0.333333	79.421	3
SCFR_NC_072447_2_31908282_31908711_frame_3_fft	1	1	0.333333	113.699	3
SCFR_NC_072447_2_39179658_39180087_frame_3_fft	1	1	0.006993	98.416	143
SCFR_NC_072447_2_52066396_52067213_frame_1_fft	1	1	0.332925	139.279	3
SCFR_NC_072447_2_54139909_54140377_frame_2_fft	1	1	0.333333	96.080	3
SCFR_NC_072447_2_54608126_54608368_frame3_fft	1	1	0.330579	97.215	3
SCFR_NC_072447_2_61325770_61325957_frame2_fft	1	1	0.491979	61.496	2
SCFR_NC_072447_2_62481161_62481657_frame3_fft	1	1	0.070565	100.884	14
SCFR_NC_072447_2_66354434_66354712_frame_2_fft	1	1	0.255396	84.534	4
SCFR_NC_072447_2_66354311_66354712_frame_2_fft	1	1	0.254364	101.336	4
SCFR_NC_072447_2_68502825_68503891_frame1_fft	1	1	0.002814	148.385	356
SCFR_NC_072447_2_75360952_75361174_frame2_fft	1	1	0.009009	65.533	112
SCFR_NC_072447_2_79591655_79592232_frame3_fft	1	1	0.003466	138.353	289
SCFR_NC_072447_2_80685647_80686239_frame3_fft	1	1	0.332770	183.974	3
SCFR_NC_072447_2_81038292_81038694_frame1_fft	1	1	0.333333	97.597	3
SCFR_NC_072447_2_80748756_80749347_frame_3_fft	1	1	0.333333	207.768	3
SCFR_NC_072447_2_83117115_83117310_frame_3_fft	1	1	0.333333	73.225	3
SCFR_NC_072447_2_84499875_84501034_frame_2_fft	1	1	0.333046	165.788	3
SCFR_NC_072448_2_6903090_6903718_frame_1_fft	1	1	0.493631	133.285	2
SCFR_NC_072448_2_6931761_6932322_frame_2_fft	3	3	0.024955;0.409982;0.434938	157.077;147.003;127.296	40;2;2
SCFR_NC_072447_2_83114755_83117310_frame_3_fft	2	2	0.333464;0.000783	261.920;251.196	3;1278
