SCFR_NC_060925_1_102854838_102854886_frame_1_fft	1	1	0.333333	30.840	3
SCFR_NC_060925_1_155274401_155274662_frame3_fft	1	1	0.333333	71.461	3
SCFR_NC_060925_1_155273217_155273635_frame1_fft	1	1	0.332536	91.352	3
SCFR_NC_060925_1_160185862_160186862_frame_2_fft	1	1	0.333000	198.986	3
SCFR_NC_060925_1_1971393_1971673_frame_3_fft	1	1	0.332143	73.355	3
SCFR_NC_060925_1_199875079_199875658_frame_3_fft	1	1	0.333333	109.536	3
SCFR_NC_060925_1_200463003_200468249_frame1_fft	17	3	0.333397;0.166794;0.259055	743.681;557.842;531.694	3;6;4
SCFR_NC_060925_1_200463003_200470764_frame1_fft	19	3	0.333333;0.092514;0.166731	1129.156;800.252;781.095	3;11;6
SCFR_NC_060925_1_206601957_206602625_frame1_fft	1	1	0.333832	157.012	3
SCFR_NC_060925_1_224705599_224706413_frame_2_fft	1	1	0.332924	137.850	3
SCFR_NC_060925_1_200463003_200466845_frame1_fft	3	3	0.333420;0.093701;0.260281	511.331;297.297;280.220	3;11;4
SCFR_NC_060925_1_27723933_27724615_frame1_fft	1	1	0.332845	120.994	3
SCFR_NC_060925_1_85305332_85305869_frame_2_fft	1	1	0.333333	110.340	3
SCFR_NC_060926_1_121660905_121661437_frame_1_fft	7	3	0.342105;0.097744;0.122180	140.971;138.069;125.324	3;10;8
SCFR_NC_060926_1_133108283_133108421_frame_3_fft	1	1	0.333333	51.059	3
SCFR_NC_060926_1_151914553_151917641_frame2_fft	1	1	0.333225	512.321	3
SCFR_NC_060926_1_109223843_109226103_frame3_fft	1	1	0.333186	327.566	3
SCFR_NC_060926_1_109223843_109226772_frame3_fft	1	1	0.333220	415.444	3
SCFR_NC_060926_1_230341528_230342279_frame_3_fft	1	1	0.332889	129.143	3
SCFR_NC_060926_1_67412877_67414412_frame1_fft	1	1	0.333550	189.173	3
SCFR_NC_060927_1_102555450_102556224_frame_1_fft	1	1	0.333333	140.601	3
SCFR_NC_060927_1_198541813_198542422_frame_3_fft	6	3	0.333333;0.044335;0.288998	158.725;143.023;138.975	3;23;3
SCFR_NC_060927_1_198719043_198719275_frame1_fft	1	1	0.323276	83.758	3
SCFR_NC_060927_1_25793777_25794712_frame3_fft	1	1	0.333690	139.448	3
SCFR_NC_060927_1_39198486_39202569_frame_1_fft	1	1	0.333333	532.160	3
SCFR_NC_060927_1_42654846_42656987_frame1_fft	1	1	0.333489	323.741	3
SCFR_NC_060928_1_5827890_5828092_frame_2_fft	1	1	0.336634	82.749	3
SCFR_NC_060929_1_138965268_138965425_frame1_fft	1	1	0.337580	56.406	3
SCFR_NC_060929_1_157571529_157571655_frame_1_fft	1	1	0.333333	59.491	3
SCFR_NC_060929_1_177139069_177139315_frame2_fft	1	1	0.337398	91.754	3
SCFR_NC_060929_1_71671842_71674761_frame1_fft	1	1	0.333333	252.988	3
SCFR_NC_060929_1_96463042_96463135_frame_3_fft	1	1	0.333333	46.269	3
SCFR_NC_060930_1_108669369_108669550_frame1_fft	1	1	0.331492	64.404	3
SCFR_NC_060930_1_30529707_30529965_frame_3_fft	1	1	0.333333	72.511	3
SCFR_NC_060930_1_31022339_31022468_frame_1_fft	1	1	0.333333	52.338	3
SCFR_NC_060930_1_30890419_30894729_frame2_fft	24	3	0.333411;0.033411;0.400000	1461.552;757.819;734.272	3;30;3
SCFR_NC_060930_1_41519479_41519842_frame_2_fft	1	1	0.333333	99.552	3
SCFR_NC_060930_1_64718494_64718615_frame2_fft	1	1	0.338843	48.797	3
SCFR_NC_060930_1_71704842_71706413_frame1_fft	1	1	0.333546	181.307	3
SCFR_NC_060931_1_102205259_102205468_frame3_fft	1	1	0.334928	65.526	3
SCFR_NC_060931_1_115233105_115233873_frame_1_fft	1	1	0.333333	126.715	3
SCFR_NC_060931_1_123619827_123620472_frame_1_fft	1	1	0.333333	115.195	3
SCFR_NC_060931_1_102320046_102326953_frame1_fft	41	3	0.333285;0.357319;0.024034	1303.092;929.855;830.414	3;3;42
SCFR_NC_060931_1_21565426_21566243_frame2_fft	1	1	0.332925	159.479	3
SCFR_NC_060931_1_30590358_30590793_frame_1_fft	1	1	0.333333	106.763	3
SCFR_NC_060931_1_44698729_44698828_frame_3_fft	1	1	0.333333	47.854	3
SCFR_NC_060931_1_74193989_74194388_frame_2_fft	1	1	0.333333	114.223	3
SCFR_NC_060931_1_7791087_7791178_frame1_fft	1	1	0.329670	64.587	3
SCFR_NC_060931_1_45243068_45247162_frame_3_fft	4	3	0.333415;0.350024;0.099902	526.566;325.192;324.616	3;3;10
SCFR_NC_060932_1_106446192_106446370_frame1_fft	1	1	0.331461	56.612	3
SCFR_NC_060932_1_145482000_145482481_frame1_fft	1	1	0.384615	132.243	3
SCFR_NC_060932_1_24129518_24129851_frame_3_fft	1	1	0.333333	88.600	3
SCFR_NC_060932_1_28199891_28200527_frame_3_fft	1	1	0.333333	185.695	3
SCFR_NC_060932_1_36042879_36043000_frame1_fft	1	1	0.338843	48.092	3
SCFR_NC_060932_1_86254165_86255290_frame_1_fft	1	1	0.333333	152.197	3
SCFR_NC_060932_1_86302921_86304046_frame_1_fft	1	1	0.333333	152.197	3
SCFR_NC_060932_1_86315111_86316236_frame_3_fft	1	1	0.333333	152.197	3
SCFR_NC_060932_1_86327303_86328428_frame_3_fft	1	1	0.333333	152.197	3
SCFR_NC_060932_1_86351682_86352807_frame_2_fft	1	1	0.333333	152.197	3
SCFR_NC_060932_1_86339493_86340618_frame_2_fft	1	1	0.333333	152.197	3
SCFR_NC_060932_1_86363871_86364996_frame_2_fft	1	1	0.333333	152.446	3
SCFR_NC_060932_1_86108022_86109147_frame_2_fft	1	1	0.333333	150.712	3
SCFR_NC_060932_1_86290732_86291857_frame_1_fft	1	1	0.333333	152.197	3
SCFR_NC_060933_1_107678000_107678222_frame_2_fft	1	1	0.333333	72.182	3
SCFR_NC_060933_1_137947044_137947405_frame1_fft	1	1	0.332410	82.565	3
SCFR_NC_060933_1_139956735_139957128_frame_1_fft	1	1	0.333333	90.400	3
SCFR_NC_060933_1_140385980_140386526_frame_2_fft	1	1	0.333333	218.397	3
SCFR_NC_060933_1_140838969_140839299_frame1_fft	1	1	0.333333	83.136	3
SCFR_NC_060933_1_144412673_144413049_frame3_fft	1	1	0.332447	99.316	3
SCFR_NC_060933_1_145420000_145420325_frame_2_fft	1	1	0.393846	79.797	3
SCFR_NC_060933_1_149250592_149250987_frame_1_fft	1	1	0.334177	91.031	3
SCFR_NC_060933_1_149412834_149413116_frame_1_fft	1	1	0.333333	73.225	3
SCFR_NC_060933_1_33816331_33816542_frame2_fft	1	1	0.331754	65.513	3
SCFR_NC_060933_1_148703573_148706792_frame_2_fft	1	1	0.333333	399.836	3
SCFR_NC_060933_1_6019494_6020754_frame_1_fft	1	1	0.333333	207.679	3
SCFR_NC_060933_1_35110469_35111960_frame_2_fft	1	1	0.333333	171.711	3
SCFR_NC_060934_1_115199037_115200553_frame_3_fft	11	3	0.333773;0.111478;0.166227	536.693;268.556;264.129	3;9;6
SCFR_NC_060934_1_133170917_133171151_frame_2_fft	1	1	0.397436	67.027	3
SCFR_NC_060934_1_134235521_134235715_frame_3_fft	1	1	0.381443	69.685	3
SCFR_NC_060935_1_116851247_116851616_frame_1_fft	1	1	0.333333	87.465	3
SCFR_NC_060935_1_1076927_1088730_frame_3_fft	45	3	0.333305;0.307718;0.285860	2208.471;950.902;800.749	3;3;3
SCFR_NC_060935_1_118490941_118493472_frame2_fft	1	1	0.333465	255.761	3
SCFR_NC_060935_1_125015669_125016244_frame3_fft	2	2	0.333913;0.142609	134.290;127.279	3;7
SCFR_NC_060935_1_117199014_117199069_frame1_fft	1	1	0.327273	35.126	3
SCFR_NC_060935_1_1705604_1706214_frame_3_fft	3	3	0.332787;0.100000;0.065574	184.082;159.903;117.823	3;10;15
SCFR_NC_060935_1_62134345_62134735_frame2_fft	1	1	0.333333	95.267	3
SCFR_NC_060935_1_65575721_65577825_frame3_fft	2	2	0.333175;0.133080	314.512;310.781	3;8
SCFR_NC_060935_1_62517842_62523704_frame_1_fft	19	3	0.333333;0.143296;0.192767	1047.309;677.380;598.379	3;7;5
SCFR_NC_060935_1_68265315_68266509_frame_3_fft	1	1	0.333333	277.417	3
SCFR_NC_060935_1_71362145_71362816_frame_2_fft	1	1	0.333830	147.590	3
SCFR_NC_060935_1_72037040_72037193_frame_1_fft	1	1	0.333333	56.139	3
SCFR_NC_060935_1_83130150_83131144_frame1_fft	1	1	0.332998	193.253	3
SCFR_NC_060935_1_8722191_8722941_frame_3_fft	1	1	0.332000	128.222	3
SCFR_NC_060936_1_10720228_10720454_frame_2_fft	1	1	0.331858	69.105	3
SCFR_NC_060936_1_11222574_11223316_frame_3_fft	3	3	0.332884;0.268194;0.032345	194.108;128.039;125.732	3;4;31
SCFR_NC_060936_1_52563568_52563754_frame_3_fft	1	1	0.333333	59.907	3
SCFR_NC_060936_1_55924121_55924845_frame_1_fft	1	1	0.385359	130.127	3
SCFR_NC_060936_1_56687528_56689479_frame_1_fft	1	1	0.333162	361.067	3
SCFR_NC_060936_1_6561062_6561389_frame_2_fft	1	1	0.333333	89.930	3
SCFR_NC_060936_1_67248963_67249111_frame1_fft	1	1	0.324324	59.634	3
SCFR_NC_060936_1_8914736_8915445_frame3_fft	1	1	0.332863	212.711	3
SCFR_NC_060936_1_8914736_8915493_frame3_fft	1	1	0.332893	217.809	3
SCFR_NC_060936_1_96221006_96221571_frame3_fft	1	1	0.332743	107.422	3
SCFR_NC_060936_1_96221006_96221678_frame3_fft	1	1	0.333333	144.011	3
SCFR_NC_060937_1_113167076_113167625_frame_2_fft	1	1	0.349727	116.237	3
SCFR_NC_060937_1_24380155_24381365_frame_2_fft	2	2	0.333058;0.003306	182.462;156.210	3;303
SCFR_NC_060937_1_25973307_25973856_frame_1_fft	1	1	0.333333	113.101	3
SCFR_NC_060937_1_31753308_31754316_frame_1_fft	1	1	0.333333	175.717	3
SCFR_NC_060937_1_112413153_112414682_frame1_fft	12	3	0.357096;0.166776;0.285808	369.689;344.996;307.605	3;6;4
SCFR_NC_060938_1_29876283_29877834_frame_2_fft	1	1	0.333333	237.955	3
SCFR_NC_060936_1_56684207_56689479_frame_1_fft	4	3	0.333270;0.043437;0.116085	1168.443;612.302;363.923	3;23;9
SCFR_NC_060938_1_86300543_86300630_frame_3_fft	1	1	0.333333	52.864	3
SCFR_NC_060938_1_94969025_94969563_frame3_fft	1	1	0.332714	134.952	3
SCFR_NC_060938_1_98972300_98972772_frame3_fft	4	3	0.385593;0.345339;0.307203	159.604;146.681;143.347	3;3;3
SCFR_NC_060938_1_99296130_99296718_frame_2_fft	1	1	0.333333	156.916	3
SCFR_NC_060939_1_20814199_20814522_frame_1_fft	1	1	0.334365	118.358	3
SCFR_NC_060939_1_21173674_21173816_frame_2_fft	1	1	0.330986	68.114	3
SCFR_NC_060939_1_21172584_21173134_frame_3_fft	2	2	0.332727;0.094545	193.894;123.740	3;11
SCFR_NC_060939_1_21173366_21174978_frame_1_fft	3	3	0.333127;0.382754;0.049628	613.586;325.946;234.680	3;3;20
SCFR_NC_060939_1_73560719_73561577_frame_2_fft	1	1	0.333333	137.206	3
SCFR_NC_060939_1_73519750_73521239_frame2_fft	1	1	0.333109	225.905	3
SCFR_NC_060939_1_82105760_82106610_frame3_fft	6	3	0.332941;0.381176;0.476471	239.635;191.913;163.755	3;3;2
SCFR_NC_060939_1_82105760_82106675_frame3_fft	5	3	0.333333;0.381421;0.476503	339.996;186.611;160.793	3;3;2
SCFR_NC_060939_1_82185461_82186226_frame_2_fft	4	3	0.333333;0.380392;0.475817	277.426;154.866;128.888	3;3;2
SCFR_NC_060939_1_82185474_82186226_frame_2_fft	3	3	0.333777;0.381649;0.476064	255.825;156.814;134.196	3;3;2
SCFR_NC_060939_1_82185396_82186226_frame_2_fft	2	2	0.333735;0.380723	294.733;166.813	3;3
SCFR_NC_060939_1_96471927_96472228_frame1_fft	1	1	0.332226	78.190	3
SCFR_NC_060939_1_99516388_99517400_frame2_fft	8	3	0.329051;0.351779;0.494071	254.524;216.601;168.210	3;3;2
SCFR_NC_060940_1_15607063_15607591_frame_2_fft	1	1	0.337121	150.886	3
SCFR_NC_060940_1_30129817_30129982_frame2_fft	1	1	0.333333	59.833	3
SCFR_NC_060940_1_30268785_30269482_frame1_fft	1	1	0.332855	147.258	3
SCFR_NC_060939_1_99518668_99520544_frame2_fft	17	3	0.328891;0.351812;0.230277	440.873;405.931;313.247	3;3;4
SCFR_NC_060939_1_96892953_96896359_frame1_fft	1	1	0.333235	384.420	3
SCFR_NC_060940_1_94797111_94797414_frame_3_fft	1	1	0.333333	103.690	3
SCFR_NC_060941_1_1613620_1617038_frame2_fft	1	1	0.333236	482.296	3
SCFR_NC_060941_1_4561580_4562948_frame_2_fft	2	2	0.333333;0.002193	306.589;187.097	3;456
SCFR_NC_060941_1_79920748_79920845_frame2_fft	1	1	0.329897	50.065	3
SCFR_NC_060941_1_83657143_83657561_frame2_fft	1	1	0.351675	105.294	3
SCFR_NC_060941_1_83657313_83657521_frame1_fft	1	1	0.350962	96.930	3
SCFR_NC_060941_1_960063_961009_frame_3_fft	1	1	0.394292	158.182	3
SCFR_NC_060941_1_43950722_43953471_frame_1_fft	1	1	0.333212	315.909	3
SCFR_NC_060943_1_13631585_13631702_frame_3_fft	1	1	0.333333	53.458	3
SCFR_NC_060943_1_14607118_14607460_frame_1_fft	1	1	0.333333	82.388	3
SCFR_NC_060943_1_15550755_15550951_frame_1_fft	2	2	0.336735;0.326531	72.388;60.523	3;3
SCFR_NC_060943_1_16883919_16884772_frame1_fft	1	1	0.332943	171.149	3
SCFR_NC_060943_1_17859918_17860666_frame1_fft	1	1	0.332888	135.221	3
SCFR_NC_060943_1_18803810_18804339_frame3_fft	1	1	0.332703	116.261	3
SCFR_NC_060943_1_38056186_38056340_frame_3_fft	1	1	0.331169	67.571	3
SCFR_NC_060943_1_4495236_4497408_frame_2_fft	22	3	0.333333;0.151473;0.202118	671.279;376.508;365.753	3;7;5
SCFR_NC_060943_1_4495208_4497408_frame_2_fft	24	3	0.333182;0.090909;0.424091	583.251;485.571;382.923	3;11;2
SCFR_NC_060943_1_5773642_5774728_frame_1_fft	2	2	0.301105;0.398711	265.428;145.374	3;3
SCFR_NC_060943_1_58064400_58064665_frame1_fft	1	1	0.332075	72.620	3
SCFR_NC_060943_1_5818874_5819767_frame_1_fft	1	1	0.333707	188.047	3
SCFR_NC_060943_1_58360231_58360715_frame_3_fft	1	1	0.332645	263.603	3
SCFR_NC_060943_1_7527208_7527494_frame2_fft	1	1	0.332168	75.694	3
SCFR_NC_060943_1_782893_784177_frame2_fft	10	3	0.333333;0.059969;0.394081	256.253;244.564;225.628	3;17;3
SCFR_NC_060944_1_10716548_10716656_frame_2_fft	1	1	0.333333	46.769	3
SCFR_NC_060944_1_3259378_3259681_frame_3_fft	1	1	0.333333	77.022	3
SCFR_NC_060944_1_35393527_35394029_frame2_fft	1	1	0.332669	98.883	3
SCFR_NC_060944_1_49580154_49580496_frame_1_fft	4	3	0.307018;0.020468;0.040936	92.960;89.423;87.459	3;49;24
SCFR_NC_060944_1_51960407_51961131_frame3_fft	1	1	0.332873	120.087	3
SCFR_NC_060944_1_64766129_64766597_frame3_fft	1	1	0.399573	96.945	3
SCFR_NC_060944_1_65251538_65251757_frame_2_fft	1	1	0.337900	87.896	3
SCFR_NC_060944_1_65385834_65386623_frame_1_fft	1	1	0.333333	131.188	3
SCFR_NC_060944_1_63855504_63856923_frame_1_fft	1	1	0.333333	232.560	3
SCFR_NC_060945_1_43900221_43900419_frame_2_fft	1	1	0.333333	71.754	3
SCFR_NC_060946_1_19247726_19248794_frame_1_fft	8	3	0.333333;0.482210;0.444757	273.747;184.260;181.588	3;2;2
SCFR_NC_060946_1_33266057_33266433_frame3_fft	1	1	0.332447	87.973	3
SCFR_NC_060946_1_17796945_17798571_frame_3_fft	1	1	0.333333	230.651	3
SCFR_NC_060946_1_6418631_6419179_frame_2_fft	1	1	0.315693	153.392	3
SCFR_NC_060946_1_50820389_50821870_frame_2_fft	1	1	0.334234	186.586	3
SCFR_NC_060947_1_138403607_138403668_frame3_fft	1	1	0.344262	34.244	3
SCFR_NC_060947_1_149447694_149448305_frame1_fft	1	1	0.333879	124.495	3
SCFR_NC_060947_1_151671466_151672566_frame_2_fft	3	3	0.332727;0.444545;0.221818	304.509;200.667;193.718	3;2;5
SCFR_NC_060947_1_152704741_152705176_frame2_fft	1	1	0.333333	92.247	3
SCFR_NC_060947_1_17384332_17384620_frame_1_fft	1	1	0.333333	79.275	3
SCFR_NC_060947_1_19849526_19849907_frame_3_fft	1	1	0.333333	86.093	3
SCFR_NC_060947_1_37690843_37691669_frame_3_fft	1	1	0.332930	141.878	3
SCFR_NC_060947_1_71436177_71437144_frame1_fft	1	1	0.332989	210.777	3
SCFR_NC_060947_1_71512893_71513859_frame_2_fft	1	1	0.333333	212.387	3
SCFR_NC_060947_1_76121017_76122176_frame_3_fft	1	1	0.333046	171.438	3
SCFR_NC_060948_1_9653780_9654234_frame3_fft	1	1	0.332599	105.047	3
