codon	PC1	PC2	PC3	PC4	PC5	PC6	PC7	PC8	PC9	PC10	PC11	PC12	PC13	PC14	PC15	PC16	PC17	PC18
TTT	0.0262570946334132	-0.172136450990606	-0.104718969443047	-0.117818645642173	-0.056228582192417	0.158775482570506	0.22644891170256	0.00570732592679102	0.287539284674448	0.0619576936447735	-0.0179484535168629	0.104405014395362	0.0620178571706236	0.0201187714297984	-0.0107624434345357	-0.164381189453081	-0.0028465169504844	-0.232573369788533
TTC	-0.0685406902195179	0.162843684809454	0.182039741665831	-0.0914277904984411	-0.166612085701147	-0.0580924180119769	-0.198154607642694	-0.0376023322544013	-0.154494384043905	-0.0448157811275226	0.0763066018627609	-0.0986318175906238	0.0403515987356801	0.0269209039493407	-0.0108476286171889	0.176769957690645	0.0243409851971455	-0.0390210251234339
TTA	0.154461826557334	-0.0407435756619726	-0.101850242191179	0.178190138742205	-0.158500327096226	-0.046497866206848	0.0697899710578006	-0.262059518703521	0.108727231326223	0.0450114603293664	0.0855065001655699	0.181658286522628	-0.0682156005663974	0.159019014887736	0.0651477611379371	0.0559656282943137	0.0319864483018557	-0.298190208502807
TTG	0.160152655377612	0.00116111261796818	0.00267127391459433	0.240940585684063	0.082549634776016	0.0195308379074061	-0.0970211947465931	0.214209349889812	0.182222201458474	-0.17862712354426	-0.12814421602033	0.0366928856622648	-0.0277472692928697	-0.0305556136040044	-0.0427701850073813	0.0763590083827089	0.0893514785568082	0.0587290002327938
CTT	-0.0373936835451073	0.131729000046544	0.260084702285898	0.0402163816195306	-0.0338644367187012	0.104316832023882	0.0315652031639225	0.0733136100016831	-0.00344325840644535	-0.106816565089434	0.190426255892993	0.125560029206699	-0.265703786850734	0.198027724821202	-0.0226582259491125	0.0787055931366585	0.371050522049786	-0.0809324331889784
CTC	-0.119748659927104	0.143729598704037	-0.0733401074173491	-0.158272398932334	-0.0480798029860588	-0.153955979274682	-0.219811471790751	-0.0418514607038278	0.176140822041754	0.118473388538461	-0.163465033064278	0.0068672248275337	-0.0180939178420539	-0.105736509265137	-0.0159510044582664	-0.0270695896394397	0.0616176809983569	0.267000069699609
CTA	-0.107898556520303	0.0995929330218966	0.223755348278417	0.163629421866003	-0.0373297291175291	0.162673569870635	0.068730588208424	-0.0384346907131404	0.0238258963407362	-0.114502342978119	0.0053114915767039	-0.0210715230715228	0.170785957712268	-0.058541066997379	0.0143202896988628	0.142660314344072	-0.367054722278724	-0.336296860580173
CTG	0.0850316228330184	-0.218039797180931	-0.0959871518189959	-0.0273952509144591	0.0947719826715042	0.0528470477940402	0.176498221773836	0.035036599174444	-0.245889601776784	0.00570730876874979	0.0737767272829601	-0.114618332421909	0.109654959381731	-0.00714058998675638	0.0141545670132256	-0.0899124369261966	-0.141923292886752	0.175851579648299
ATT	-0.0465818317468059	0.0922230326260961	-0.00424095575746999	-0.0916497340617165	-0.0985745135937514	-0.347198886968022	-0.0320914293367019	0.159730471671464	0.0680602764530898	0.198862202288943	-0.129207956338356	0.0812985823143429	0.0727487014585416	-0.161720711163325	0.0228723843255507	0.00674586783323783	0.0427035844364583	-0.0335386538849482
ATC	-0.229358300889841	-0.130331609060902	-0.0317325529667109	0.0441758555888421	0.0570554265159317	0.103368004324369	0.119686603381144	-0.0275727308703047	-0.107476191485018	-0.0732375958512029	-0.0527594789082826	-0.124489203991027	-0.0996289882124475	0.040824012363709	-0.0408229791616871	0.0361464920907041	0.0328342210226816	0.0904596921997816
ATA	0.170986947386288	0.102104488688859	0.122176587923031	-0.171352413416084	0.0945784967493991	0.190264611796848	-0.0594429064304328	0.010689489812806	0.0192131226196134	-0.0546841066297039	0.116465584025298	-0.0340259221915164	0.139370507871758	0.0202040876543268	0.00940565108559971	-0.0302100105577975	-0.0114053517479498	0.12844687084361
ATG	0.190858437324558	0.00318639541132418	0.0746992465836633	-0.0251041424657184	-0.148651166683915	0.028189776068291	0.0049314533727705	0.0809199763769202	-0.000390525610220936	0.00268483066218829	-0.148409574341916	-0.349241210814113	-0.329936730677393	0.149154797755786	0.338341218695513	-0.130595990409168	-0.0840048587567606	0.20462703477578
GTT	-0.0549743406989603	0.110277024042988	-0.012121958735238	0.178051453917286	-0.182318689102949	-0.0152353798912473	0.0900933777845984	0.0308745736975587	0.0762039069092012	0.313612191102296	0.0213016333162199	-0.370353538687798	-0.1781323597219	-0.0303130954722752	0.0176269137225113	-0.156848332023375	-0.0287737120713781	-0.247618342855365
GTC	-0.204023562761761	-0.0894236539778571	-0.0509852853818883	-0.0287233469062558	0.157936527285653	-0.119217384855234	0.00857898424920074	-0.113286686900322	0.0747478382815955	-0.0686961013694069	0.124485270125047	-0.112093174220378	-0.0205998864951768	-0.333286442415423	0.209913295313816	-0.0789790398058694	0.099332320234649	-0.133782642424232
GTA	0.0463809302713529	-0.10404145703576	0.241638616944458	0.0559613958543507	0.188846052586307	0.0893182639649398	-0.186912044136645	0.0272454443362182	0.0969399365640711	0.1044397732345	0.0418403756477494	-0.04496833047984	0.16645142564756	0.149333802229191	-0.0273029173517529	0.0622115566795902	0.0858437801247069	-0.153648629600857
GTG	0.135459271949644	0.104810905252229	-0.142400328213925	-0.0871505449138711	-0.193600371253876	0.0254259485242996	0.103189399809016	0.0514391684838641	-0.157284971699924	-0.144614746797734	-0.131690002714017	0.253596082091536	-0.0462383549225418	0.143171861332518	-0.140619023728333	0.0686255013427972	-0.12826892100113	-0.0625309951378298
TCT	0.0331117121116955	0.105407892709886	-0.130098238148658	-0.258985783542399	0.0855195183677189	0.0961865904083666	-0.21371842442261	-0.0623735247647769	0.119136311551708	-0.0310784310447453	0.175639809735561	0.10031552432331	-0.1384364007683	0.0523287722876833	0.130640325612253	0.0136904862843798	-0.106650628001741	-0.103185779645229
TCC	-0.166311022722067	-0.185112246900853	-0.0269948723270203	-0.12397339660288	-0.0852812141741565	-0.0923390659978115	-0.0200064315087021	0.141070223731033	0.0840309859633104	-0.160524369856359	0.0501916394224068	-0.0471867082510122	-0.0704452480085092	0.0705326554597357	-0.0405946295763855	0.0141402457728661	-0.0850814572688041	-0.109466228729775
TCA	-0.119938139009337	0.165125343316564	0.138077115937866	0.120483753291205	0.0107287679068095	0.161202540133815	0.0857681428689985	0.0110085819652275	-0.2022105756088	0.0726097654625211	0.020785572289546	0.0890336987978404	-0.127969229116599	-0.190765625200177	0.105858288140964	0.184976478118781	-0.00187976350908801	0.0186702557719668
TCG	0.0831566937905107	0.0663934467292562	-0.0791422167668252	-0.108023287457901	0.0520025810532725	0.110403095296948	0.335340505567002	0.0166953898289186	0.336573783082109	-0.0679531378935094	-0.0773692976250095	-0.0454927062658155	0.0772417694774383	0.0563016724443298	0.0356694141685967	0.261073657461848	0.250377731073999	0.105754076191428
AGT	0.223633654564268	0.0111608718075964	0.105209825017037	0.127190780434316	-0.111582081205874	-0.0157532915203123	-0.0362393570932528	-0.184125406105347	0.0329232292321718	0.0926215413836746	-0.014605160192804	0.0180207278994842	0.216239367143299	0.0825030057413912	-0.0756393072119037	-0.124123231396977	0.0607484545430324	0.182500394792284
AGC	0.0899205341286495	0.0497262018588978	-0.156470351537772	0.136890309702172	0.249455925650553	-0.0880075020417422	0.114747150154972	0.0406097769065438	-0.125974368255656	0.124339560329817	-0.237202565818232	-0.119631466184342	0.0650544385420741	-0.0878055081793341	-0.0469230398121445	-0.116876433841962	0.125619758195039	-0.193090616408072
CCT	0.0744234687799385	0.0185035095129518	0.000360712488341009	-0.076641914092709	0.113623295825286	-0.154321586618498	0.364593962346562	-0.183864538260628	0.203772716905945	0.0821809162105836	-0.11231329299676	0.0453151980563484	0.0518451765059741	0.0217190282267289	0.110079673199802	0.30002583136857	-0.327458852250169	0.0820618868490185
CCC	-0.0746697163559462	-0.222130092490418	-0.0270009587954991	-0.0735976199158417	-0.209817619904009	-0.137855496967136	0.0948056229408765	0.0194078054478397	-0.0345724261611064	-0.0717277094835225	0.049025796763495	0.0571902839207169	-0.0822973715668523	0.0604402686985142	-0.0265638846893925	0.054962615590193	-0.0626025755496772	-0.000590626895925805
CCA	-0.211401390096334	0.0877277183261424	0.0514325331246996	0.081384319214162	-0.0779203518496401	0.128184863701244	-0.0850910833678299	-0.0188216673514678	0.137280195849929	0.143303393556651	-0.129060167352142	-0.0957165862815977	0.178777977151058	0.0287657968587631	-0.00739027018950778	0.167068900570157	-0.397278990227203	0.150852513486084
CCG	-0.083204752630874	-0.103523495882727	-0.0956679892143131	-0.00975253123718156	0.321774842872101	0.00962637974447807	-0.0641407023052285	-0.151756605267988	-0.0513081781193168	0.220050656258118	0.0132608538438533	-0.00779962349030593	0.0556178481951921	0.133943121898034	0.084938752419547	-0.0362633260416507	0.114901554149686	-0.0215041764841842
ACT	-0.0825526589704972	0.019646190467966	0.152123060592633	0.140351131508174	0.300433451302519	0.0378818575426033	0.107143957111709	-0.142847354903299	-0.145245390998206	0.0942067323670425	0.00435610106604051	-0.00227499865772239	0.0767649610828472	0.0693536110482332	0.0988780342906065	0.0048954538870551	0.0460633521691426	-0.0450656089300873
ACC	-0.249876891873769	-0.134943457590136	-0.0509522094320088	-0.00726641123790409	0.00422291959802573	0.0685758523751094	0.0176251180722396	0.0441031792509061	0.0271719353964317	-0.0730746394965788	0.055162906882587	-0.0401679569441703	0.030990694648767	0.123742754248858	-0.0108639100010519	0.0152967041306932	0.0041738059593506	0.00496345758582421
ACA	0.174558160902089	0.133155015269854	0.124365204041481	-0.190325476051878	-0.0792081504381297	-0.0859827211372997	-0.0061088239262518	-0.00914575118203455	-0.00908489231549604	0.13806385367852	-0.0800988158535161	-0.00772101639031836	0.0276352940283512	-0.160338451762414	-0.013528650080145	0.0201268730853546	0.0680660496819108	-0.132425497588885
ACG	0.189545724087121	0.013714060860465	-0.175097801154242	0.213955536518219	-0.045742449460756	-0.00499472907247995	-0.07388348079717	0.0155321478423635	0.0436672903587293	-0.130018432985882	0.0250287173238998	0.0763628302322282	-0.128295155986761	-0.00205261775616616	-0.0135371951450194	-0.0558527306124708	-0.128048367886777	-0.01066723009656
GCT	0.119172070687054	-0.112933241198246	0.241801733690657	-0.0191948670168138	-0.123913473847486	0.114957383856077	-0.0422609310907912	-0.00753587277213536	-0.119983878945	0.147732477645555	0.0819743914203487	0.117828263846693	0.0865496886569073	-0.099443853419096	0.074345036636853	-0.148578315201151	-0.0900842490855306	-0.0350697051366022
GCC	-0.157499827986314	0.00283388992578239	-0.143267296541887	-0.149734105804171	0.135009189940233	0.16720399679065	-0.0964281237157019	-0.121236628838797	0.0614271286067251	0.114491524200881	-0.0909123398874601	-0.0510247076336188	-0.216973840140325	0.0172382349750063	-0.170642753283182	0.233042301786915	0.0693852525896481	-0.132062927410189
GCA	-0.105070653508193	0.140049591106143	-0.0369525678776494	-0.058690013128699	-0.0898188836169671	-0.265847602376887	0.182187902684823	-0.0189163821973591	0.0170770369033201	-0.173691187203344	0.0889905466239682	-0.113588903056642	0.1923950146112	0.151136758035224	0.0915439163823216	-0.0643838936100316	0.0913763063119762	-0.18878694496774
GCG	0.118784462436422	-0.000214515108409775	-0.154300130924456	0.258576495577823	0.137841186443489	-0.0421384090537159	-0.0441275106652412	0.164618317774628	0.0885288648407606	-0.139186863015907	-0.123619706152187	0.0148783085308125	-0.112815652988122	-0.048363168196582	-0.0288050231446132	0.0378481294705977	-0.049634152050129	-0.102858306816465
TAT	0.0157958459550592	-0.250958656033087	0.0955388464208207	-0.0603379077369691	-0.158776129111392	-0.0400943276532373	0.0262593185887358	-0.122839530599807	-0.0195399382401527	-0.0875782117618736	-0.0569032218042085	-0.0370981111026213	-0.180272963921721	-0.0476635197818292	-0.0703084557520935	0.0952286930353145	-0.031104121994886	-0.109201669944411
TAC	0.0222531087684121	0.22654945563121	-0.0701348071019469	0.0576715101211462	-0.0112909088822205	0.244168577753859	-0.106356729653762	0.10592773350931	0.081132968403994	0.0425721387886036	-0.0984755376947737	-0.105409854318961	0.0578949380238482	0.0326756145890202	-0.0636690215324171	-0.0140774772213837	0.0217200988048831	-0.158801433378173
CAT	0.00993724638384609	-0.246310863612263	0.111061741713381	0.00689857589743272	-0.168460825871956	0.080876206441425	0.0124676142596178	0.00629681782725567	-0.0387594810959395	0.140626878042685	0.0527557658636265	0.00530593205614689	0.133583367865985	0.0593459929732406	0.00133750390107583	0.130234341637455	0.236434285374322	0.057463514857374
CAC	-0.0790625068594948	0.22818205330562	-0.0151098719445944	-0.183623464584922	0.125186411195047	-0.0491296311434093	0.0863344316768215	-0.135709527863954	-0.0196659347491621	-0.017607904970535	0.0220108551164284	-0.0175612305621923	-0.0442687548754641	-0.0152917235947513	0.0355333489711624	-0.122511294786386	-0.138562829301457	-0.0907278626162856
CAA	-0.0567081983687896	0.10168195674697	0.271319784865487	0.0278883283180573	0.0757689226049487	-0.230855996797608	0.0233104142816611	0.0727692709534517	0.03068320418252	0.0312180308385	-0.00435665958962439	0.121865069899094	0.0945871171696306	0.0799982892645254	-0.0422243555959946	0.0289039279462791	-0.00142638640208534	0.0515543200929855
CAG	-0.0141770813384519	-0.0915821678063663	-0.169555812797463	-0.195364480671682	-0.0979262686388847	0.238220554931135	0.0717319091661557	-0.191808640740354	-0.0811617820864016	0.0769992266444041	0.071163920535297	-0.125391871125772	-0.0135173855292618	-0.0371146723493674	0.0743622591757069	-0.0301761277964458	0.075433546507403	-0.0223680542506301
AAT	0.0809690675232836	-0.0156567719951321	0.251559568285061	-0.0779712323071115	0.0540547460330468	0.075214443882477	0.142685866875087	0.0171549936327182	0.295492470450831	-0.143487295411423	-0.164006890549934	-0.140493423144346	-0.0677366176461315	-0.000232344611646351	0.151567233032425	0.0672972252109523	0.123917501893946	0.104865386243951
AAC	-0.187454033798909	0.0986563962372528	-0.0597938405222812	-0.0870223666577015	-0.113810353733169	0.000546335788868315	-0.155845672274687	0.143089061706898	-0.0332680013908288	0.110768785341193	-0.00767316249600861	0.165274195157875	-0.0525053320209879	0.0861698159265901	0.432074917440335	0.274051465620357	0.0308562122294008	-0.0644487390299208
AAA	-0.0750701296837611	0.0224698218582272	0.12129473875347	0.0175155957978317	-0.133982790226396	0.266377862442521	0.227560285796102	0.181898410920144	0.0290743371819102	0.127006768896609	-0.0149439769639844	0.160883373306223	-0.109983477601488	-0.225479382430387	-0.205274436358733	-0.10096562004145	0.0106198430177944	-0.0751471492440264
AAG	0.196079226432586	-0.0276673940360643	-0.0852265065156848	0.0906575195011751	-0.105555324093186	-0.0121867108876426	-0.112772347321825	-0.012286841007557	-0.174454592029542	-0.133312140337894	-0.00271427775180661	-0.297686518669391	0.246384075872883	0.164722373508649	0.18442866336241	0.213804132286883	-0.0129943538894061	-0.164393816911579
GAT	0.04921100220647	0.168584920914863	-0.0887618708806973	-0.0108920372131982	-0.235191206663315	0.0961526122939215	0.164119956666206	-0.148865860877628	-0.128115959221936	0.214056065671313	-0.055104180060193	0.0326199479819777	0.00646487630199599	0.00791278253917558	0.00218282359119065	-0.0160399501466751	0.0694343214974785	0.141910441633138
GAC	-0.0630833708675989	-0.144937169416642	0.206783822139999	-0.105712676532889	0.127372063395903	-0.127569183391255	0.127561500851341	0.1092570620506	-0.0847978064374024	-0.187338125865115	0.0997037598832267	-0.058522683253353	-0.00666748684582979	-0.115518250913247	0.0211908127637009	0.0102210444146503	-0.0433424540583437	-0.0140540562138883
GAA	-0.116590544899752	0.104421975899797	-0.00717484236735439	-0.0308673575172972	-0.134948859409229	-0.0647102893234186	-0.00362374717858671	-0.192292526093161	-0.164605867228718	-0.338312445077269	-0.291038644688293	0.00715145143314237	0.11895469755655	-0.204474502070116	-0.122477247070091	-0.038420828218095	0.148505632597434	-0.0242189643241293
GAG	0.193010263401443	-0.125999341953203	0.0318215905685212	0.00447075047316354	0.0886278772585564	-0.0239262714244311	0.125446002095043	0.201729641308776	-0.0548817303061403	0.167118888070299	0.106913322662813	0.207715032929793	0.00554421545879765	-0.169010944079725	0.131201930248592	0.174715522457437	-0.0427411660188176	0.0363665876469715
TGT	0.00156673112035725	-0.188822775723928	0.0922592055442987	-0.13908035865623	-0.115215441716079	0.101706412531704	-0.110264147707537	-0.220760662781336	0.106103565881949	-0.0715040844413658	-0.205956819654444	-0.0761445665252798	0.184201920295362	0.0361061611977509	-0.178567411618466	0.0506441808695691	0.064141892919191	-0.0325719040262185
TGC	-0.095359601625239	0.190124929410302	0.0295402410664111	0.0213694981358937	-0.124738472013964	-0.120868779461117	0.188359516484471	0.158964763855345	0.135145043841029	0.0690337473558447	0.137100517013334	-0.0789310016527319	0.220852994061202	0.155130263318398	0.000421319241267093	-0.16876520917214	0.143589305394971	-0.0639637712932616
TGG	0.174899957744022	0.0236737341650015	0.0395754159481581	-0.0251501909350658	0.0210499434179189	-0.220039902214327	0.0828535598197775	0.071086718264764	-0.0921352452456593	0.0698892448825077	0.212370887461327	-0.313575865948724	-0.201923075062853	0.016690882824548	-0.282883329517962	0.294979410173547	-0.0279038225143868	0.00374442494132244
CGT	-0.0532256324869296	-0.202128793712703	-0.0432447258532081	-0.0951563029359927	-0.130281815998585	-0.0324515808705195	0.0441333823918312	0.280344421652565	-0.0982572798584603	0.172819968508324	-0.105352402420359	-0.103906203314364	0.127354133952345	-0.149749012915886	-0.0187007595743448	0.137767607876719	0.0669491972799156	-0.0875243417628001
CGC	-0.203408358866979	0.118489717125293	0.0179230364833313	0.134616077118602	0.0489947656831946	-0.0209498570889788	0.194170352518865	-0.0656919532727656	-0.151340720702626	-0.0803892293430717	-0.0797931746607503	0.12494908954737	-0.0356978641102537	0.149108440191822	-0.0769630940409452	0.0113741034015483	0.0202794241402416	0.120312961243031
CGA	-0.181765431702383	0.115058544535746	0.0397960560335434	0.170610912739958	-0.0936442929099026	0.139994816754314	0.145921903991479	-0.017556705977187	0.0327368657699101	-0.088990850733306	0.118497697394799	-0.177625116062781	-0.0672307576362364	-0.0189188093641791	0.0360478198110217	-0.0915095365067274	-0.0283960495980335	0.204904782915804
CGG	0.120928402786741	0.141712673972098	-0.104830977954996	-0.23526337960615	0.0181355632301443	0.0321301479164701	0.0874785035098755	0.089555617146543	-0.043841864550936	-0.138168333692818	0.241076278397853	0.051319355813414	0.0923739733053666	-0.0292067237523981	0.108204637463703	-0.147349807263823	-0.048995788926902	0.0147412755135671
AGA	0.0826351712680464	-0.0406655676605969	0.162300358154574	0.0599355808676352	-0.0142717285528407	-0.210687491342629	0.0481289140270012	-0.385755313864444	-0.000864711818223744	0.103709182299729	0.0496930504221834	0.102872254151028	-0.19832070627312	0.0941417446518176	0.020661252036233	-0.0343977604202977	-0.00553201918817286	-0.0240541097121258
AGG	0.167262787684669	0.115984634141521	0.114842570336954	-0.184277437118608	0.0580565790053365	0.160500380495178	0.025068201677868	-0.0116377571436235	-0.0235637639573917	-0.168170651989864	0.0632017039542864	-0.0750994018382519	0.0422789626986207	-0.176241575770813	0.0360931354761503	-0.0582682463839216	-0.0402369773418288	-0.09759545963088
GGT	0.0398899226294023	-0.0183321585332232	-0.0984732648305022	0.267246072877046	-0.147366760314133	0.018908602870643	-0.0106810215922925	-0.207245077767209	0.0476919474782974	-0.129010258210936	0.0850869638465917	0.024936958221361	0.0759311394987139	-0.422733951868547	0.307024361999573	0.165875430017119	0.19343989434715	0.0494670703187325
GGC	-0.0353007768411845	-0.133839071800062	0.186192315335552	-0.0507774137135967	-0.00157242432338189	0.0139317975391041	0.0292104996215801	0.0965466879636527	-0.109386010752627	-0.0460831701675	-0.453399730200243	0.116811594664719	-0.0873004115887363	0.176916706123498	0.350884156497149	-0.22854205671832	-0.018728759665492	-0.123907007175064
GGA	0.153297741636671	0.0843339553663026	0.201497535065045	-0.152225658366271	0.105324563275025	-0.031647418828343	-0.00576133411768284	-0.11431244676417	-0.0520624019989399	0.00287818665794102	-0.191679344903867	-0.108012773762324	-0.175125321081998	-0.159118113997091	-0.099122823192928	0.0124534369380885	-0.0054772251450802	-0.123535574970493
GGG	0.089340620368274	0.133858929744404	-0.15314428013002	-0.113382840365337	0.0928181764751529	0.0938285133527366	0.140358521267993	0.0681648119378868	-0.326668776313722	0.0143880563186498	-0.160028600506377	0.00132267977054393	0.052165608923404	0.129617536371173	0.0369227877959254	0.19028499490653	0.130801129195672	-0.0433264851550222
